,date,region,new_confirmed,1_day_shift,7_day_avg,2_day_shift,7_day_shift
0,2020-01-22,East North Central,0.0,,,,
9,2020-01-23,East North Central,0.0,0.0,,,
18,2020-01-24,East North Central,1.0,0.0,,0.0,
27,2020-01-25,East North Central,0.0,1.0,,0.0,
36,2020-01-26,East North Central,0.0,0.0,,1.0,
45,2020-01-27,East North Central,0.0,0.0,,0.0,
54,2020-01-28,East North Central,0.0,0.0,0.14285714285714285,0.0,
63,2020-01-29,East North Central,0.0,0.0,0.14285714285714285,0.0,0.0
72,2020-01-30,East North Central,1.0,0.0,0.2857142857142857,0.0,0.0
81,2020-01-31,East North Central,0.0,1.0,0.14285714285714285,0.0,1.0
90,2020-02-01,East North Central,0.0,0.0,0.14285714285714285,1.0,0.0
99,2020-02-02,East North Central,0.0,0.0,0.14285714285714285,0.0,0.0
108,2020-02-03,East North Central,0.0,0.0,0.14285714285714285,0.0,0.0
117,2020-02-04,East North Central,0.0,0.0,0.14285714285714285,0.0,0.0
126,2020-02-05,East North Central,0.0,0.0,0.14285714285714285,0.0,0.0
135,2020-02-06,East North Central,0.0,0.0,0.0,0.0,1.0
144,2020-02-07,East North Central,0.0,0.0,0.0,0.0,0.0
153,2020-02-08,East North Central,0.0,0.0,0.0,0.0,0.0
162,2020-02-09,East North Central,0.0,0.0,0.0,0.0,0.0
171,2020-02-10,East North Central,0.0,0.0,0.0,0.0,0.0
180,2020-02-11,East North Central,0.0,0.0,0.0,0.0,0.0
189,2020-02-12,East North Central,0.0,0.0,0.0,0.0,0.0
198,2020-02-13,East North Central,0.0,0.0,0.0,0.0,0.0
207,2020-02-14,East North Central,0.0,0.0,0.0,0.0,0.0
216,2020-02-15,East North Central,0.0,0.0,0.0,0.0,0.0
225,2020-02-16,East North Central,0.0,0.0,0.0,0.0,0.0
234,2020-02-17,East North Central,0.0,0.0,0.0,0.0,0.0
243,2020-02-18,East North Central,0.0,0.0,0.0,0.0,0.0
252,2020-02-19,East North Central,0.0,0.0,0.0,0.0,0.0
261,2020-02-20,East North Central,0.0,0.0,0.0,0.0,0.0
270,2020-02-21,East North Central,0.0,0.0,0.0,0.0,0.0
279,2020-02-22,East North Central,0.0,0.0,0.0,0.0,0.0
288,2020-02-23,East North Central,0.0,0.0,0.0,0.0,0.0
297,2020-02-24,East North Central,0.0,0.0,0.0,0.0,0.0
306,2020-02-25,East North Central,0.0,0.0,0.0,0.0,0.0
315,2020-02-26,East North Central,0.0,0.0,0.0,0.0,0.0
324,2020-02-27,East North Central,0.0,0.0,0.0,0.0,0.0
333,2020-02-28,East North Central,0.0,0.0,0.0,0.0,0.0
342,2020-02-29,East North Central,1.0,0.0,0.14285714285714285,0.0,0.0
351,2020-03-01,East North Central,0.0,1.0,0.14285714285714285,0.0,0.0
360,2020-03-02,East North Central,14.0,0.0,2.142857142857143,1.0,0.0
369,2020-03-03,East North Central,23.0,14.0,5.428571428571429,0.0,0.0
378,2020-03-04,East North Central,25.0,23.0,9.0,14.0,0.0
387,2020-03-05,East North Central,27.0,25.0,12.857142857142858,23.0,0.0
396,2020-03-06,East North Central,41.0,27.0,18.714285714285715,25.0,0.0
405,2020-03-07,East North Central,49.0,41.0,25.571428571428573,27.0,1.0
414,2020-03-08,East North Central,64.0,49.0,34.714285714285715,41.0,0.0
423,2020-03-09,East North Central,125.0,64.0,50.57142857142857,49.0,14.0
432,2020-03-10,East North Central,173.0,125.0,72.0,64.0,23.0
441,2020-03-11,East North Central,205.0,173.0,97.71428571428571,125.0,25.0
450,2020-03-12,East North Central,285.0,205.0,134.57142857142858,173.0,27.0
459,2020-03-13,East North Central,393.0,285.0,184.85714285714286,205.0,41.0
468,2020-03-14,East North Central,384.0,393.0,232.71428571428572,285.0,49.0
477,2020-03-15,East North Central,519.0,384.0,297.7142857142857,393.0,64.0
486,2020-03-16,East North Central,774.0,519.0,390.42857142857144,384.0,125.0
495,2020-03-17,East North Central,880.0,774.0,491.42857142857144,519.0,173.0
504,2020-03-18,East North Central,1069.0,880.0,614.8571428571429,774.0,205.0
513,2020-03-19,East North Central,980.0,1069.0,714.1428571428571,880.0,285.0
522,2020-03-20,East North Central,1240.0,980.0,835.1428571428571,1069.0,393.0
531,2020-03-21,East North Central,1177.0,1240.0,948.4285714285714,980.0,384.0
540,2020-03-22,East North Central,1384.0,1177.0,1072.0,1240.0,519.0
549,2020-03-23,East North Central,1654.0,1384.0,1197.7142857142858,1177.0,774.0
558,2020-03-24,East North Central,1642.0,1654.0,1306.5714285714287,1384.0,880.0
567,2020-03-25,East North Central,1904.0,1642.0,1425.857142857143,1654.0,1069.0
576,2020-03-26,East North Central,2283.0,1904.0,1612.0,1642.0,980.0
585,2020-03-27,East North Central,2581.0,2283.0,1803.5714285714287,1904.0,1240.0
594,2020-03-28,East North Central,2216.0,2581.0,1952.0,2283.0,1177.0
603,2020-03-29,East North Central,2695.0,2216.0,2139.285714285714,2581.0,1384.0
612,2020-03-30,East North Central,2738.0,2695.0,2294.1428571428573,2216.0,1654.0
621,2020-03-31,East North Central,3030.0,2738.0,2492.4285714285716,2695.0,1642.0
630,2020-04-01,East North Central,3568.0,3030.0,2730.1428571428573,2738.0,1904.0
639,2020-04-02,East North Central,2893.0,3568.0,2817.285714285714,3030.0,2283.0
648,2020-04-03,East North Central,3443.0,2893.0,2940.4285714285716,3568.0,2581.0
657,2020-04-04,East North Central,3611.0,3443.0,3139.714285714286,2893.0,2216.0
666,2020-04-05,East North Central,2705.0,3611.0,3141.1428571428573,3443.0,2695.0
675,2020-04-06,East North Central,3496.0,2705.0,3249.4285714285716,3611.0,2738.0
684,2020-04-07,East North Central,3559.0,3496.0,3325.0,2705.0,3030.0
693,2020-04-08,East North Central,3646.0,3559.0,3336.1428571428573,3496.0,3568.0
702,2020-04-09,East North Central,3312.0,3646.0,3396.0,3559.0,2893.0
711,2020-04-10,East North Central,3685.0,3312.0,3430.5714285714284,3646.0,3443.0
720,2020-04-11,East North Central,3158.0,3685.0,3365.8571428571427,3312.0,3611.0
729,2020-04-12,East North Central,3347.0,3158.0,3457.5714285714284,3685.0,2705.0
738,2020-04-13,East North Central,3004.0,3347.0,3387.285714285714,3158.0,3496.0
747,2020-04-14,East North Central,2895.0,3004.0,3292.4285714285716,3347.0,3559.0
756,2020-04-15,East North Central,3412.0,2895.0,3259.0,3004.0,3646.0
765,2020-04-16,East North Central,3455.0,3412.0,3279.4285714285716,2895.0,3312.0
774,2020-04-17,East North Central,4215.0,3455.0,3355.1428571428573,3412.0,3685.0
783,2020-04-18,East North Central,4070.0,4215.0,3485.4285714285716,3455.0,3158.0
792,2020-04-19,East North Central,3837.0,4070.0,3555.4285714285716,4215.0,3347.0
801,2020-04-20,East North Central,4058.0,3837.0,3706.0,4070.0,3004.0
810,2020-04-21,East North Central,4019.0,4058.0,3866.5714285714284,3837.0,2895.0
819,2020-04-22,East North Central,4155.0,4019.0,3972.714285714286,4058.0,3412.0
828,2020-04-23,East North Central,4238.0,4155.0,4084.5714285714284,4019.0,3455.0
837,2020-04-24,East North Central,5229.0,4238.0,4229.428571428572,4155.0,4215.0
846,2020-04-25,East North Central,4136.0,5229.0,4238.857142857143,4238.0,4070.0
855,2020-04-26,East North Central,3893.0,4136.0,4246.857142857143,5229.0,3837.0
864,2020-04-27,East North Central,4409.0,3893.0,4297.0,4136.0,4058.0
873,2020-04-28,East North Central,4349.0,4409.0,4344.142857142857,3893.0,4019.0
882,2020-04-29,East North Central,4600.0,4349.0,4407.714285714285,4409.0,4155.0
891,2020-04-30,East North Central,5349.0,4600.0,4566.428571428572,4349.0,4238.0
900,2020-05-01,East North Central,5881.0,5349.0,4659.571428571428,4600.0,5229.0
909,2020-05-02,East North Central,4509.0,5881.0,4712.857142857143,5349.0,4136.0
918,2020-05-03,East North Central,4875.0,4509.0,4853.142857142857,5881.0,3893.0
927,2020-05-04,East North Central,4566.0,4875.0,4875.571428571428,4509.0,4409.0
936,2020-05-05,East North Central,4189.0,4566.0,4852.714285714285,4875.0,4349.0
945,2020-05-06,East North Central,4714.0,4189.0,4869.0,4566.0,4600.0
954,2020-05-07,East North Central,4788.0,4714.0,4788.857142857143,4189.0,5349.0
963,2020-05-08,East North Central,5442.0,4788.0,4726.142857142857,4714.0,5881.0
972,2020-05-09,East North Central,4347.0,5442.0,4703.0,4788.0,4509.0
981,2020-05-10,East North Central,3027.0,4347.0,4439.0,5442.0,4875.0
990,2020-05-11,East North Central,3660.0,3027.0,4309.571428571428,4347.0,4566.0
999,2020-05-12,East North Central,6835.0,3660.0,4687.571428571428,3027.0,4189.0
1008,2020-05-13,East North Central,3629.0,6835.0,4532.571428571428,3660.0,4714.0
1017,2020-05-14,East North Central,5453.0,3629.0,4627.571428571428,6835.0,4788.0
1026,2020-05-15,East North Central,4757.0,5453.0,4529.714285714285,3629.0,5442.0
1035,2020-05-16,East North Central,4103.0,4757.0,4494.857142857143,5453.0,4347.0
1044,2020-05-17,East North Central,3315.0,4103.0,4536.0,4757.0,3027.0
1053,2020-05-18,East North Central,4021.0,3315.0,4587.571428571428,4103.0,3660.0
1062,2020-05-19,East North Central,3507.0,4021.0,4112.142857142857,3315.0,6835.0
1071,2020-05-20,East North Central,4593.0,3507.0,4249.857142857143,4021.0,3629.0
1080,2020-05-21,East North Central,4643.0,4593.0,4134.142857142857,3507.0,5453.0
1089,2020-05-22,East North Central,4871.0,4643.0,4150.428571428572,4593.0,4757.0
1098,2020-05-23,East North Central,4179.0,4871.0,4161.285714285715,4643.0,4103.0
1107,2020-05-24,East North Central,4060.0,4179.0,4267.714285714285,4871.0,3315.0
1116,2020-05-25,East North Central,3111.0,4060.0,4137.714285714285,4179.0,4021.0
1125,2020-05-26,East North Central,2809.0,3111.0,4038.0,4060.0,3507.0
1134,2020-05-27,East North Central,2935.0,2809.0,3801.1428571428573,3111.0,4593.0
1143,2020-05-28,East North Central,3534.0,2935.0,3642.714285714286,2809.0,4643.0
1152,2020-05-29,East North Central,3848.0,3534.0,3496.5714285714284,2935.0,4871.0
1161,2020-05-30,East North Central,3327.0,3848.0,3374.8571428571427,3534.0,4179.0
1170,2020-05-31,East North Central,2614.0,3327.0,3168.285714285714,3848.0,4060.0
1179,2020-06-01,East North Central,2118.0,2614.0,3026.4285714285716,3327.0,3111.0
1188,2020-06-02,East North Central,3096.0,2118.0,3067.4285714285716,2614.0,2809.0
1197,2020-06-03,East North Central,2684.0,3096.0,3031.5714285714284,2118.0,2935.0
1206,2020-06-04,East North Central,2569.0,2684.0,2893.714285714286,3096.0,3534.0
1215,2020-06-05,East North Central,2725.0,2569.0,2733.285714285714,2684.0,3848.0
1224,2020-06-06,East North Central,2178.0,2725.0,2569.1428571428573,2569.0,3327.0
1233,2020-06-07,East North Central,1962.0,2178.0,2476.0,2725.0,2614.0
1242,2020-06-08,East North Central,2326.0,1962.0,2505.714285714286,2178.0,2118.0
1251,2020-06-09,East North Central,1895.0,2326.0,2334.1428571428573,1962.0,3096.0
1260,2020-06-10,East North Central,1693.0,1895.0,2192.5714285714284,2326.0,2684.0
1269,2020-06-11,East North Central,2244.0,1693.0,2146.1428571428573,1895.0,2569.0
1278,2020-06-12,East North Central,2127.0,2244.0,2060.714285714286,1693.0,2725.0
1287,2020-06-13,East North Central,1952.0,2127.0,2028.4285714285713,2244.0,2178.0
1296,2020-06-14,East North Central,1807.0,1952.0,2006.2857142857142,2127.0,1962.0
1305,2020-06-15,East North Central,1659.0,1807.0,1911.0,1952.0,2326.0
1314,2020-06-16,East North Central,1895.0,1659.0,1911.0,1807.0,1895.0
1323,2020-06-17,East North Central,1698.0,1895.0,1911.7142857142858,1659.0,1693.0
1332,2020-06-18,East North Central,2480.0,1698.0,1945.4285714285713,1895.0,2244.0
1341,2020-06-19,East North Central,2370.0,2480.0,1980.142857142857,1698.0,2127.0
1350,2020-06-20,East North Central,2341.0,2370.0,2035.7142857142858,2480.0,1952.0
1359,2020-06-21,East North Central,2021.0,2341.0,2066.285714285714,2370.0,1807.0
1368,2020-06-22,East North Central,1910.0,2021.0,2102.1428571428573,2341.0,1659.0
1377,2020-06-23,East North Central,1966.0,1910.0,2112.285714285714,2021.0,1895.0
1386,2020-06-24,East North Central,2440.0,1966.0,2218.285714285714,1910.0,1698.0
1395,2020-06-25,East North Central,3199.0,2440.0,2321.0,1966.0,2480.0
1404,2020-06-26,East North Central,3285.0,3199.0,2451.714285714286,2440.0,2370.0
1413,2020-06-27,East North Central,2947.0,3285.0,2538.285714285714,3199.0,2341.0
1422,2020-06-28,East North Central,2602.0,2947.0,2621.285714285714,3285.0,2021.0
1431,2020-06-29,East North Central,2376.0,2602.0,2687.8571428571427,2947.0,1910.0
1440,2020-06-30,East North Central,2967.0,2376.0,2830.8571428571427,2602.0,1966.0
1449,2020-07-01,East North Central,3186.0,2967.0,2937.4285714285716,2376.0,2440.0
1458,2020-07-02,East North Central,3778.0,3186.0,3020.1428571428573,2967.0,3199.0
1467,2020-07-03,East North Central,3675.0,3778.0,3075.8571428571427,3186.0,3285.0
1476,2020-07-04,East North Central,3487.0,3675.0,3153.0,3778.0,2947.0
1485,2020-07-05,East North Central,3076.0,3487.0,3220.714285714286,3675.0,2602.0
1494,2020-07-06,East North Central,2560.0,3076.0,3247.0,3487.0,2376.0
1503,2020-07-07,East North Central,2996.0,2560.0,3251.1428571428573,3076.0,2967.0
1512,2020-07-08,East North Central,3990.0,2996.0,3366.0,2560.0,3186.0
1521,2020-07-09,East North Central,3992.0,3990.0,3396.5714285714284,2996.0,3778.0
1530,2020-07-10,East North Central,5088.0,3992.0,3598.4285714285716,3990.0,3675.0
1539,2020-07-11,East North Central,4998.0,5088.0,3814.285714285714,3992.0,3487.0
1548,2020-07-12,East North Central,4068.0,4998.0,3956.0,5088.0,3076.0
1557,2020-07-13,East North Central,3496.0,4068.0,4089.714285714286,4998.0,2560.0
1566,2020-07-14,East North Central,4130.0,3496.0,4251.714285714285,4068.0,2996.0
1575,2020-07-15,East North Central,5085.0,4130.0,4408.142857142857,3496.0,3990.0
1584,2020-07-16,East North Central,5125.0,5085.0,4570.0,4130.0,3992.0
1593,2020-07-17,East North Central,5522.0,5125.0,4632.0,5085.0,5088.0
1602,2020-07-18,East North Central,5435.0,5522.0,4694.428571428572,5125.0,4998.0
1611,2020-07-19,East North Central,4371.0,5435.0,4737.714285714285,5522.0,4068.0
1620,2020-07-20,East North Central,4298.0,4371.0,4852.285714285715,5435.0,3496.0
1629,2020-07-21,East North Central,4537.0,4298.0,4910.428571428572,4371.0,4130.0
1638,2020-07-22,East North Central,5300.0,4537.0,4941.142857142857,4298.0,5085.0
1647,2020-07-23,East North Central,5784.0,5300.0,5035.285714285715,4537.0,5125.0
1656,2020-07-24,East North Central,5854.0,5784.0,5082.714285714285,5300.0,5522.0
1665,2020-07-25,East North Central,4774.0,5854.0,4988.285714285715,5784.0,5435.0
1674,2020-07-26,East North Central,5836.0,4774.0,5197.571428571428,5854.0,4371.0
1683,2020-07-27,East North Central,3983.0,5836.0,5152.571428571428,4774.0,4298.0
1692,2020-07-28,East North Central,4735.0,3983.0,5180.857142857143,5836.0,4537.0
1701,2020-07-29,East North Central,5350.0,4735.0,5188.0,3983.0,5300.0
1710,2020-07-30,East North Central,6357.0,5350.0,5269.857142857143,4735.0,5784.0
1719,2020-07-31,East North Central,6062.0,6357.0,5299.571428571428,5350.0,5854.0
1728,2020-08-01,East North Central,5417.0,6062.0,5391.428571428572,6357.0,4774.0
1737,2020-08-02,East North Central,4507.0,5417.0,5201.571428571428,6062.0,5836.0
1746,2020-08-03,East North Central,3830.0,4507.0,5179.714285714285,5417.0,3983.0
1755,2020-08-04,East North Central,5007.0,3830.0,5218.571428571428,4507.0,4735.0
1764,2020-08-05,East North Central,5335.0,5007.0,5216.428571428572,3830.0,5350.0
1773,2020-08-06,East North Central,5797.0,5335.0,5136.428571428572,5007.0,6357.0
1782,2020-08-07,East North Central,6403.0,5797.0,5185.142857142857,5335.0,6062.0
1791,2020-08-08,East North Central,6423.0,6403.0,5328.857142857143,5797.0,5417.0
1800,2020-08-09,East North Central,4459.0,6423.0,5322.0,6403.0,4507.0
1809,2020-08-10,East North Central,3967.0,4459.0,5341.571428571428,6423.0,3830.0
1818,2020-08-11,East North Central,5188.0,3967.0,5367.428571428572,4459.0,5007.0
1827,2020-08-12,East North Central,4734.0,5188.0,5281.571428571428,3967.0,5335.0
1836,2020-08-13,East North Central,6190.0,4734.0,5337.714285714285,5188.0,5797.0
1845,2020-08-14,East North Central,6421.0,6190.0,5340.285714285715,4734.0,6403.0
1854,2020-08-15,East North Central,5913.0,6421.0,5267.428571428572,6190.0,6423.0
1863,2020-08-16,East North Central,4090.0,5913.0,5214.714285714285,6421.0,4459.0
1872,2020-08-17,East North Central,4098.0,4090.0,5233.428571428572,5913.0,3967.0
1881,2020-08-18,East North Central,4805.0,4098.0,5178.714285714285,4090.0,5188.0
1890,2020-08-19,East North Central,5140.0,4805.0,5236.714285714285,4098.0,4734.0
1899,2020-08-20,East North Central,5191.0,5140.0,5094.0,4805.0,6190.0
1908,2020-08-21,East North Central,5224.0,5191.0,4923.0,5140.0,6421.0
1917,2020-08-22,East North Central,6876.0,5224.0,5060.571428571428,5191.0,5913.0
1926,2020-08-23,East North Central,4388.0,6876.0,5103.142857142857,5224.0,4090.0
1935,2020-08-24,East North Central,5413.0,4388.0,5291.0,6876.0,4098.0
1944,2020-08-25,East North Central,4991.0,5413.0,5317.571428571428,4388.0,4805.0
1953,2020-08-26,East North Central,5813.0,4991.0,5413.714285714285,5413.0,5140.0
1962,2020-08-27,East North Central,5871.0,5813.0,5510.857142857143,4991.0,5191.0
1971,2020-08-28,East North Central,6196.0,5871.0,5649.714285714285,5813.0,5224.0
1980,2020-08-29,East North Central,5079.0,6196.0,5393.0,5871.0,6876.0
1989,2020-08-30,East North Central,5753.0,5079.0,5588.0,6196.0,4388.0
1998,2020-08-31,East North Central,4213.0,5753.0,5416.571428571428,5079.0,5413.0
2007,2020-09-01,East North Central,5471.0,4213.0,5485.142857142857,5753.0,4991.0
2016,2020-09-02,East North Central,5370.0,5471.0,5421.857142857143,4213.0,5813.0
2025,2020-09-03,East North Central,5323.0,5370.0,5343.571428571428,5471.0,5871.0
2034,2020-09-04,East North Central,10551.0,5323.0,5965.714285714285,5370.0,6196.0
2043,2020-09-05,East North Central,7119.0,10551.0,6257.142857142857,5323.0,5079.0
2052,2020-09-06,East North Central,3909.0,7119.0,5993.714285714285,10551.0,5753.0
2061,2020-09-07,East North Central,4536.0,3909.0,6039.857142857143,7119.0,4213.0
2070,2020-09-08,East North Central,3682.0,4536.0,5784.285714285715,3909.0,5471.0
2079,2020-09-09,East North Central,4889.0,3682.0,5715.571428571428,4536.0,5370.0
2088,2020-09-10,East North Central,6407.0,4889.0,5870.428571428572,3682.0,5323.0
2097,2020-09-11,East North Central,7662.0,6407.0,5457.714285714285,4889.0,10551.0
2106,2020-09-12,East North Central,6656.0,7662.0,5391.571428571428,6407.0,7119.0
2115,2020-09-13,East North Central,5166.0,6656.0,5571.142857142857,7662.0,3909.0
2124,2020-09-14,East North Central,5235.0,5166.0,5671.0,6656.0,4536.0
2133,2020-09-15,East North Central,5279.0,5235.0,5899.142857142857,5166.0,3682.0
2142,2020-09-16,East North Central,5829.0,5279.0,6033.428571428572,5235.0,4889.0
2151,2020-09-17,East North Central,7074.0,5829.0,6128.714285714285,5279.0,6407.0
2160,2020-09-18,East North Central,7629.0,7074.0,6124.0,5829.0,7662.0
2169,2020-09-19,East North Central,7546.0,7629.0,6251.142857142857,7074.0,6656.0
2178,2020-09-20,East North Central,4645.0,7546.0,6176.714285714285,7629.0,5166.0
2187,2020-09-21,East North Central,5726.0,4645.0,6246.857142857143,7546.0,5235.0
2196,2020-09-22,East North Central,5249.0,5726.0,6242.571428571428,4645.0,5279.0
2205,2020-09-23,East North Central,6259.0,5249.0,6304.0,5726.0,5829.0
2214,2020-09-24,East North Central,7703.0,6259.0,6393.857142857143,5249.0,7074.0
2223,2020-09-25,East North Central,8795.0,7703.0,6560.428571428572,6259.0,7629.0
2232,2020-09-26,East North Central,8596.0,8795.0,6710.428571428572,7703.0,7546.0
2241,2020-09-27,East North Central,5552.0,8596.0,6840.0,8795.0,4645.0
2250,2020-09-28,East North Central,6642.0,5552.0,6970.857142857143,8596.0,5726.0
2259,2020-09-29,East North Central,6776.0,6642.0,7189.0,5552.0,5249.0
2268,2020-09-30,East North Central,7959.0,6776.0,7431.857142857143,6642.0,6259.0
2277,2020-10-01,East North Central,8648.0,7959.0,7566.857142857143,6776.0,7703.0
2286,2020-10-02,East North Central,9224.0,8648.0,7628.142857142857,7959.0,8795.0
2295,2020-10-03,East North Central,9347.0,9224.0,7735.428571428572,8648.0,8596.0
2304,2020-10-04,East North Central,5407.0,9347.0,7714.714285714285,9224.0,5552.0
2313,2020-10-05,East North Central,6922.0,5407.0,7754.714285714285,9347.0,6642.0
2322,2020-10-06,East North Central,7149.0,6922.0,7808.0,5407.0,6776.0
2331,2020-10-07,East North Central,9012.0,7149.0,7958.428571428572,6922.0,7959.0
2340,2020-10-08,East North Central,10723.0,9012.0,8254.857142857143,7149.0,8648.0
2349,2020-10-09,East North Central,11260.0,10723.0,8545.714285714286,9012.0,9224.0
2358,2020-10-10,East North Central,10798.0,11260.0,8753.0,10723.0,9347.0
2367,2020-10-11,East North Central,8301.0,10798.0,9166.42857142857,11260.0,5407.0
2376,2020-10-12,East North Central,9694.0,8301.0,9562.42857142857,10798.0,6922.0
2385,2020-10-13,East North Central,10741.0,9694.0,10075.57142857143,8301.0,7149.0
2394,2020-10-14,East North Central,10982.0,10741.0,10357.0,9694.0,9012.0
2403,2020-10-15,East North Central,14634.0,10982.0,10915.714285714286,10741.0,10723.0
2412,2020-10-16,East North Central,15845.0,14634.0,11570.714285714286,10982.0,11260.0
2421,2020-10-17,East North Central,8345.0,15845.0,11220.285714285714,14634.0,10798.0
2430,2020-10-18,East North Central,7412.0,8345.0,11093.285714285714,15845.0,8301.0
2439,2020-10-19,East North Central,19453.0,7412.0,12487.42857142857,8345.0,9694.0
2448,2020-10-20,East North Central,13784.0,19453.0,12922.142857142857,7412.0,10741.0
2457,2020-10-21,East North Central,14681.0,13784.0,13450.57142857143,19453.0,10982.0
2466,2020-10-22,East North Central,16053.0,14681.0,13653.285714285714,13784.0,14634.0
2475,2020-10-23,East North Central,16674.0,16053.0,13771.714285714286,14681.0,15845.0
2484,2020-10-24,East North Central,19923.0,16674.0,15425.714285714286,16053.0,8345.0
2493,2020-10-25,East North Central,12302.0,19923.0,16124.285714285714,16674.0,7412.0
2502,2020-10-26,East North Central,15887.0,12302.0,15614.857142857143,19923.0,19453.0
2511,2020-10-27,East North Central,16668.0,15887.0,16026.857142857143,12302.0,13784.0
2520,2020-10-28,East North Central,18985.0,16668.0,16641.714285714286,15887.0,14681.0
2529,2020-10-29,East North Central,22826.0,18985.0,17609.285714285714,16668.0,16053.0
2538,2020-10-30,East North Central,24199.0,22826.0,18684.285714285714,18985.0,16674.0
2547,2020-10-31,East North Central,24105.0,24199.0,19281.714285714286,22826.0,19923.0
2556,2020-11-01,East North Central,16586.0,24105.0,19893.714285714286,24199.0,12302.0
2565,2020-11-02,East North Central,22633.0,16586.0,20857.428571428572,24105.0,15887.0
2574,2020-11-03,East North Central,23167.0,22633.0,21785.85714285714,16586.0,16668.0
2583,2020-11-04,East North Central,25959.0,23167.0,22782.14285714286,22633.0,18985.0
2592,2020-11-05,East North Central,31695.0,25959.0,24049.14285714286,23167.0,22826.0
2601,2020-11-06,East North Central,32102.0,31695.0,25178.14285714286,25959.0,24199.0
2610,2020-11-07,East North Central,36901.0,32102.0,27006.14285714286,31695.0,24105.0
2619,2020-11-08,East North Central,23609.0,36901.0,28009.428571428572,32102.0,16586.0
2628,2020-11-09,East North Central,33189.0,23609.0,29517.428571428572,36901.0,22633.0
2637,2020-11-10,East North Central,38336.0,33189.0,31684.428571428572,23609.0,23167.0
2646,2020-11-11,East North Central,37724.0,38336.0,33365.142857142855,33189.0,25959.0
2655,2020-11-12,East North Central,41928.0,37724.0,34827.0,38336.0,31695.0
2664,2020-11-13,East North Central,46716.0,41928.0,36914.71428571428,37724.0,32102.0
2673,2020-11-14,East North Central,40076.0,46716.0,37368.28571428572,41928.0,36901.0
2682,2020-11-15,East North Central,31514.0,40076.0,38497.57142857143,46716.0,23609.0
2691,2020-11-16,East North Central,41847.0,31514.0,39734.42857142857,40076.0,33189.0
2700,2020-11-17,East North Central,40622.0,41847.0,40061.0,31514.0,38336.0
2709,2020-11-18,East North Central,36050.0,40622.0,39821.857142857145,41847.0,37724.0
2718,2020-11-19,East North Central,45111.0,36050.0,40276.57142857143,40622.0,41928.0
2727,2020-11-20,East North Central,45845.0,45111.0,40152.142857142855,36050.0,46716.0
2736,2020-11-21,East North Central,41495.0,45845.0,40354.857142857145,45111.0,40076.0
2745,2020-11-22,East North Central,28338.0,41495.0,39901.142857142855,45845.0,31514.0
2754,2020-11-23,East North Central,41161.0,28338.0,39803.142857142855,41495.0,41847.0
2763,2020-11-24,East North Central,37228.0,41161.0,39318.28571428572,28338.0,40622.0
2772,2020-11-25,East North Central,38880.0,37228.0,39722.57142857143,41161.0,36050.0
2781,2020-11-26,East North Central,24061.0,38880.0,36715.42857142857,37228.0,45111.0
2790,2020-11-27,East North Central,49072.0,24061.0,37176.42857142857,38880.0,45845.0
2799,2020-11-28,East North Central,33063.0,49072.0,35971.857142857145,24061.0,41495.0
2808,2020-11-29,East North Central,23266.0,33063.0,35247.28571428572,49072.0,28338.0
2817,2020-11-30,East North Central,31952.0,23266.0,33931.71428571428,33063.0,41161.0
2826,2020-12-01,East North Central,38114.0,31952.0,34058.28571428572,23266.0,37228.0
2835,2020-12-02,East North Central,36187.0,38114.0,33673.57142857143,31952.0,38880.0
2844,2020-12-03,East North Central,41901.0,36187.0,36222.142857142855,38114.0,24061.0
2853,2020-12-04,East North Central,43637.0,41901.0,35445.71428571428,36187.0,49072.0
2862,2020-12-05,East North Central,40065.0,43637.0,36446.0,41901.0,33063.0
2871,2020-12-06,East North Central,24937.0,40065.0,36684.71428571428,43637.0,23266.0
2880,2020-12-07,East North Central,35771.0,24937.0,37230.28571428572,40065.0,31952.0
2889,2020-12-08,East North Central,50312.0,35771.0,38972.857142857145,24937.0,38114.0
2898,2020-12-09,East North Central,33617.0,50312.0,38605.71428571428,35771.0,36187.0
2907,2020-12-10,East North Central,40368.0,33617.0,38386.71428571428,50312.0,41901.0
2916,2020-12-11,East North Central,37083.0,40368.0,37450.42857142857,33617.0,43637.0
2925,2020-12-12,East North Central,36827.0,37083.0,36987.857142857145,40368.0,40065.0
2934,2020-12-13,East North Central,25345.0,36827.0,37046.142857142855,37083.0,24937.0
2943,2020-12-14,East North Central,30006.0,25345.0,36222.57142857143,36827.0,35771.0
2952,2020-12-15,East North Central,29801.0,30006.0,33292.42857142857,25345.0,50312.0
2961,2020-12-16,East North Central,26206.0,29801.0,32233.714285714286,30006.0,33617.0
2970,2020-12-17,East North Central,35402.0,26206.0,31524.285714285714,29801.0,40368.0
2979,2020-12-18,East North Central,31450.0,35402.0,30719.571428571428,26206.0,37083.0
2988,2020-12-19,East North Central,29357.0,31450.0,29652.428571428572,35402.0,36827.0
2997,2020-12-20,East North Central,22908.0,29357.0,29304.285714285714,31450.0,25345.0
3006,2020-12-21,East North Central,21800.0,22908.0,28132.0,29357.0,30006.0
3015,2020-12-22,East North Central,24115.0,21800.0,27319.714285714286,22908.0,29801.0
3024,2020-12-23,East North Central,26097.0,24115.0,27304.14285714286,21800.0,26206.0
3033,2020-12-24,East North Central,25324.0,26097.0,25864.428571428572,24115.0,35402.0
3042,2020-12-25,East North Central,12827.0,25324.0,23204.0,26097.0,31450.0
3051,2020-12-26,East North Central,26706.0,12827.0,22825.285714285714,25324.0,29357.0
3060,2020-12-27,East North Central,14002.0,26706.0,21553.0,12827.0,22908.0
3069,2020-12-28,East North Central,16544.0,14002.0,20802.14285714286,26706.0,21800.0
3078,2020-12-29,East North Central,24028.0,16544.0,20789.714285714286,14002.0,24115.0
3087,2020-12-30,East North Central,28239.0,24028.0,21095.714285714286,16544.0,26097.0
3096,2020-12-31,East North Central,28321.0,28239.0,21523.85714285714,24028.0,25324.0
3105,2021-01-01,East North Central,15574.0,28321.0,21916.285714285714,28239.0,12827.0
3114,2021-01-02,East North Central,35001.0,15574.0,23101.285714285714,28321.0,26706.0
3123,2021-01-03,East North Central,16851.0,35001.0,23508.285714285714,15574.0,14002.0
3132,2021-01-04,East North Central,21734.0,16851.0,24249.714285714286,35001.0,16544.0
3141,2021-01-05,East North Central,24864.0,21734.0,24369.14285714286,16851.0,24028.0
3150,2021-01-06,East North Central,30494.0,24864.0,24691.285714285714,21734.0,28239.0
3159,2021-01-07,East North Central,35036.0,30494.0,25650.571428571428,24864.0,28321.0
3168,2021-01-08,East North Central,32925.0,35036.0,28129.285714285714,30494.0,15574.0
3177,2021-01-09,East North Central,27471.0,32925.0,27053.571428571428,35036.0,35001.0
3186,2021-01-10,East North Central,18018.0,27471.0,27220.285714285714,32925.0,16851.0
3195,2021-01-11,East North Central,23164.0,18018.0,27424.571428571428,27471.0,21734.0
3204,2021-01-12,East North Central,23537.0,23164.0,27235.0,18018.0,24864.0
3213,2021-01-13,East North Central,22104.0,23537.0,26036.428571428572,23164.0,30494.0
3222,2021-01-14,East North Central,25116.0,22104.0,24619.285714285714,23537.0,35036.0
3231,2021-01-15,East North Central,24164.0,25116.0,23367.714285714286,22104.0,32925.0
3240,2021-01-16,East North Central,20917.0,24164.0,22431.428571428572,25116.0,27471.0
3249,2021-01-17,East North Central,14462.0,20917.0,21923.428571428572,24164.0,18018.0
3258,2021-01-18,East North Central,14707.0,14462.0,20715.285714285714,20917.0,23164.0
3267,2021-01-19,East North Central,16287.0,14707.0,19679.571428571428,14462.0,23537.0
3276,2021-01-20,East North Central,18349.0,16287.0,19143.14285714286,14707.0,22104.0
3285,2021-01-21,East North Central,20956.0,18349.0,18548.85714285714,16287.0,25116.0
3294,2021-01-22,East North Central,19650.0,20956.0,17904.0,18349.0,24164.0
3303,2021-01-23,East North Central,17942.0,19650.0,17479.0,20956.0,20917.0
3312,2021-01-24,East North Central,11667.0,17942.0,17079.714285714286,19650.0,14462.0
3321,2021-01-25,East North Central,13914.0,11667.0,16966.428571428572,17942.0,14707.0
3330,2021-01-26,East North Central,13286.0,13914.0,16537.714285714286,11667.0,16287.0
3339,2021-01-27,East North Central,14971.0,13286.0,16055.142857142857,13914.0,18349.0
3348,2021-01-28,East North Central,16677.0,14971.0,15443.857142857143,13286.0,20956.0
3357,2021-01-29,East North Central,15603.0,16677.0,14865.714285714286,14971.0,19650.0
3366,2021-01-30,East North Central,12994.0,15603.0,14158.857142857143,16677.0,17942.0
3375,2021-01-31,East North Central,8305.0,12994.0,13678.57142857143,15603.0,11667.0
3384,2021-02-01,East North Central,10661.0,8305.0,13213.857142857143,12994.0,13914.0
3393,2021-02-02,East North Central,10202.0,10661.0,12773.285714285714,8305.0,13286.0
3402,2021-02-03,East North Central,11989.0,10202.0,12347.285714285714,10661.0,14971.0
3411,2021-02-04,East North Central,13411.0,11989.0,11880.714285714286,10202.0,16677.0
3420,2021-02-05,East North Central,12005.0,13411.0,11366.714285714286,11989.0,15603.0
3429,2021-02-06,East North Central,11727.0,12005.0,11185.714285714286,13411.0,12994.0
3438,2021-02-07,East North Central,6688.0,11727.0,10954.714285714286,12005.0,8305.0
3447,2021-02-08,East North Central,7443.0,6688.0,10495.0,11727.0,10661.0
3456,2021-02-09,East North Central,8202.0,7443.0,10209.285714285714,6688.0,10202.0
3465,2021-02-10,East North Central,9775.0,8202.0,9893.0,7443.0,11989.0
3474,2021-02-11,East North Central,10280.0,9775.0,9445.714285714286,8202.0,13411.0
3483,2021-02-12,East North Central,9959.0,10280.0,9153.42857142857,9775.0,12005.0
3492,2021-02-13,East North Central,7933.0,9959.0,8611.42857142857,10280.0,11727.0
3501,2021-02-14,East North Central,5220.0,7933.0,8401.714285714286,9959.0,6688.0
3510,2021-02-15,East North Central,5990.0,5220.0,8194.142857142857,7933.0,7443.0
3519,2021-02-16,East North Central,6155.0,5990.0,7901.714285714285,5220.0,8202.0
3528,2021-02-17,East North Central,6545.0,6155.0,7440.285714285715,5990.0,9775.0
3537,2021-02-18,East North Central,7072.0,6545.0,6982.0,6155.0,10280.0
3546,2021-02-19,East North Central,7952.0,7072.0,6695.285714285715,6545.0,9959.0
3555,2021-02-20,East North Central,7586.0,7952.0,6645.714285714285,7072.0,7933.0
3564,2021-02-21,East North Central,4378.0,7586.0,6525.428571428572,7952.0,5220.0
3573,2021-02-22,East North Central,5805.0,4378.0,6499.0,7586.0,5990.0
3582,2021-02-23,East North Central,7610.0,5805.0,6706.857142857143,4378.0,6155.0
3591,2021-02-24,East North Central,7269.0,7610.0,6810.285714285715,5805.0,6545.0
3600,2021-02-25,East North Central,7940.0,7269.0,6934.285714285715,7610.0,7072.0
3609,2021-02-26,East North Central,7411.0,7940.0,6857.0,7269.0,7952.0
3618,2021-02-27,East North Central,6718.0,7411.0,6733.0,7940.0,7586.0
3627,2021-02-28,East North Central,3729.0,6718.0,6640.285714285715,7411.0,4378.0
3636,2021-03-01,East North Central,5306.0,3729.0,6569.0,6718.0,5805.0
3645,2021-03-02,East North Central,6099.0,5306.0,6353.142857142857,3729.0,7610.0
3654,2021-03-03,East North Central,7372.0,6099.0,6367.857142857143,5306.0,7269.0
3663,2021-03-04,East North Central,7232.0,7372.0,6266.714285714285,6099.0,7940.0
3672,2021-03-05,East North Central,6543.0,7232.0,6142.714285714285,7372.0,7411.0
3681,2021-03-06,East North Central,7608.0,6543.0,6269.857142857143,7232.0,6718.0
3690,2021-03-07,East North Central,2926.0,7608.0,6155.142857142857,6543.0,3729.0
3699,2021-03-08,East North Central,5456.0,2926.0,6176.571428571428,7608.0,5306.0
3708,2021-03-09,East North Central,6377.0,5456.0,6216.285714285715,2926.0,6099.0
3717,2021-03-10,East North Central,7752.0,6377.0,6270.571428571428,5456.0,7372.0
3726,2021-03-11,East North Central,7190.0,7752.0,6264.571428571428,6377.0,7232.0
3735,2021-03-12,East North Central,7997.0,7190.0,6472.285714285715,7752.0,6543.0
3744,2021-03-13,East North Central,6449.0,7997.0,6306.714285714285,7190.0,7608.0
3753,2021-03-14,East North Central,3642.0,6449.0,6409.0,7997.0,2926.0
3762,2021-03-15,East North Central,6590.0,3642.0,6571.0,6449.0,5456.0
3771,2021-03-16,East North Central,7874.0,6590.0,6784.857142857143,3642.0,6377.0
3780,2021-03-17,East North Central,8397.0,7874.0,6877.0,6590.0,7752.0
3789,2021-03-18,East North Central,9208.0,8397.0,7165.285714285715,7874.0,7190.0
3798,2021-03-19,East North Central,9734.0,9208.0,7413.428571428572,8397.0,7997.0
3807,2021-03-20,East North Central,8097.0,9734.0,7648.857142857143,9208.0,6449.0
3816,2021-03-21,East North Central,3648.0,8097.0,7649.714285714285,9734.0,3642.0
3825,2021-03-22,East North Central,9375.0,3648.0,8047.571428571428,8097.0,6590.0
3834,2021-03-23,East North Central,8686.0,9375.0,8163.571428571428,3648.0,7874.0
3843,2021-03-24,East North Central,12065.0,8686.0,8687.57142857143,9375.0,8397.0
3852,2021-03-25,East North Central,11329.0,12065.0,8990.57142857143,8686.0,9208.0
3861,2021-03-26,East North Central,13755.0,11329.0,9565.0,12065.0,9734.0
3870,2021-03-27,East North Central,10900.0,13755.0,9965.42857142857,11329.0,8097.0
3879,2021-03-28,East North Central,4725.0,10900.0,10119.285714285714,13755.0,3648.0
3888,2021-03-29,East North Central,13782.0,4725.0,10748.857142857143,10900.0,9375.0
3897,2021-03-30,East North Central,12664.0,13782.0,11317.142857142857,4725.0,8686.0
3906,2021-03-31,East North Central,13405.0,12664.0,11508.57142857143,13782.0,12065.0
3915,2021-04-01,East North Central,15430.0,13405.0,12094.42857142857,12664.0,11329.0
3924,2021-04-02,East North Central,12893.0,15430.0,11971.285714285714,13405.0,13755.0
3933,2021-04-03,East North Central,16044.0,12893.0,12706.142857142857,15430.0,10900.0
3942,2021-04-04,East North Central,4017.0,16044.0,12605.0,12893.0,4725.0
3951,2021-04-05,East North Central,17533.0,4017.0,13140.857142857143,16044.0,13782.0
3960,2021-04-06,East North Central,12622.0,17533.0,13134.857142857143,4017.0,12664.0
3969,2021-04-07,East North Central,17268.0,12622.0,13686.714285714286,17533.0,13405.0
3978,2021-04-08,East North Central,17852.0,17268.0,14032.714285714286,12622.0,15430.0
3987,2021-04-09,East North Central,17163.0,17852.0,14642.714285714286,17268.0,12893.0
3996,2021-04-10,East North Central,15094.0,17163.0,14507.0,17852.0,16044.0
4005,2021-04-11,East North Central,6609.0,15094.0,14877.285714285714,17163.0,4017.0
4014,2021-04-12,East North Central,16805.0,6609.0,14773.285714285714,15094.0,17533.0
4023,2021-04-13,East North Central,17670.0,16805.0,15494.42857142857,6609.0,12622.0
4032,2021-04-14,East North Central,17240.0,17670.0,15490.42857142857,16805.0,17268.0
4041,2021-04-15,East North Central,15668.0,17240.0,15178.42857142857,17670.0,17852.0
4050,2021-04-16,East North Central,17793.0,15668.0,15268.42857142857,17240.0,17163.0
4059,2021-04-17,East North Central,14304.0,17793.0,15155.57142857143,15668.0,15094.0
4068,2021-04-18,East North Central,5234.0,14304.0,14959.142857142857,17793.0,6609.0
4077,2021-04-19,East North Central,14130.0,5234.0,14577.0,14304.0,16805.0
4086,2021-04-20,East North Central,12536.0,14130.0,13843.57142857143,5234.0,17670.0
4095,2021-04-21,East North Central,12452.0,12536.0,13159.57142857143,14130.0,17240.0
4104,2021-04-22,East North Central,12578.0,12452.0,12718.142857142857,12536.0,15668.0
4113,2021-04-23,East North Central,12833.0,12578.0,12009.57142857143,12452.0,17793.0
4122,2021-04-24,East North Central,11166.0,12833.0,11561.285714285714,12578.0,14304.0
4131,2021-04-25,East North Central,4135.0,11166.0,11404.285714285714,12833.0,5234.0
4140,2021-04-26,East North Central,11857.0,4135.0,11079.57142857143,11166.0,14130.0
4149,2021-04-27,East North Central,10515.0,11857.0,10790.857142857143,4135.0,12536.0
4158,2021-04-28,East North Central,11390.0,10515.0,10639.142857142857,11857.0,12452.0
4167,2021-04-29,East North Central,11729.0,11390.0,10517.857142857143,10515.0,12578.0
4176,2021-04-30,East North Central,10861.0,11729.0,10236.142857142857,11390.0,12833.0
4185,2021-05-01,East North Central,10120.0,10861.0,10086.714285714286,11729.0,11166.0
4194,2021-05-02,East North Central,4310.0,10120.0,10111.714285714286,10861.0,4135.0
4203,2021-05-03,East North Central,9942.0,4310.0,9838.142857142857,10120.0,11857.0
4212,2021-05-04,East North Central,8189.0,9942.0,9505.857142857143,4310.0,10515.0
4221,2021-05-05,East North Central,8869.0,8189.0,9145.714285714286,9942.0,11390.0
4230,2021-05-06,East North Central,9584.0,8869.0,8839.285714285714,8189.0,11729.0
4239,2021-05-07,East North Central,9936.0,9584.0,8707.142857142857,8869.0,10861.0
4248,2021-05-08,East North Central,7183.0,9936.0,8287.57142857143,9584.0,10120.0
4257,2021-05-09,East North Central,3703.0,7183.0,8200.857142857143,9936.0,4310.0
4266,2021-05-10,East North Central,6055.0,3703.0,7645.571428571428,7183.0,9942.0
4275,2021-05-11,East North Central,6846.0,6055.0,7453.714285714285,3703.0,8189.0
4284,2021-05-12,East North Central,7499.0,6846.0,7258.0,6055.0,8869.0
4293,2021-05-13,East North Central,7053.0,7499.0,6896.428571428572,6846.0,9584.0
4302,2021-05-14,East North Central,6404.0,7053.0,6391.857142857143,7499.0,9936.0
4311,2021-05-15,East North Central,5616.0,6404.0,6168.0,7053.0,7183.0
4320,2021-05-16,East North Central,2563.0,5616.0,6005.142857142857,6404.0,3703.0
4329,2021-05-17,East North Central,5245.0,2563.0,5889.428571428572,5616.0,6055.0
4338,2021-05-18,East North Central,5041.0,5245.0,5631.571428571428,2563.0,6846.0
4347,2021-05-19,East North Central,5805.0,5041.0,5389.571428571428,5245.0,7499.0
4356,2021-05-20,East North Central,5867.0,5805.0,5220.142857142857,5041.0,7053.0
4365,2021-05-21,East North Central,5020.0,5867.0,5022.428571428572,5805.0,6404.0
4374,2021-05-22,East North Central,4188.0,5020.0,4818.428571428572,5867.0,5616.0
4383,2021-05-23,East North Central,2321.0,4188.0,4783.857142857143,5020.0,2563.0
4392,2021-05-24,East North Central,3531.0,2321.0,4539.0,4188.0,5245.0
4401,2021-05-25,East North Central,3439.0,3531.0,4310.142857142857,2321.0,5041.0
4410,2021-05-26,East North Central,4232.0,3439.0,4085.4285714285716,3531.0,5805.0
4419,2021-05-27,East North Central,3639.0,4232.0,3767.1428571428573,3439.0,5867.0
4428,2021-05-28,East North Central,3210.0,3639.0,3508.5714285714284,4232.0,5020.0
4437,2021-05-29,East North Central,2322.0,3210.0,3242.0,3639.0,4188.0
4446,2021-05-30,East North Central,1339.0,2322.0,3101.714285714286,3210.0,2321.0
4455,2021-05-31,East North Central,935.0,1339.0,2730.8571428571427,2322.0,3531.0
4464,2021-06-01,East North Central,2608.0,935.0,2612.1428571428573,1339.0,3439.0
4473,2021-06-02,East North Central,1840.0,2608.0,2270.4285714285716,935.0,4232.0
4482,2021-06-03,East North Central,3143.0,1840.0,2199.5714285714284,2608.0,3639.0
4491,2021-06-04,East North Central,2469.0,3143.0,2093.714285714286,1840.0,3210.0
4500,2021-06-05,East North Central,1720.0,2469.0,2007.7142857142858,3143.0,2322.0
4509,2021-06-06,East North Central,615.0,1720.0,1904.2857142857142,2469.0,1339.0
4518,2021-06-07,East North Central,1794.0,615.0,2027.0,1720.0,935.0
4527,2021-06-08,East North Central,1735.0,1794.0,1902.2857142857142,615.0,2608.0
4536,2021-06-09,East North Central,1573.0,1735.0,1864.142857142857,1794.0,1840.0
4545,2021-06-10,East North Central,1766.0,1573.0,1667.4285714285713,1735.0,3143.0
4554,2021-06-11,East North Central,1588.0,1766.0,1541.5714285714287,1573.0,2469.0
4563,2021-06-12,East North Central,1285.0,1588.0,1479.4285714285713,1766.0,1720.0
4572,2021-06-13,East North Central,537.0,1285.0,1468.2857142857142,1588.0,615.0
4581,2021-06-14,East North Central,1550.0,537.0,1433.4285714285713,1285.0,1794.0
4590,2021-06-15,East North Central,1167.0,1550.0,1352.2857142857142,537.0,1735.0
4599,2021-06-16,East North Central,1359.0,1167.0,1321.7142857142858,1550.0,1573.0
4608,2021-06-17,East North Central,1038.0,1359.0,1217.7142857142858,1167.0,1766.0
4617,2021-06-18,East North Central,1042.0,1038.0,1139.7142857142858,1359.0,1588.0
4626,2021-06-19,East North Central,748.0,1042.0,1063.0,1038.0,1285.0
4635,2021-06-20,East North Central,166.0,748.0,1010.0,1042.0,537.0
4644,2021-06-21,East North Central,1628.0,166.0,1021.1428571428571,748.0,1550.0
4653,2021-06-22,East North Central,1107.0,1628.0,1012.5714285714286,166.0,1167.0
4662,2021-06-23,East North Central,1267.0,1107.0,999.4285714285714,1628.0,1359.0
4671,2021-06-24,East North Central,1160.0,1267.0,1016.8571428571429,1107.0,1038.0
4680,2021-06-25,East North Central,1059.0,1160.0,1019.2857142857143,1267.0,1042.0
4689,2021-06-26,East North Central,254.0,1059.0,948.7142857142857,1160.0,748.0
4698,2021-06-27,East North Central,154.0,254.0,947.0,1059.0,166.0
4707,2021-06-28,East North Central,1954.0,154.0,993.5714285714286,254.0,1628.0
4716,2021-06-29,East North Central,1181.0,1954.0,1004.1428571428571,154.0,1107.0
4725,2021-06-30,East North Central,1414.0,1181.0,1025.142857142857,1954.0,1267.0
4734,2021-07-01,East North Central,1738.0,1414.0,1107.7142857142858,1181.0,1160.0
4743,2021-07-02,East North Central,1169.0,1738.0,1123.4285714285713,1414.0,1059.0
4752,2021-07-03,East North Central,201.0,1169.0,1115.857142857143,1738.0,254.0
4761,2021-07-04,East North Central,0.0,201.0,1093.857142857143,1169.0,154.0
4770,2021-07-05,East North Central,360.0,0.0,866.1428571428571,201.0,1954.0
4779,2021-07-06,East North Central,2855.0,360.0,1105.2857142857142,0.0,1181.0
4788,2021-07-07,East North Central,1510.0,2855.0,1119.0,360.0,1414.0
4797,2021-07-08,East North Central,1762.0,1510.0,1122.4285714285713,2855.0,1738.0
4806,2021-07-09,East North Central,2326.0,1762.0,1287.7142857142858,1510.0,1169.0
4815,2021-07-10,East North Central,308.0,2326.0,1303.0,1762.0,201.0
4824,2021-07-11,East North Central,232.0,308.0,1336.142857142857,2326.0,0.0
4833,2021-07-12,East North Central,2882.0,232.0,1696.4285714285713,308.0,360.0
4842,2021-07-13,East North Central,2397.0,2882.0,1631.0,232.0,2855.0
4851,2021-07-14,East North Central,2229.0,2397.0,1733.7142857142858,2882.0,1510.0
4860,2021-07-15,East North Central,2196.0,2229.0,1795.7142857142858,2397.0,1762.0
4869,2021-07-16,East North Central,2803.0,2196.0,1863.857142857143,2229.0,2326.0
4878,2021-07-17,East North Central,487.0,2803.0,1889.4285714285713,2196.0,308.0
4887,2021-07-18,East North Central,301.0,487.0,1899.2857142857142,2803.0,232.0
4896,2021-07-19,East North Central,5064.0,301.0,2211.0,487.0,2882.0
4905,2021-07-20,East North Central,3722.0,5064.0,2400.285714285714,301.0,2397.0
4914,2021-07-21,East North Central,3216.0,3722.0,2541.285714285714,5064.0,2229.0
4923,2021-07-22,East North Central,4051.0,3216.0,2806.285714285714,3722.0,2196.0
4932,2021-07-23,East North Central,5047.0,4051.0,3126.8571428571427,3216.0,2803.0
4941,2021-07-24,East North Central,690.0,5047.0,3155.8571428571427,4051.0,487.0
4950,2021-07-25,East North Central,500.0,690.0,3184.285714285714,5047.0,301.0
4959,2021-07-26,East North Central,7536.0,500.0,3537.4285714285716,690.0,5064.0
4968,2021-07-27,East North Central,7079.0,7536.0,4017.0,500.0,3722.0
4977,2021-07-28,East North Central,5734.0,7079.0,4376.714285714285,7536.0,3216.0
4986,2021-07-29,East North Central,5234.0,5734.0,4545.714285714285,7079.0,4051.0
4995,2021-07-30,East North Central,8489.0,5234.0,5037.428571428572,5734.0,5047.0
5004,2021-07-31,East North Central,1483.0,8489.0,5150.714285714285,5234.0,690.0
5013,2021-08-01,East North Central,880.0,1483.0,5205.0,8489.0,500.0
5022,2021-08-02,East North Central,11261.0,880.0,5737.142857142857,1483.0,7536.0
5031,2021-08-03,East North Central,10315.0,11261.0,6199.428571428572,880.0,7079.0
5040,2021-08-04,East North Central,8211.0,10315.0,6553.285714285715,11261.0,5734.0
5049,2021-08-05,East North Central,8971.0,8211.0,7087.142857142857,10315.0,5234.0
5058,2021-08-06,East North Central,12203.0,8971.0,7617.714285714285,8211.0,8489.0
5067,2021-08-07,East North Central,2345.0,12203.0,7740.857142857143,8971.0,1483.0
5076,2021-08-08,East North Central,1465.0,2345.0,7824.428571428572,12203.0,880.0
5085,2021-08-09,East North Central,19678.0,1465.0,9026.857142857143,2345.0,11261.0
5094,2021-08-10,East North Central,9269.0,19678.0,8877.42857142857,1465.0,10315.0
5103,2021-08-11,East North Central,14428.0,9269.0,9765.57142857143,19678.0,8211.0
5112,2021-08-12,East North Central,11692.0,14428.0,10154.285714285714,9269.0,8971.0
5121,2021-08-13,East North Central,14388.0,11692.0,10466.42857142857,14428.0,12203.0
5130,2021-08-14,East North Central,2460.0,14388.0,10482.857142857143,11692.0,2345.0
5139,2021-08-15,East North Central,2009.0,2460.0,10560.57142857143,14388.0,1465.0
5148,2021-08-16,East North Central,23858.0,2009.0,11157.714285714286,2460.0,19678.0
5157,2021-08-17,East North Central,11661.0,23858.0,11499.42857142857,2009.0,9269.0
5166,2021-08-18,East North Central,15428.0,11661.0,11642.285714285714,23858.0,14428.0
5175,2021-08-19,East North Central,12299.0,15428.0,11729.0,11661.0,11692.0
5184,2021-08-20,East North Central,19167.0,12299.0,12411.714285714286,15428.0,14388.0
5193,2021-08-21,East North Central,3452.0,19167.0,12553.42857142857,12299.0,2460.0
5202,2021-08-22,East North Central,2231.0,3452.0,12585.142857142857,19167.0,2009.0
5211,2021-08-23,East North Central,27836.0,2231.0,13153.42857142857,3452.0,23858.0
5220,2021-08-24,East North Central,13248.0,27836.0,13380.142857142857,2231.0,11661.0
5229,2021-08-25,East North Central,21017.0,13248.0,14178.57142857143,27836.0,15428.0
5238,2021-08-26,East North Central,17043.0,21017.0,14856.285714285714,13248.0,12299.0
5247,2021-08-27,East North Central,21375.0,17043.0,15171.714285714286,21017.0,19167.0
5256,2021-08-28,East North Central,5204.0,21375.0,15422.0,17043.0,3452.0
5265,2021-08-29,East North Central,4027.0,5204.0,15678.57142857143,21375.0,2231.0
5274,2021-08-30,East North Central,34114.0,4027.0,16575.428571428572,5204.0,27836.0
5283,2021-08-31,East North Central,17066.0,34114.0,17120.85714285714,4027.0,13248.0
5292,2021-09-01,East North Central,24494.0,17066.0,17617.571428571428,34114.0,21017.0
5301,2021-09-02,East North Central,19564.0,24494.0,17977.714285714286,17066.0,17043.0
5310,2021-09-03,East North Central,24455.0,19564.0,18417.714285714286,24494.0,21375.0
5319,2021-09-04,East North Central,6369.0,24455.0,18584.14285714286,19564.0,5204.0
5328,2021-09-05,East North Central,5599.0,6369.0,18808.714285714286,24455.0,4027.0
5337,2021-09-06,East North Central,8369.0,5599.0,15130.857142857143,6369.0,34114.0
5346,2021-09-07,East North Central,37506.0,8369.0,18050.85714285714,5599.0,17066.0
5355,2021-09-08,East North Central,19414.0,37506.0,17325.14285714286,8369.0,24494.0
5364,2021-09-09,East North Central,20679.0,19414.0,17484.428571428572,37506.0,19564.0
5373,2021-09-10,East North Central,29171.0,20679.0,18158.14285714286,19414.0,24455.0
5382,2021-09-11,East North Central,8405.0,29171.0,18449.0,20679.0,6369.0
5391,2021-09-12,East North Central,4463.0,8405.0,18286.714285714286,29171.0,5599.0
5400,2021-09-13,East North Central,35589.0,4463.0,22175.285714285714,8405.0,8369.0
5409,2021-09-14,East North Central,17950.0,35589.0,19381.571428571428,4463.0,37506.0
5418,2021-09-15,East North Central,28274.0,17950.0,20647.285714285714,35589.0,19414.0
5427,2021-09-16,East North Central,21255.0,28274.0,20729.571428571428,17950.0,20679.0
5436,2021-09-17,East North Central,26348.0,21255.0,20326.285714285714,28274.0,29171.0
5445,2021-09-18,East North Central,6716.0,26348.0,20085.0,21255.0,8405.0
5454,2021-09-19,East North Central,4506.0,6716.0,20091.14285714286,26348.0,4463.0
5463,2021-09-20,East North Central,37037.0,4506.0,20298.0,6716.0,35589.0
5472,2021-09-21,East North Central,16770.0,37037.0,20129.428571428572,4506.0,17950.0
5481,2021-09-22,East North Central,24938.0,16770.0,19652.85714285714,37037.0,28274.0
5490,2021-09-23,East North Central,18828.0,24938.0,19306.14285714286,16770.0,21255.0
5499,2021-09-24,East North Central,23748.0,18828.0,18934.714285714286,24938.0,26348.0
5508,2021-09-25,East North Central,5379.0,23748.0,18743.714285714286,18828.0,6716.0
5517,2021-09-26,East North Central,4338.0,5379.0,18719.714285714286,23748.0,4506.0
5526,2021-09-27,East North Central,31836.0,4338.0,17976.714285714286,5379.0,37037.0
5535,2021-09-28,East North Central,15911.0,31836.0,17854.0,4338.0,16770.0
5544,2021-09-29,East North Central,24029.0,15911.0,17724.14285714286,31836.0,24938.0
5553,2021-09-30,East North Central,16462.0,24029.0,17386.14285714286,15911.0,18828.0
5562,2021-10-01,East North Central,25626.0,16462.0,17654.428571428572,24029.0,23748.0
5571,2021-10-02,East North Central,6094.0,25626.0,17756.571428571428,16462.0,5379.0
5580,2021-10-03,East North Central,3599.0,6094.0,17651.0,25626.0,4338.0
5589,2021-10-04,East North Central,33376.0,3599.0,17871.0,6094.0,31836.0
5598,2021-10-05,East North Central,15808.0,33376.0,17856.285714285714,3599.0,15911.0
5607,2021-10-06,East North Central,23974.0,15808.0,17848.428571428572,33376.0,24029.0
5616,2021-10-07,East North Central,15410.0,23974.0,17698.14285714286,15808.0,16462.0
5625,2021-10-08,East North Central,26515.0,15410.0,17825.14285714286,23974.0,25626.0
5634,2021-10-09,East North Central,3185.0,26515.0,17409.571428571428,15410.0,6094.0
5643,2021-10-10,East North Central,5399.0,3185.0,17666.714285714286,26515.0,3599.0
5652,2021-10-11,East North Central,23387.0,5399.0,16239.714285714286,3185.0,33376.0
5661,2021-10-12,East North Central,17026.0,23387.0,16413.714285714286,5399.0,15808.0
5670,2021-10-13,East North Central,24997.0,17026.0,16559.85714285714,23387.0,23974.0
5679,2021-10-14,East North Central,13306.0,24997.0,16259.285714285714,17026.0,15410.0
5688,2021-10-15,East North Central,19741.0,13306.0,15291.57142857143,24997.0,26515.0
5697,2021-10-16,East North Central,3709.0,19741.0,15366.42857142857,13306.0,3185.0
5706,2021-10-17,East North Central,7728.0,3709.0,15699.142857142857,19741.0,5399.0
5715,2021-10-18,East North Central,24213.0,7728.0,15817.142857142857,3709.0,23387.0
5724,2021-10-19,East North Central,9214.0,24213.0,14701.142857142857,7728.0,17026.0
5733,2021-10-20,East North Central,20127.0,9214.0,14005.42857142857,24213.0,24997.0
5742,2021-10-21,East North Central,11205.0,20127.0,13705.285714285714,9214.0,13306.0
5751,2021-10-22,East North Central,20439.0,11205.0,13805.0,20127.0,19741.0
5760,2021-10-23,East North Central,3466.0,20439.0,13770.285714285714,11205.0,3709.0
5769,2021-10-24,East North Central,2540.0,3466.0,13029.142857142857,20439.0,7728.0
5778,2021-10-25,East North Central,24050.0,2540.0,13005.857142857143,3466.0,24213.0
5787,2021-10-26,East North Central,10407.0,24050.0,13176.285714285714,2540.0,9214.0
5796,2021-10-27,East North Central,19951.0,10407.0,13151.142857142857,24050.0,20127.0
5805,2021-10-28,East North Central,11579.0,19951.0,13204.57142857143,10407.0,11205.0
5814,2021-10-29,East North Central,20350.0,11579.0,13191.857142857143,19951.0,20439.0
5823,2021-10-30,East North Central,3421.0,20350.0,13185.42857142857,11579.0,3466.0
5832,2021-10-31,East North Central,2416.0,3421.0,13167.714285714286,20350.0,2540.0
5841,2021-11-01,East North Central,27631.0,2416.0,13679.285714285714,3421.0,24050.0
5850,2021-11-02,East North Central,11036.0,27631.0,13769.142857142857,2416.0,10407.0
5859,2021-11-03,East North Central,22588.0,11036.0,14145.857142857143,27631.0,19951.0
5868,2021-11-04,East North Central,14316.0,22588.0,14536.857142857143,11036.0,11579.0
5877,2021-11-05,East North Central,24946.0,14316.0,15193.42857142857,22588.0,20350.0
5886,2021-11-06,East North Central,2791.0,24946.0,15103.42857142857,14316.0,3421.0
5895,2021-11-07,East North Central,4363.0,2791.0,15381.57142857143,24946.0,2416.0
5904,2021-11-08,East North Central,30866.0,4363.0,15843.714285714286,2791.0,27631.0
5913,2021-11-09,East North Central,13217.0,30866.0,16155.285714285714,4363.0,11036.0
5922,2021-11-10,East North Central,26669.0,13217.0,16738.285714285714,30866.0,22588.0
5931,2021-11-11,East North Central,16230.0,26669.0,17011.714285714286,13217.0,14316.0
5940,2021-11-12,East North Central,37582.0,16230.0,18816.85714285714,26669.0,24946.0
5949,2021-11-13,East North Central,4689.0,37582.0,19088.0,16230.0,2791.0
5958,2021-11-14,East North Central,3628.0,4689.0,18983.0,37582.0,4363.0
5967,2021-11-15,East North Central,48959.0,3628.0,21567.714285714286,4689.0,30866.0
5976,2021-11-16,East North Central,16262.0,48959.0,22002.714285714286,3628.0,13217.0
5985,2021-11-17,East North Central,36820.0,16262.0,23452.85714285714,48959.0,26669.0
5994,2021-11-18,East North Central,20748.0,36820.0,24098.285714285714,16262.0,16230.0
6003,2021-11-19,East North Central,40349.0,20748.0,24493.571428571428,36820.0,37582.0
6012,2021-11-20,East North Central,5590.0,40349.0,24622.285714285714,20748.0,4689.0
6021,2021-11-21,East North Central,3797.0,5590.0,24646.428571428572,40349.0,3628.0
6030,2021-11-22,East North Central,49838.0,3797.0,24772.0,5590.0,48959.0
6039,2021-11-23,East North Central,18931.0,49838.0,25153.285714285714,3797.0,16262.0
6048,2021-11-24,East North Central,41060.0,18931.0,25759.0,49838.0,36820.0
6057,2021-11-25,East North Central,4206.0,41060.0,23395.85714285714,18931.0,20748.0
6066,2021-11-26,East North Central,9896.0,4206.0,19045.428571428572,41060.0,40349.0
6075,2021-11-27,East North Central,4222.0,9896.0,18850.0,4206.0,5590.0
6084,2021-11-28,East North Central,4245.0,4222.0,18914.0,9896.0,3797.0
6093,2021-11-29,East North Central,71685.0,4245.0,22035.0,4222.0,49838.0
6102,2021-11-30,East North Central,22364.0,71685.0,22525.428571428572,4245.0,18931.0
6111,2021-12-01,East North Central,46345.0,22364.0,23280.428571428572,71685.0,41060.0
6120,2021-12-02,East North Central,32606.0,46345.0,27337.571428571428,22364.0,4206.0
6129,2021-12-03,East North Central,50155.0,32606.0,33088.857142857145,46345.0,9896.0
6138,2021-12-04,East North Central,7793.0,50155.0,33599.0,32606.0,4222.0
6147,2021-12-05,East North Central,5334.0,7793.0,33754.57142857143,50155.0,4245.0
6156,2021-12-06,East North Central,53923.0,5334.0,31217.14285714286,7793.0,71685.0
6165,2021-12-07,East North Central,19282.0,53923.0,30776.85714285714,5334.0,22364.0
6174,2021-12-08,East North Central,53632.0,19282.0,31817.85714285714,53923.0,46345.0
6183,2021-12-09,East North Central,28943.0,53632.0,31294.571428571428,19282.0,32606.0
6192,2021-12-10,East North Central,40481.0,28943.0,29912.571428571428,53632.0,50155.0
6201,2021-12-11,East North Central,8072.0,40481.0,29952.428571428572,28943.0,7793.0
6210,2021-12-12,East North Central,5063.0,8072.0,29913.714285714286,40481.0,5334.0
6219,2021-12-13,East North Central,63515.0,5063.0,31284.0,8072.0,53923.0
6228,2021-12-14,East North Central,25960.0,63515.0,32238.0,5063.0,19282.0
6237,2021-12-15,East North Central,44765.0,25960.0,30971.285714285714,63515.0,53632.0
6246,2021-12-16,East North Central,35229.0,44765.0,31869.285714285714,25960.0,28943.0
6255,2021-12-17,East North Central,45080.0,35229.0,32526.285714285714,44765.0,40481.0
6264,2021-12-18,East North Central,10134.0,45080.0,32820.857142857145,35229.0,8072.0
6273,2021-12-19,East North Central,7639.0,10134.0,33188.857142857145,45080.0,5063.0
6282,2021-12-20,East North Central,72578.0,7639.0,34483.57142857143,10134.0,63515.0
6291,2021-12-21,East North Central,31367.0,72578.0,35256.0,7639.0,25960.0
6300,2021-12-22,East North Central,56036.0,31367.0,36866.142857142855,72578.0,44765.0
6309,2021-12-23,East North Central,40783.0,56036.0,37659.57142857143,31367.0,35229.0
6318,2021-12-24,East North Central,19364.0,40783.0,33985.857142857145,56036.0,45080.0
6327,2021-12-25,East North Central,0.0,19364.0,32538.14285714286,40783.0,10134.0
6336,2021-12-26,East North Central,20917.0,0.0,34435.0,19364.0,7639.0
6345,2021-12-27,East North Central,124552.0,20917.0,41859.857142857145,0.0,72578.0
6354,2021-12-28,East North Central,49659.0,124552.0,44473.0,20917.0,31367.0
6363,2021-12-29,East North Central,86062.0,49659.0,48762.42857142857,124552.0,56036.0
6372,2021-12-30,East North Central,70574.0,86062.0,53018.28571428572,49659.0,40783.0
6381,2021-12-31,East North Central,28608.0,70574.0,54338.857142857145,86062.0,19364.0
6390,2022-01-01,East North Central,0.0,28608.0,54338.857142857145,70574.0,0.0
6399,2022-01-02,East North Central,37626.0,0.0,56725.857142857145,28608.0,20917.0
6408,2022-01-03,East North Central,216033.0,37626.0,69794.57142857143,0.0,124552.0
6417,2022-01-04,East North Central,63112.0,216033.0,71716.42857142857,37626.0,49659.0
6426,2022-01-05,East North Central,111498.0,63112.0,75350.14285714286,216033.0,86062.0
6435,2022-01-06,East North Central,93322.0,111498.0,78599.85714285714,63112.0,70574.0
6444,2022-01-07,East North Central,139175.0,93322.0,94395.14285714286,111498.0,28608.0
6453,2022-01-08,East North Central,18310.0,139175.0,97010.85714285714,93322.0,0.0
6462,2022-01-09,East North Central,19089.0,18310.0,94362.71428571429,139175.0,37626.0
6471,2022-01-10,East North Central,215321.0,19089.0,94261.0,18310.0,216033.0
6480,2022-01-11,East North Central,74358.0,215321.0,95867.57142857143,19089.0,63112.0
6489,2022-01-12,East North Central,123983.0,74358.0,97651.14285714286,215321.0,111498.0
6498,2022-01-13,East North Central,89841.0,123983.0,97153.85714285714,74358.0,93322.0
6507,2022-01-14,East North Central,157731.0,89841.0,99804.71428571429,123983.0,139175.0
6516,2022-01-15,East North Central,50299.0,157731.0,104374.57142857143,89841.0,18310.0
6525,2022-01-16,East North Central,26117.0,50299.0,105378.57142857143,157731.0,19089.0
6534,2022-01-17,East North Central,139311.0,26117.0,94520.0,50299.0,215321.0
6543,2022-01-18,East North Central,140505.0,139311.0,103969.57142857143,26117.0,74358.0
6552,2022-01-19,East North Central,175909.0,140505.0,111387.57142857143,139311.0,123983.0
6561,2022-01-20,East North Central,79737.0,175909.0,109944.14285714286,140505.0,89841.0
6570,2022-01-21,East North Central,132059.0,79737.0,106276.71428571429,175909.0,157731.0
6579,2022-01-22,East North Central,15677.0,132059.0,101330.71428571429,79737.0,50299.0
6588,2022-01-23,East North Central,9932.0,15677.0,99018.57142857143,132059.0,26117.0
6597,2022-01-24,East North Central,178282.0,9932.0,104585.85714285714,15677.0,139311.0
6606,2022-01-25,East North Central,34857.0,178282.0,89493.28571428571,9932.0,140505.0
6615,2022-01-26,East North Central,85254.0,34857.0,76542.57142857143,178282.0,175909.0
6624,2022-01-27,East North Central,48351.0,85254.0,72058.85714285714,34857.0,79737.0
6633,2022-01-28,East North Central,81665.0,48351.0,64859.71428571428,85254.0,132059.0
6642,2022-01-29,East North Central,8609.0,81665.0,63850.0,48351.0,15677.0
6651,2022-01-30,East North Central,5224.0,8609.0,63177.42857142857,81665.0,9932.0
6660,2022-01-31,East North Central,83812.0,5224.0,49681.71428571428,8609.0,178282.0
6669,2022-02-01,East North Central,25119.0,83812.0,48290.57142857143,5224.0,34857.0
6678,2022-02-02,East North Central,54893.0,25119.0,43953.28571428572,83812.0,85254.0
6687,2022-02-03,East North Central,17571.0,54893.0,39556.142857142855,25119.0,48351.0
6696,2022-02-04,East North Central,43023.0,17571.0,34035.857142857145,54893.0,81665.0
6705,2022-02-05,East North Central,2810.0,43023.0,33207.42857142857,17571.0,8609.0
6714,2022-02-06,East North Central,2070.0,2810.0,32756.85714285714,43023.0,5224.0
6723,2022-02-07,East North Central,40006.0,2070.0,26498.85714285714,2810.0,83812.0
6732,2022-02-08,East North Central,15857.0,40006.0,25175.714285714286,2070.0,25119.0
6741,2022-02-09,East North Central,22966.0,15857.0,20614.714285714286,40006.0,54893.0
6750,2022-02-10,East North Central,19100.0,22966.0,20833.14285714286,15857.0,17571.0
6759,2022-02-11,East North Central,16590.0,19100.0,17057.0,22966.0,43023.0
6768,2022-02-12,East North Central,2032.0,16590.0,16945.85714285714,19100.0,2810.0
6777,2022-02-13,East North Central,1490.0,2032.0,16863.0,16590.0,2070.0
6786,2022-02-14,East North Central,30031.0,1490.0,15438.0,2032.0,40006.0
6795,2022-02-15,East North Central,8052.0,30031.0,14323.0,1490.0,15857.0
6804,2022-02-16,East North Central,15371.0,8052.0,13238.0,30031.0,22966.0
6813,2022-02-17,East North Central,7878.0,15371.0,11634.857142857143,8052.0,19100.0
6822,2022-02-18,East North Central,8372.0,7878.0,10460.857142857143,15371.0,16590.0
6831,2022-02-19,East North Central,1599.0,8372.0,10399.0,7878.0,2032.0
6840,2022-02-20,East North Central,6668.0,1599.0,11138.714285714286,8372.0,1490.0
6849,2022-02-21,East North Central,5877.0,6668.0,7688.142857142857,1599.0,30031.0
6858,2022-02-22,East North Central,9404.0,5877.0,7881.285714285715,6668.0,8052.0
6867,2022-02-23,East North Central,13332.0,9404.0,7590.0,5877.0,15371.0
6876,2022-02-24,East North Central,5210.0,13332.0,7208.857142857143,9404.0,7878.0
6885,2022-02-25,East North Central,12743.0,5210.0,7833.285714285715,13332.0,8372.0
6894,2022-02-26,East North Central,1330.0,12743.0,7794.857142857143,5210.0,1599.0
6903,2022-02-27,East North Central,577.0,1330.0,6924.714285714285,12743.0,6668.0
6912,2022-02-28,East North Central,10580.0,577.0,7596.571428571428,1330.0,5877.0
6921,2022-03-01,East North Central,4109.0,10580.0,6840.142857142857,577.0,9404.0
6930,2022-03-02,East North Central,7093.0,4109.0,5948.857142857143,10580.0,13332.0
6939,2022-03-03,East North Central,3510.0,7093.0,5706.0,4109.0,5210.0
6948,2022-03-04,East North Central,5619.0,3510.0,4688.285714285715,7093.0,12743.0
6957,2022-03-05,East North Central,862.0,5619.0,4621.428571428572,3510.0,1330.0
6966,2022-03-06,East North Central,360.0,862.0,4590.428571428572,5619.0,577.0
6975,2022-03-07,East North Central,7594.0,360.0,4163.857142857143,862.0,10580.0
6984,2022-03-08,East North Central,2626.0,7594.0,3952.0,360.0,4109.0
6993,2022-03-09,East North Central,5642.0,2626.0,3744.714285714286,7594.0,7093.0
7002,2022-03-10,East North Central,3121.0,5642.0,3689.1428571428573,2626.0,3510.0
7011,2022-03-11,East North Central,5138.0,3121.0,3620.4285714285716,5642.0,5619.0
7020,2022-03-12,East North Central,499.0,5138.0,3568.5714285714284,3121.0,862.0
7029,2022-03-13,East North Central,317.0,499.0,3562.4285714285716,5138.0,360.0
7038,2022-03-14,East North Central,5153.0,317.0,3213.714285714286,499.0,7594.0
7047,2022-03-15,East North Central,2390.0,5153.0,3180.0,317.0,2626.0
7056,2022-03-16,East North Central,3971.0,2390.0,2941.285714285714,5153.0,5642.0
7065,2022-03-17,East North Central,4216.0,3971.0,3097.714285714286,2390.0,3121.0
7074,2022-03-18,East North Central,5312.0,4216.0,3122.5714285714284,3971.0,5138.0
7083,2022-03-19,East North Central,0.0,5312.0,3051.285714285714,4216.0,499.0
7092,2022-03-20,East North Central,0.0,0.0,3006.0,5312.0,317.0
7101,2022-03-21,East North Central,5339.0,0.0,3032.5714285714284,0.0,5153.0
7110,2022-03-22,East North Central,2041.0,5339.0,2982.714285714286,0.0,2390.0
7119,2022-03-23,East North Central,3941.0,2041.0,2978.4285714285716,5339.0,3971.0
7128,2022-03-24,East North Central,6123.0,3941.0,3250.8571428571427,2041.0,4216.0
7137,2022-03-25,East North Central,3877.0,6123.0,3045.8571428571427,3941.0,5312.0
7146,2022-03-26,East North Central,0.0,3877.0,3045.8571428571427,6123.0,0.0
7155,2022-03-27,East North Central,0.0,0.0,3045.8571428571427,3877.0,0.0
7164,2022-03-28,East North Central,5260.0,0.0,3034.5714285714284,0.0,5339.0
7173,2022-03-29,East North Central,2293.0,5260.0,3070.5714285714284,0.0,2041.0
7182,2022-03-30,East North Central,-176.0,2293.0,2482.4285714285716,5260.0,3941.0
7191,2022-03-31,East North Central,5227.0,-176.0,2354.4285714285716,2293.0,6123.0
7200,2022-04-01,East North Central,3958.0,5227.0,2366.0,-176.0,3877.0
7209,2022-04-02,East North Central,0.0,3958.0,2366.0,5227.0,0.0
7218,2022-04-03,East North Central,0.0,0.0,2366.0,3958.0,0.0
7227,2022-04-04,East North Central,4385.0,0.0,2241.0,0.0,5260.0
7236,2022-04-05,East North Central,2304.0,4385.0,2242.5714285714284,0.0,2293.0
7245,2022-04-06,East North Central,7022.0,2304.0,3270.8571428571427,4385.0,-176.0
7254,2022-04-07,East North Central,6683.0,7022.0,3478.8571428571427,2304.0,5227.0
7263,2022-04-08,East North Central,4258.0,6683.0,3521.714285714286,7022.0,3958.0
7272,2022-04-09,East North Central,0.0,4258.0,3521.714285714286,6683.0,0.0
7281,2022-04-10,East North Central,0.0,0.0,3521.714285714286,4258.0,0.0
7290,2022-04-11,East North Central,6270.0,0.0,3791.0,0.0,4385.0
7299,2022-04-12,East North Central,2439.0,6270.0,3810.285714285714,0.0,2304.0
7308,2022-04-13,East North Central,11086.0,2439.0,4390.857142857143,6270.0,7022.0
7317,2022-04-14,East North Central,9102.0,11086.0,4736.428571428572,2439.0,6683.0
7326,2022-04-15,East North Central,9063.0,9102.0,5422.857142857143,11086.0,4258.0
7335,2022-04-16,East North Central,0.0,9063.0,5422.857142857143,9102.0,0.0
7344,2022-04-17,East North Central,0.0,0.0,5422.857142857143,9063.0,0.0
7353,2022-04-18,East North Central,8814.0,0.0,5786.285714285715,0.0,6270.0
7362,2022-04-19,East North Central,2995.0,8814.0,5865.714285714285,0.0,2439.0
7371,2022-04-20,East North Central,11015.0,2995.0,5855.571428571428,8814.0,11086.0
7380,2022-04-21,East North Central,17642.0,11015.0,7075.571428571428,2995.0,9102.0
7389,2022-04-22,East North Central,6132.0,17642.0,6656.857142857143,11015.0,9063.0
7398,2022-04-23,East North Central,0.0,6132.0,6656.857142857143,17642.0,0.0
7407,2022-04-24,East North Central,0.0,0.0,6656.857142857143,6132.0,0.0
7416,2022-04-25,East North Central,13502.0,0.0,7326.571428571428,0.0,8814.0
7425,2022-04-26,East North Central,3675.0,13502.0,7423.714285714285,0.0,2995.0
7434,2022-04-27,East North Central,15212.0,3675.0,8023.285714285715,13502.0,11015.0
7443,2022-04-28,East North Central,20876.0,15212.0,8485.285714285714,3675.0,17642.0
7452,2022-04-29,East North Central,9081.0,20876.0,8906.57142857143,15212.0,6132.0
7461,2022-04-30,East North Central,53.0,9081.0,8914.142857142857,20876.0,0.0
7470,2022-05-01,East North Central,0.0,53.0,8914.142857142857,9081.0,0.0
7479,2022-05-02,East North Central,13780.0,0.0,8953.857142857143,53.0,13502.0
7488,2022-05-03,East North Central,5208.0,13780.0,9172.857142857143,0.0,3675.0
7497,2022-05-04,East North Central,23286.0,5208.0,10326.285714285714,13780.0,15212.0
7506,2022-05-05,East North Central,23536.0,23286.0,10706.285714285714,5208.0,20876.0
7515,2022-05-06,East North Central,10300.0,23536.0,10880.42857142857,23286.0,9081.0
7524,2022-05-07,East North Central,1691.0,10300.0,11114.42857142857,23536.0,53.0
7533,2022-05-08,East North Central,0.0,1691.0,11114.42857142857,10300.0,0.0
7542,2022-05-09,East North Central,21604.0,0.0,12232.142857142857,1691.0,13780.0
7551,2022-05-10,East North Central,7733.0,21604.0,12592.857142857143,0.0,5208.0
7560,2022-05-11,East North Central,32760.0,7733.0,13946.285714285714,21604.0,23286.0
7569,2022-05-12,East North Central,30738.0,32760.0,14975.142857142857,7733.0,23536.0
7578,2022-05-13,East North Central,13922.0,30738.0,15492.57142857143,32760.0,10300.0
7587,2022-05-14,East North Central,0.0,13922.0,15251.0,30738.0,1691.0
7596,2022-05-15,East North Central,0.0,0.0,15251.0,13922.0,0.0
7605,2022-05-16,East North Central,24812.0,0.0,15709.285714285714,0.0,21604.0
7614,2022-05-17,East North Central,7510.0,24812.0,15677.42857142857,0.0,7733.0
7623,2022-05-18,East North Central,33655.0,7510.0,15805.285714285714,24812.0,32760.0
7632,2022-05-19,East North Central,35949.0,33655.0,16549.714285714286,7510.0,30738.0
7641,2022-05-20,East North Central,10662.0,35949.0,16084.0,33655.0,13922.0
7650,2022-05-21,East North Central,0.0,10662.0,16084.0,35949.0,0.0
7659,2022-05-22,East North Central,0.0,0.0,16084.0,10662.0,0.0
7668,2022-05-23,East North Central,22316.0,0.0,15727.42857142857,0.0,24812.0
7677,2022-05-24,East North Central,5972.0,22316.0,15507.714285714286,0.0,7510.0
7686,2022-05-25,East North Central,31715.0,5972.0,15230.57142857143,22316.0,33655.0
7695,2022-05-26,East North Central,34795.0,31715.0,15065.714285714286,5972.0,35949.0
7704,2022-05-27,East North Central,11210.0,34795.0,15144.0,31715.0,10662.0
7713,2022-05-28,East North Central,0.0,11210.0,15144.0,34795.0,0.0
7722,2022-05-29,East North Central,0.0,0.0,15144.0,11210.0,0.0
7731,2022-05-30,East North Central,4942.0,0.0,12662.0,0.0,22316.0
7740,2022-05-31,East North Central,17123.0,4942.0,14255.0,0.0,5972.0
7749,2022-06-01,East North Central,24119.0,17123.0,13169.857142857143,4942.0,31715.0
7758,2022-06-02,East North Central,33287.0,24119.0,12954.42857142857,17123.0,34795.0
7767,2022-06-03,East North Central,11970.0,33287.0,13063.0,24119.0,11210.0
7776,2022-06-04,East North Central,0.0,11970.0,13063.0,33287.0,0.0
7785,2022-06-05,East North Central,0.0,0.0,13063.0,11970.0,0.0
7794,2022-06-06,East North Central,22011.0,0.0,15501.42857142857,0.0,4942.0
7803,2022-06-07,East North Central,6890.0,22011.0,14039.57142857143,0.0,17123.0
7812,2022-06-08,East North Central,21675.0,6890.0,13690.42857142857,22011.0,24119.0
7821,2022-06-09,East North Central,31063.0,21675.0,13372.714285714286,6890.0,33287.0
7830,2022-06-10,East North Central,10319.0,31063.0,13136.857142857143,21675.0,11970.0
7839,2022-06-11,East North Central,0.0,10319.0,13136.857142857143,31063.0,0.0
7848,2022-06-12,East North Central,0.0,0.0,13136.857142857143,10319.0,0.0
7857,2022-06-13,East North Central,16270.0,0.0,12316.714285714286,0.0,22011.0
7866,2022-06-14,East North Central,5316.0,16270.0,12091.857142857143,0.0,6890.0
7875,2022-06-15,East North Central,18845.0,5316.0,11687.57142857143,16270.0,21675.0
7884,2022-06-16,East North Central,29905.0,18845.0,11522.142857142857,5316.0,31063.0
7893,2022-06-17,East North Central,7922.0,29905.0,11179.714285714286,18845.0,10319.0
7902,2022-06-18,East North Central,0.0,7922.0,11179.714285714286,29905.0,0.0
7911,2022-06-19,East North Central,0.0,0.0,11179.714285714286,7922.0,0.0
7920,2022-06-20,East North Central,6624.0,0.0,9801.714285714286,0.0,16270.0
7929,2022-06-21,East North Central,19147.0,6624.0,11777.57142857143,0.0,5316.0
7938,2022-06-22,East North Central,16483.0,19147.0,11440.142857142857,6624.0,18845.0
7947,2022-06-23,East North Central,21646.0,16483.0,10260.285714285714,19147.0,29905.0
7956,2022-06-24,East North Central,10229.0,21646.0,10589.857142857143,16483.0,7922.0
7965,2022-06-25,East North Central,0.0,10229.0,10589.857142857143,21646.0,0.0
7974,2022-06-26,East North Central,0.0,0.0,10589.857142857143,10229.0,0.0
7983,2022-06-27,East North Central,17645.0,0.0,12164.285714285714,0.0,6624.0
7992,2022-06-28,East North Central,13157.0,17645.0,11308.57142857143,0.0,19147.0
8001,2022-06-29,East North Central,16624.0,13157.0,11328.714285714286,17645.0,16483.0
8010,2022-06-30,East North Central,23830.0,16624.0,11640.714285714286,13157.0,21646.0
8019,2022-07-01,East North Central,10082.0,23830.0,11619.714285714286,16624.0,10229.0
8028,2022-07-02,East North Central,263.0,10082.0,11657.285714285714,23830.0,0.0
8037,2022-07-03,East North Central,0.0,263.0,11657.285714285714,10082.0,0.0
8046,2022-07-04,East North Central,0.0,0.0,9136.57142857143,263.0,17645.0
8055,2022-07-05,East North Central,21269.0,0.0,10295.42857142857,0.0,13157.0
8064,2022-07-06,East North Central,20082.0,21269.0,10789.42857142857,0.0,16624.0
8073,2022-07-07,East North Central,26599.0,20082.0,11185.0,21269.0,23830.0
8082,2022-07-08,East North Central,12242.0,26599.0,11493.57142857143,20082.0,10082.0
8091,2022-07-09,East North Central,0.0,12242.0,11456.0,26599.0,263.0
8100,2022-07-10,East North Central,146.0,0.0,11476.857142857143,12242.0,0.0
8109,2022-07-11,East North Central,19441.0,146.0,14254.142857142857,0.0,0.0
8118,2022-07-12,East North Central,17643.0,19441.0,13736.142857142857,146.0,21269.0
8127,2022-07-13,East North Central,18425.0,17643.0,13499.42857142857,19441.0,20082.0
8136,2022-07-14,East North Central,31850.0,18425.0,14249.57142857143,17643.0,26599.0
8145,2022-07-15,East North Central,10398.0,31850.0,13986.142857142857,18425.0,12242.0
8154,2022-07-16,East North Central,0.0,10398.0,13986.142857142857,31850.0,0.0
8163,2022-07-17,East North Central,0.0,0.0,13965.285714285714,10398.0,146.0
8172,2022-07-18,East North Central,19856.0,0.0,14024.57142857143,0.0,19441.0
8181,2022-07-19,East North Central,15038.0,19856.0,13652.42857142857,0.0,17643.0
8190,2022-07-20,East North Central,19630.0,15038.0,13824.57142857143,19856.0,18425.0
8199,2022-07-21,East North Central,35621.0,19630.0,14363.285714285714,15038.0,31850.0
8208,2022-07-22,East North Central,13228.0,35621.0,14767.57142857143,19630.0,10398.0
8217,2022-07-23,East North Central,0.0,13228.0,14767.57142857143,35621.0,0.0
8226,2022-07-24,East North Central,0.0,0.0,14767.57142857143,13228.0,0.0
8235,2022-07-25,East North Central,22881.0,0.0,15199.714285714286,0.0,19856.0
8244,2022-07-26,East North Central,19529.0,22881.0,15841.285714285714,0.0,15038.0
8253,2022-07-27,East North Central,19245.0,19529.0,15786.285714285714,22881.0,19630.0
8262,2022-07-28,East North Central,39494.0,19245.0,16339.57142857143,19529.0,35621.0
8271,2022-07-29,East North Central,13445.0,39494.0,16370.57142857143,19245.0,13228.0
8280,2022-07-30,East North Central,0.0,13445.0,16370.57142857143,39494.0,0.0
8289,2022-07-31,East North Central,0.0,0.0,16370.57142857143,13445.0,0.0
8298,2022-08-01,East North Central,19031.0,0.0,15820.57142857143,0.0,22881.0
8307,2022-08-02,East North Central,19534.0,19031.0,15821.285714285714,0.0,19529.0
8316,2022-08-03,East North Central,19888.0,19534.0,15913.142857142857,19031.0,19245.0
8325,2022-08-04,East North Central,34093.0,19888.0,15141.57142857143,19534.0,39494.0
8334,2022-08-05,East North Central,14272.0,34093.0,15259.714285714286,19888.0,13445.0
8343,2022-08-06,East North Central,0.0,14272.0,15259.714285714286,34093.0,0.0
8352,2022-08-07,East North Central,0.0,0.0,15259.714285714286,14272.0,0.0
8361,2022-08-08,East North Central,18276.0,0.0,15151.857142857143,0.0,19031.0
8370,2022-08-09,East North Central,14268.0,18276.0,14399.57142857143,0.0,19534.0
8379,2022-08-10,East North Central,19311.0,14268.0,14317.142857142857,18276.0,19888.0
8388,2022-08-11,East North Central,33947.0,19311.0,14296.285714285714,14268.0,34093.0
8397,2022-08-12,East North Central,10732.0,33947.0,13790.57142857143,19311.0,14272.0
8406,2022-08-13,East North Central,0.0,10732.0,13790.57142857143,33947.0,0.0
8415,2022-08-14,East North Central,0.0,0.0,13790.57142857143,10732.0,0.0
8424,2022-08-15,East North Central,15928.0,0.0,13455.142857142857,0.0,18276.0
8433,2022-08-16,East North Central,20724.0,15928.0,14377.42857142857,0.0,14268.0
8442,2022-08-17,East North Central,17639.0,20724.0,14138.57142857143,15928.0,19311.0
8451,2022-08-18,East North Central,30929.0,17639.0,13707.42857142857,20724.0,33947.0
8460,2022-08-19,East North Central,12603.0,30929.0,13974.714285714286,17639.0,10732.0
8469,2022-08-20,East North Central,0.0,12603.0,13974.714285714286,30929.0,0.0
8478,2022-08-21,East North Central,0.0,0.0,13974.714285714286,12603.0,0.0
8487,2022-08-22,East North Central,15812.0,0.0,13958.142857142857,0.0,15928.0
8496,2022-08-23,East North Central,16746.0,15812.0,13389.857142857143,0.0,20724.0
8505,2022-08-24,East North Central,19222.0,16746.0,13616.0,15812.0,17639.0
8514,2022-08-25,East North Central,30726.0,19222.0,13587.0,16746.0,30929.0
8523,2022-08-26,East North Central,10355.0,30726.0,13265.857142857143,19222.0,12603.0
8532,2022-08-27,East North Central,0.0,10355.0,13265.857142857143,30726.0,0.0
8541,2022-08-28,East North Central,0.0,0.0,13265.857142857143,10355.0,0.0
8550,2022-08-29,East North Central,15182.0,0.0,13175.857142857143,0.0,15812.0
8559,2022-08-30,East North Central,17054.0,15182.0,13219.857142857143,0.0,16746.0
8568,2022-08-31,East North Central,18965.0,17054.0,13183.142857142857,15182.0,19222.0
8577,2022-09-01,East North Central,31440.0,18965.0,13285.142857142857,17054.0,30726.0
8586,2022-09-02,East North Central,9512.0,31440.0,13164.714285714286,18965.0,10355.0
8595,2022-09-03,East North Central,0.0,9512.0,13164.714285714286,31440.0,0.0
8604,2022-09-04,East North Central,0.0,0.0,13164.714285714286,9512.0,0.0
8613,2022-09-05,East North Central,0.0,0.0,10995.857142857143,0.0,15182.0
8622,2022-09-06,East North Central,20899.0,0.0,11545.142857142857,0.0,17054.0
8631,2022-09-07,East North Central,17794.0,20899.0,11377.857142857143,0.0,18965.0
8640,2022-09-08,East North Central,27465.0,17794.0,10810.0,20899.0,31440.0
8649,2022-09-09,East North Central,7953.0,27465.0,10587.285714285714,17794.0,9512.0
8658,2022-09-10,East North Central,0.0,7953.0,10587.285714285714,27465.0,0.0
8667,2022-09-11,East North Central,0.0,0.0,10587.285714285714,7953.0,0.0
8676,2022-09-12,East North Central,11585.0,0.0,12242.285714285714,0.0,0.0
8685,2022-09-13,East North Central,13869.0,11585.0,11238.0,0.0,20899.0
8694,2022-09-14,East North Central,14851.0,13869.0,10817.57142857143,11585.0,17794.0
8703,2022-09-15,East North Central,25287.0,14851.0,10506.42857142857,13869.0,27465.0
