,date,region,new_confirmed,1_day_shift,7_day_avg,2_day_shift,3_day_shift,7_day_shift
1,2020-01-22,East South Central,0.0,,,,,
10,2020-01-23,East South Central,0.0,0.0,,,,
19,2020-01-24,East South Central,0.0,0.0,,0.0,,
28,2020-01-25,East South Central,0.0,0.0,,0.0,0.0,
37,2020-01-26,East South Central,0.0,0.0,,0.0,0.0,
46,2020-01-27,East South Central,0.0,0.0,,0.0,0.0,
55,2020-01-28,East South Central,0.0,0.0,0.0,0.0,0.0,
64,2020-01-29,East South Central,0.0,0.0,0.0,0.0,0.0,0.0
73,2020-01-30,East South Central,0.0,0.0,0.0,0.0,0.0,0.0
82,2020-01-31,East South Central,0.0,0.0,0.0,0.0,0.0,0.0
91,2020-02-01,East South Central,0.0,0.0,0.0,0.0,0.0,0.0
100,2020-02-02,East South Central,0.0,0.0,0.0,0.0,0.0,0.0
109,2020-02-03,East South Central,0.0,0.0,0.0,0.0,0.0,0.0
118,2020-02-04,East South Central,0.0,0.0,0.0,0.0,0.0,0.0
127,2020-02-05,East South Central,0.0,0.0,0.0,0.0,0.0,0.0
136,2020-02-06,East South Central,0.0,0.0,0.0,0.0,0.0,0.0
145,2020-02-07,East South Central,0.0,0.0,0.0,0.0,0.0,0.0
154,2020-02-08,East South Central,0.0,0.0,0.0,0.0,0.0,0.0
163,2020-02-09,East South Central,0.0,0.0,0.0,0.0,0.0,0.0
172,2020-02-10,East South Central,0.0,0.0,0.0,0.0,0.0,0.0
181,2020-02-11,East South Central,0.0,0.0,0.0,0.0,0.0,0.0
190,2020-02-12,East South Central,0.0,0.0,0.0,0.0,0.0,0.0
199,2020-02-13,East South Central,0.0,0.0,0.0,0.0,0.0,0.0
208,2020-02-14,East South Central,0.0,0.0,0.0,0.0,0.0,0.0
217,2020-02-15,East South Central,0.0,0.0,0.0,0.0,0.0,0.0
226,2020-02-16,East South Central,0.0,0.0,0.0,0.0,0.0,0.0
235,2020-02-17,East South Central,0.0,0.0,0.0,0.0,0.0,0.0
244,2020-02-18,East South Central,0.0,0.0,0.0,0.0,0.0,0.0
253,2020-02-19,East South Central,0.0,0.0,0.0,0.0,0.0,0.0
262,2020-02-20,East South Central,0.0,0.0,0.0,0.0,0.0,0.0
271,2020-02-21,East South Central,0.0,0.0,0.0,0.0,0.0,0.0
280,2020-02-22,East South Central,0.0,0.0,0.0,0.0,0.0,0.0
289,2020-02-23,East South Central,0.0,0.0,0.0,0.0,0.0,0.0
298,2020-02-24,East South Central,0.0,0.0,0.0,0.0,0.0,0.0
307,2020-02-25,East South Central,0.0,0.0,0.0,0.0,0.0,0.0
316,2020-02-26,East South Central,0.0,0.0,0.0,0.0,0.0,0.0
325,2020-02-27,East South Central,0.0,0.0,0.0,0.0,0.0,0.0
334,2020-02-28,East South Central,0.0,0.0,0.0,0.0,0.0,0.0
343,2020-02-29,East South Central,0.0,0.0,0.0,0.0,0.0,0.0
352,2020-03-01,East South Central,0.0,0.0,0.0,0.0,0.0,0.0
361,2020-03-02,East South Central,0.0,0.0,0.0,0.0,0.0,0.0
370,2020-03-03,East South Central,0.0,0.0,0.0,0.0,0.0,0.0
379,2020-03-04,East South Central,6.0,0.0,0.8571428571428571,0.0,0.0,0.0
388,2020-03-05,East South Central,2.0,6.0,1.1428571428571428,0.0,0.0,0.0
397,2020-03-06,East South Central,12.0,2.0,2.857142857142857,6.0,0.0,0.0
406,2020-03-07,East South Central,1.0,12.0,3.0,2.0,6.0,0.0
415,2020-03-08,East South Central,2.0,1.0,3.2857142857142856,12.0,2.0,0.0
424,2020-03-09,East South Central,3.0,2.0,3.7142857142857144,1.0,12.0,0.0
433,2020-03-10,East South Central,6.0,3.0,4.571428571428571,2.0,1.0,0.0
442,2020-03-11,East South Central,2.0,6.0,4.0,3.0,2.0,6.0
451,2020-03-12,East South Central,12.0,2.0,5.428571428571429,6.0,3.0,2.0
460,2020-03-13,East South Central,15.0,12.0,5.857142857142857,2.0,6.0,12.0
469,2020-03-14,East South Central,16.0,15.0,8.0,12.0,2.0,1.0
478,2020-03-15,East South Central,19.0,16.0,10.428571428571429,15.0,12.0,2.0
487,2020-03-16,East South Central,36.0,19.0,15.142857142857142,16.0,15.0,3.0
496,2020-03-17,East South Central,39.0,36.0,19.857142857142858,19.0,16.0,6.0
505,2020-03-18,East South Central,52.0,39.0,27.0,36.0,19.0,2.0
514,2020-03-19,East South Central,103.0,52.0,40.0,39.0,36.0,12.0
523,2020-03-20,East South Central,129.0,103.0,56.285714285714285,52.0,39.0,15.0
532,2020-03-21,East South Central,253.0,129.0,90.14285714285714,103.0,52.0,16.0
541,2020-03-22,East South Central,260.0,253.0,124.57142857142857,129.0,103.0,19.0
550,2020-03-23,East South Central,186.0,260.0,146.0,253.0,129.0,36.0
559,2020-03-24,East South Central,191.0,186.0,167.71428571428572,260.0,253.0,39.0
568,2020-03-25,East South Central,275.0,191.0,199.57142857142858,186.0,260.0,52.0
577,2020-03-26,East South Central,545.0,275.0,262.7142857142857,191.0,186.0,103.0
586,2020-03-27,East South Central,471.0,545.0,311.57142857142856,275.0,191.0,129.0
595,2020-03-28,East South Central,417.0,471.0,335.0,545.0,275.0,253.0
604,2020-03-29,East South Central,461.0,417.0,363.7142857142857,471.0,545.0,260.0
613,2020-03-30,East South Central,484.0,461.0,406.2857142857143,417.0,471.0,186.0
622,2020-03-31,East South Central,658.0,484.0,473.0,461.0,417.0,191.0
631,2020-04-01,East South Central,787.0,658.0,546.1428571428571,484.0,461.0,275.0
640,2020-04-02,East South Central,511.0,787.0,541.2857142857143,658.0,484.0,545.0
649,2020-04-03,East South Central,692.0,511.0,572.8571428571429,787.0,658.0,471.0
658,2020-04-04,East South Central,560.0,692.0,593.2857142857143,511.0,787.0,417.0
667,2020-04-05,East South Central,797.0,560.0,641.2857142857143,692.0,511.0,461.0
676,2020-04-06,East South Central,479.0,797.0,640.5714285714286,560.0,692.0,484.0
685,2020-04-07,East South Central,717.0,479.0,649.0,797.0,560.0,658.0
694,2020-04-08,East South Central,703.0,717.0,637.0,479.0,797.0,787.0
703,2020-04-09,East South Central,1126.0,703.0,724.8571428571429,717.0,479.0,511.0
712,2020-04-10,East South Central,983.0,1126.0,766.4285714285714,703.0,717.0,692.0
721,2020-04-11,East South Central,648.0,983.0,779.0,1126.0,703.0,560.0
730,2020-04-12,East South Central,814.0,648.0,781.4285714285714,983.0,1126.0,797.0
739,2020-04-13,East South Central,795.0,814.0,826.5714285714286,648.0,983.0,479.0
748,2020-04-14,East South Central,585.0,795.0,807.7142857142857,814.0,648.0,717.0
757,2020-04-15,East South Central,928.0,585.0,839.8571428571429,795.0,814.0,703.0
766,2020-04-16,East South Central,760.0,928.0,787.5714285714286,585.0,795.0,1126.0
775,2020-04-17,East South Central,819.0,760.0,764.1428571428571,928.0,585.0,983.0
784,2020-04-18,East South Central,572.0,819.0,753.2857142857143,760.0,928.0,648.0
793,2020-04-19,East South Central,975.0,572.0,776.2857142857143,819.0,760.0,814.0
802,2020-04-20,East South Central,847.0,975.0,783.7142857142857,572.0,819.0,795.0
811,2020-04-21,East South Central,656.0,847.0,793.8571428571429,975.0,572.0,585.0
820,2020-04-22,East South Central,1002.0,656.0,804.4285714285714,847.0,975.0,928.0
829,2020-04-23,East South Central,1177.0,1002.0,864.0,656.0,847.0,760.0
838,2020-04-24,East South Central,903.0,1177.0,876.0,1002.0,656.0,819.0
847,2020-04-25,East South Central,1350.0,903.0,987.1428571428571,1177.0,1002.0,572.0
856,2020-04-26,East South Central,930.0,1350.0,980.7142857142857,903.0,1177.0,975.0
865,2020-04-27,East South Central,832.0,930.0,978.5714285714286,1350.0,903.0,847.0
874,2020-04-28,East South Central,642.0,832.0,976.5714285714286,930.0,1350.0,656.0
883,2020-04-29,East South Central,925.0,642.0,965.5714285714286,832.0,930.0,1002.0
892,2020-04-30,East South Central,956.0,925.0,934.0,642.0,832.0,1177.0
901,2020-05-01,East South Central,1861.0,956.0,1070.857142857143,925.0,642.0,903.0
910,2020-05-02,East South Central,1446.0,1861.0,1084.5714285714287,956.0,925.0,1350.0
919,2020-05-03,East South Central,916.0,1446.0,1082.5714285714287,1861.0,956.0,930.0
928,2020-05-04,East South Central,1272.0,916.0,1145.4285714285713,1446.0,1861.0,832.0
937,2020-05-05,East South Central,824.0,1272.0,1171.4285714285713,916.0,1446.0,642.0
946,2020-05-06,East South Central,1338.0,824.0,1230.4285714285713,1272.0,916.0,925.0
955,2020-05-07,East South Central,849.0,1338.0,1215.142857142857,824.0,1272.0,956.0
964,2020-05-08,East South Central,1267.0,849.0,1130.2857142857142,1338.0,824.0,1861.0
973,2020-05-09,East South Central,1120.0,1267.0,1083.7142857142858,849.0,1338.0,1446.0
982,2020-05-10,East South Central,702.0,1120.0,1053.142857142857,1267.0,849.0,916.0
991,2020-05-11,East South Central,964.0,702.0,1009.1428571428571,1120.0,1267.0,1272.0
1000,2020-05-12,East South Central,1339.0,964.0,1082.7142857142858,702.0,1120.0,824.0
1009,2020-05-13,East South Central,924.0,1339.0,1023.5714285714286,964.0,702.0,1338.0
1018,2020-05-14,East South Central,1300.0,924.0,1088.0,1339.0,964.0,849.0
1027,2020-05-15,East South Central,982.0,1300.0,1047.2857142857142,924.0,1339.0,1267.0
1036,2020-05-16,East South Central,1166.0,982.0,1053.857142857143,1300.0,924.0,1120.0
1045,2020-05-17,East South Central,765.0,1166.0,1062.857142857143,982.0,1300.0,702.0
1054,2020-05-18,East South Central,1074.0,765.0,1078.5714285714287,1166.0,982.0,964.0
1063,2020-05-19,East South Central,1310.0,1074.0,1074.4285714285713,765.0,1166.0,1339.0
1072,2020-05-20,East South Central,785.0,1310.0,1054.5714285714287,1074.0,765.0,924.0
1081,2020-05-21,East South Central,1265.0,785.0,1049.5714285714287,1310.0,1074.0,1300.0
1090,2020-05-22,East South Central,1290.0,1265.0,1093.5714285714287,785.0,1310.0,982.0
1099,2020-05-23,East South Central,1291.0,1290.0,1111.4285714285713,1265.0,785.0,1166.0
1108,2020-05-24,East South Central,1137.0,1291.0,1164.5714285714287,1290.0,1265.0,765.0
1117,2020-05-25,East South Central,1071.0,1137.0,1164.142857142857,1291.0,1290.0,1074.0
1126,2020-05-26,East South Central,1297.0,1071.0,1162.2857142857142,1137.0,1291.0,1310.0
1135,2020-05-27,East South Central,1607.0,1297.0,1279.7142857142858,1071.0,1137.0,785.0
1144,2020-05-28,East South Central,1168.0,1607.0,1265.857142857143,1297.0,1071.0,1265.0
1153,2020-05-29,East South Central,1444.0,1168.0,1287.857142857143,1607.0,1297.0,1290.0
1162,2020-05-30,East South Central,1736.0,1444.0,1351.4285714285713,1168.0,1607.0,1291.0
1171,2020-05-31,East South Central,1496.0,1736.0,1402.7142857142858,1444.0,1168.0,1137.0
1180,2020-06-01,East South Central,1601.0,1496.0,1478.4285714285713,1736.0,1444.0,1071.0
1189,2020-06-02,East South Central,1507.0,1601.0,1508.4285714285713,1496.0,1736.0,1297.0
1198,2020-06-03,East South Central,1183.0,1507.0,1447.857142857143,1601.0,1496.0,1607.0
1207,2020-06-04,East South Central,1052.0,1183.0,1431.2857142857142,1507.0,1601.0,1168.0
1216,2020-06-05,East South Central,1186.0,1052.0,1394.4285714285713,1183.0,1507.0,1444.0
1225,2020-06-06,East South Central,1527.0,1186.0,1364.5714285714287,1052.0,1183.0,1736.0
1234,2020-06-07,East South Central,1268.0,1527.0,1332.0,1186.0,1052.0,1496.0
1243,2020-06-08,East South Central,1675.0,1268.0,1342.5714285714287,1527.0,1186.0,1601.0
1252,2020-06-09,East South Central,1360.0,1675.0,1321.5714285714287,1268.0,1527.0,1507.0
1261,2020-06-10,East South Central,1943.0,1360.0,1430.142857142857,1675.0,1268.0,1183.0
1270,2020-06-11,East South Central,1395.0,1943.0,1479.142857142857,1360.0,1675.0,1052.0
1279,2020-06-12,East South Central,2061.0,1395.0,1604.142857142857,1943.0,1360.0,1186.0
1288,2020-06-13,East South Central,2063.0,2061.0,1680.7142857142858,1395.0,1943.0,1527.0
1297,2020-06-14,East South Central,2073.0,2063.0,1795.7142857142858,2061.0,1395.0,1268.0
1306,2020-06-15,East South Central,1870.0,2073.0,1823.5714285714287,2063.0,2061.0,1675.0
1315,2020-06-16,East South Central,1845.0,1870.0,1892.857142857143,2073.0,2063.0,1360.0
1324,2020-06-17,East South Central,1368.0,1845.0,1810.7142857142858,1870.0,2073.0,1943.0
1333,2020-06-18,East South Central,1782.0,1368.0,1866.0,1845.0,1870.0,1395.0
1342,2020-06-19,East South Central,2241.0,1782.0,1891.7142857142858,1368.0,1845.0,2061.0
1351,2020-06-20,East South Central,1152.0,2241.0,1761.5714285714287,1782.0,1368.0,2063.0
1360,2020-06-21,East South Central,1248.0,1152.0,1643.7142857142858,2241.0,1782.0,2073.0
1369,2020-06-22,East South Central,2619.0,1248.0,1750.7142857142858,1152.0,2241.0,1870.0
1378,2020-06-23,East South Central,2306.0,2619.0,1816.5714285714287,1248.0,1152.0,1845.0
1387,2020-06-24,East South Central,2647.0,2306.0,1999.2857142857142,2619.0,1248.0,1368.0
1396,2020-06-25,East South Central,3287.0,2647.0,2214.285714285714,2306.0,2619.0,1782.0
1405,2020-06-26,East South Central,3179.0,3287.0,2348.285714285714,2647.0,2306.0,2241.0
1414,2020-06-27,East South Central,2093.0,3179.0,2482.714285714286,3287.0,2647.0,1152.0
1423,2020-06-28,East South Central,1092.0,2093.0,2460.4285714285716,3179.0,3287.0,1248.0
1432,2020-06-29,East South Central,4649.0,1092.0,2750.4285714285716,2093.0,3179.0,2619.0
1441,2020-06-30,East South Central,3039.0,4649.0,2855.1428571428573,1092.0,2093.0,2306.0
1450,2020-07-01,East South Central,3594.0,3039.0,2990.4285714285716,4649.0,1092.0,2647.0
1459,2020-07-02,East South Central,3831.0,3594.0,3068.1428571428573,3039.0,4649.0,3287.0
1468,2020-07-03,East South Central,3873.0,3831.0,3167.285714285714,3594.0,3039.0,3179.0
1477,2020-07-04,East South Central,4329.0,3873.0,3486.714285714286,3831.0,3594.0,2093.0
1486,2020-07-05,East South Central,2608.0,4329.0,3703.285714285714,3873.0,3831.0,1092.0
1495,2020-07-06,East South Central,2782.0,2608.0,3436.5714285714284,4329.0,3873.0,4649.0
1504,2020-07-07,East South Central,3590.0,2782.0,3515.285714285714,2608.0,4329.0,3039.0
1513,2020-07-08,East South Central,4723.0,3590.0,3676.5714285714284,2782.0,2608.0,3594.0
1522,2020-07-09,East South Central,4846.0,4723.0,3821.5714285714284,3590.0,2782.0,3831.0
1531,2020-07-10,East South Central,4745.0,4846.0,3946.1428571428573,4723.0,3590.0,3873.0
1540,2020-07-11,East South Central,4147.0,4745.0,3920.1428571428573,4846.0,4723.0,4329.0
1549,2020-07-12,East South Central,3730.0,4147.0,4080.4285714285716,4745.0,4846.0,2608.0
1558,2020-07-13,East South Central,5929.0,3730.0,4530.0,4147.0,4745.0,2782.0
1567,2020-07-14,East South Central,4656.0,5929.0,4682.285714285715,3730.0,4147.0,3590.0
1576,2020-07-15,East South Central,5564.0,4656.0,4802.428571428572,5929.0,3730.0,4723.0
1585,2020-07-16,East South Central,6136.0,5564.0,4986.714285714285,4656.0,5929.0,4846.0
1594,2020-07-17,East South Central,5836.0,6136.0,5142.571428571428,5564.0,4656.0,4745.0
1603,2020-07-18,East South Central,6256.0,5836.0,5443.857142857143,6136.0,5564.0,4147.0
1612,2020-07-19,East South Central,5325.0,6256.0,5671.714285714285,5836.0,6136.0,3730.0
1621,2020-07-20,East South Central,5023.0,5325.0,5542.285714285715,6256.0,5836.0,5929.0
1630,2020-07-21,East South Central,5938.0,5023.0,5725.428571428572,5325.0,6256.0,4656.0
1639,2020-07-22,East South Central,5955.0,5938.0,5781.285714285715,5023.0,5325.0,5564.0
1648,2020-07-23,East South Central,6558.0,5955.0,5841.571428571428,5938.0,5023.0,6136.0
1657,2020-07-24,East South Central,6278.0,6558.0,5904.714285714285,5955.0,5938.0,5836.0
1666,2020-07-25,East South Central,6110.0,6278.0,5883.857142857143,6558.0,5955.0,6256.0
1675,2020-07-26,East South Central,5826.0,6110.0,5955.428571428572,6278.0,6558.0,5325.0
1684,2020-07-27,East South Central,5549.0,5826.0,6030.571428571428,6110.0,6278.0,5023.0
1693,2020-07-28,East South Central,5673.0,5549.0,5992.714285714285,5826.0,6110.0,5938.0
1702,2020-07-29,East South Central,5300.0,5673.0,5899.142857142857,5549.0,5826.0,5955.0
1711,2020-07-30,East South Central,6463.0,5300.0,5885.571428571428,5673.0,5549.0,6558.0
1720,2020-07-31,East South Central,6982.0,6463.0,5986.142857142857,5300.0,5673.0,6278.0
1729,2020-08-01,East South Central,5557.0,6982.0,5907.142857142857,6463.0,5300.0,6110.0
1738,2020-08-02,East South Central,4672.0,5557.0,5742.285714285715,6982.0,6463.0,5826.0
1747,2020-08-03,East South Central,3121.0,4672.0,5395.428571428572,5557.0,6982.0,5549.0
1756,2020-08-04,East South Central,4609.0,3121.0,5243.428571428572,4672.0,5557.0,5673.0
1765,2020-08-05,East South Central,4398.0,4609.0,5114.571428571428,3121.0,4672.0,5300.0
1774,2020-08-06,East South Central,5659.0,4398.0,4999.714285714285,4609.0,3121.0,6463.0
1783,2020-08-07,East South Central,5719.0,5659.0,4819.285714285715,4398.0,4609.0,6982.0
1792,2020-08-08,East South Central,3881.0,5719.0,4579.857142857143,5659.0,4398.0,5557.0
1801,2020-08-09,East South Central,6005.0,3881.0,4770.285714285715,5719.0,5659.0,4672.0
1810,2020-08-10,East South Central,3636.0,6005.0,4843.857142857143,3881.0,5719.0,3121.0
1819,2020-08-11,East South Central,3015.0,3636.0,4616.142857142857,6005.0,3881.0,4609.0
1828,2020-08-12,East South Central,4646.0,3015.0,4651.571428571428,3636.0,6005.0,4398.0
1837,2020-08-13,East South Central,4242.0,4646.0,4449.142857142857,3015.0,3636.0,5659.0
1846,2020-08-14,East South Central,4255.0,4242.0,4240.0,4646.0,3015.0,5719.0
1855,2020-08-15,East South Central,4017.0,4255.0,4259.428571428572,4242.0,4646.0,3881.0
1864,2020-08-16,East South Central,3580.0,4017.0,3913.0,4255.0,4242.0,6005.0
1873,2020-08-17,East South Central,2259.0,3580.0,3716.285714285714,4017.0,4255.0,3636.0
1882,2020-08-18,East South Central,3794.0,2259.0,3827.5714285714284,3580.0,4017.0,3015.0
1891,2020-08-19,East South Central,5114.0,3794.0,3894.4285714285716,2259.0,3580.0,4646.0
1900,2020-08-20,East South Central,3940.0,5114.0,3851.285714285714,3794.0,2259.0,4242.0
1909,2020-08-21,East South Central,3503.0,3940.0,3743.8571428571427,5114.0,3794.0,4255.0
1918,2020-08-22,East South Central,3946.0,3503.0,3733.714285714286,3940.0,5114.0,4017.0
1927,2020-08-23,East South Central,4272.0,3946.0,3832.5714285714284,3503.0,3940.0,3580.0
1936,2020-08-24,East South Central,3198.0,4272.0,3966.714285714286,3946.0,3503.0,2259.0
1945,2020-08-25,East South Central,2815.0,3198.0,3826.8571428571427,4272.0,3946.0,3794.0
1954,2020-08-26,East South Central,5514.0,2815.0,3884.0,3198.0,4272.0,5114.0
1963,2020-08-27,East South Central,4928.0,5514.0,4025.1428571428573,2815.0,3198.0,3940.0
1972,2020-08-28,East South Central,4176.0,4928.0,4121.285714285715,5514.0,2815.0,3503.0
1981,2020-08-29,East South Central,4724.0,4176.0,4232.428571428572,4928.0,5514.0,3946.0
1990,2020-08-30,East South Central,3283.0,4724.0,4091.1428571428573,4176.0,4928.0,4272.0
1999,2020-08-31,East South Central,3279.0,3283.0,4102.714285714285,4724.0,4176.0,3198.0
2008,2020-09-01,East South Central,4377.0,3279.0,4325.857142857143,3283.0,4724.0,2815.0
2017,2020-09-02,East South Central,3712.0,4377.0,4068.4285714285716,3279.0,3283.0,5514.0
2026,2020-09-03,East South Central,4406.0,3712.0,3993.8571428571427,4377.0,3279.0,4928.0
2035,2020-09-04,East South Central,3774.0,4406.0,3936.4285714285716,3712.0,4377.0,4176.0
2044,2020-09-05,East South Central,4501.0,3774.0,3904.5714285714284,4406.0,3712.0,4724.0
2053,2020-09-06,East South Central,2995.0,4501.0,3863.4285714285716,3774.0,4406.0,3283.0
2062,2020-09-07,East South Central,2174.0,2995.0,3705.5714285714284,4501.0,3774.0,3279.0
2071,2020-09-08,East South Central,1782.0,2174.0,3334.8571428571427,2995.0,4501.0,4377.0
2080,2020-09-09,East South Central,2728.0,1782.0,3194.285714285714,2174.0,2995.0,3712.0
2089,2020-09-10,East South Central,4110.0,2728.0,3152.0,1782.0,2174.0,4406.0
2098,2020-09-11,East South Central,4545.0,4110.0,3262.1428571428573,2728.0,1782.0,3774.0
2107,2020-09-12,East South Central,3131.0,4545.0,3066.4285714285716,4110.0,2728.0,4501.0
2116,2020-09-13,East South Central,2826.0,3131.0,3042.285714285714,4545.0,4110.0,2995.0
2125,2020-09-14,East South Central,3635.0,2826.0,3251.0,3131.0,4545.0,2174.0
2134,2020-09-15,East South Central,2881.0,3635.0,3408.0,2826.0,3131.0,1782.0
2143,2020-09-16,East South Central,4258.0,2881.0,3626.5714285714284,3635.0,2826.0,2728.0
2152,2020-09-17,East South Central,3030.0,4258.0,3472.285714285714,2881.0,3635.0,4110.0
2161,2020-09-18,East South Central,4221.0,3030.0,3426.0,4258.0,2881.0,4545.0
2170,2020-09-19,East South Central,4373.0,4221.0,3603.4285714285716,3030.0,4258.0,3131.0
2179,2020-09-20,East South Central,3586.0,4373.0,3712.0,4221.0,3030.0,2826.0
2188,2020-09-21,East South Central,2280.0,3586.0,3518.4285714285716,4373.0,4221.0,3635.0
2197,2020-09-22,East South Central,2822.0,2280.0,3510.0,3586.0,4373.0,2881.0
2206,2020-09-23,East South Central,3468.0,2822.0,3397.1428571428573,2280.0,3586.0,4258.0
2215,2020-09-24,East South Central,3266.0,3468.0,3430.8571428571427,2822.0,2280.0,3030.0
2224,2020-09-25,East South Central,5992.0,3266.0,3683.8571428571427,3468.0,2822.0,4221.0
2233,2020-09-26,East South Central,3985.0,5992.0,3628.4285714285716,3266.0,3468.0,4373.0
2242,2020-09-27,East South Central,3471.0,3985.0,3612.0,5992.0,3266.0,3586.0
2251,2020-09-28,East South Central,2037.0,3471.0,3577.285714285714,3985.0,5992.0,2280.0
2260,2020-09-29,East South Central,2956.0,2037.0,3596.4285714285716,3471.0,3985.0,2822.0
2269,2020-09-30,East South Central,4211.0,2956.0,3702.5714285714284,2037.0,3471.0,3468.0
2278,2020-10-01,East South Central,3920.0,4211.0,3796.0,2956.0,2037.0,3266.0
2287,2020-10-02,East South Central,3596.0,3920.0,3453.714285714286,4211.0,2956.0,5992.0
2296,2020-10-03,East South Central,4757.0,3596.0,3564.0,3920.0,4211.0,3985.0
2305,2020-10-04,East South Central,3341.0,4757.0,3545.4285714285716,3596.0,3920.0,3471.0
2314,2020-10-05,East South Central,3789.0,3341.0,3795.714285714286,4757.0,3596.0,2037.0
2323,2020-10-06,East South Central,3476.0,3789.0,3870.0,3341.0,4757.0,2956.0
2332,2020-10-07,East South Central,6952.0,3476.0,4261.571428571428,3789.0,3341.0,4211.0
2341,2020-10-08,East South Central,3995.0,6952.0,4272.285714285715,3476.0,3789.0,3920.0
2350,2020-10-09,East South Central,4909.0,3995.0,4459.857142857143,6952.0,3476.0,3596.0
2359,2020-10-10,East South Central,4653.0,4909.0,4445.0,3995.0,6952.0,4757.0
2368,2020-10-11,East South Central,4025.0,4653.0,4542.714285714285,4909.0,3995.0,3341.0
2377,2020-10-12,East South Central,4633.0,4025.0,4663.285714285715,4653.0,4909.0,3789.0
2386,2020-10-13,East South Central,3738.0,4633.0,4700.714285714285,4025.0,4653.0,3476.0
2395,2020-10-14,East South Central,4691.0,3738.0,4377.714285714285,4633.0,4025.0,6952.0
2404,2020-10-15,East South Central,5978.0,4691.0,4661.0,3738.0,4633.0,3995.0
2413,2020-10-16,East South Central,4305.0,5978.0,4574.714285714285,4691.0,3738.0,4909.0
2422,2020-10-17,East South Central,5976.0,4305.0,4763.714285714285,5978.0,4691.0,4653.0
2431,2020-10-18,East South Central,4379.0,5976.0,4814.285714285715,4305.0,5978.0,4025.0
2440,2020-10-19,East South Central,5402.0,4379.0,4924.142857142857,5976.0,4305.0,4633.0
2449,2020-10-20,East South Central,4578.0,5402.0,5044.142857142857,4379.0,5976.0,3738.0
2458,2020-10-21,East South Central,5691.0,4578.0,5187.0,5402.0,4379.0,4691.0
2467,2020-10-22,East South Central,5697.0,5691.0,5146.857142857143,4578.0,5402.0,5978.0
2476,2020-10-23,East South Central,9702.0,5697.0,5917.857142857143,5691.0,4578.0,4305.0
2485,2020-10-24,East South Central,7878.0,9702.0,6189.571428571428,5697.0,5691.0,5976.0
2494,2020-10-25,East South Central,6041.0,7878.0,6427.0,9702.0,5697.0,4379.0
2503,2020-10-26,East South Central,4845.0,6041.0,6347.428571428572,7878.0,9702.0,5402.0
2512,2020-10-27,East South Central,5648.0,4845.0,6500.285714285715,6041.0,7878.0,4578.0
2521,2020-10-28,East South Central,6572.0,5648.0,6626.142857142857,4845.0,6041.0,5691.0
2530,2020-10-29,East South Central,6884.0,6572.0,6795.714285714285,5648.0,4845.0,5697.0
2539,2020-10-30,East South Central,6641.0,6884.0,6358.428571428572,6572.0,5648.0,9702.0
2548,2020-10-31,East South Central,5774.0,6641.0,6057.857142857143,6884.0,6572.0,7878.0
2557,2020-11-01,East South Central,4217.0,5774.0,5797.285714285715,6641.0,6884.0,6041.0
2566,2020-11-02,East South Central,5461.0,4217.0,5885.285714285715,5774.0,6641.0,4845.0
2575,2020-11-03,East South Central,5160.0,5461.0,5815.571428571428,4217.0,5774.0,5648.0
2584,2020-11-04,East South Central,7689.0,5160.0,5975.142857142857,5461.0,4217.0,6572.0
2593,2020-11-05,East South Central,7230.0,7689.0,6024.571428571428,5160.0,5461.0,6884.0
2602,2020-11-06,East South Central,6124.0,7230.0,5950.714285714285,7689.0,5160.0,6641.0
2611,2020-11-07,East South Central,10026.0,6124.0,6558.142857142857,7230.0,7689.0,5774.0
2620,2020-11-08,East South Central,6822.0,10026.0,6930.285714285715,6124.0,7230.0,4217.0
2629,2020-11-09,East South Central,9334.0,6822.0,7483.571428571428,10026.0,6124.0,5461.0
2638,2020-11-10,East South Central,6701.0,9334.0,7703.714285714285,6822.0,10026.0,5160.0
2647,2020-11-11,East South Central,9656.0,6701.0,7984.714285714285,9334.0,6822.0,7689.0
2656,2020-11-12,East South Central,8951.0,9656.0,8230.57142857143,6701.0,9334.0,7230.0
2665,2020-11-13,East South Central,11182.0,8951.0,8953.142857142857,9656.0,6701.0,6124.0
2674,2020-11-14,East South Central,11551.0,11182.0,9171.0,8951.0,9656.0,10026.0
2683,2020-11-15,East South Central,10214.0,11551.0,9655.57142857143,11182.0,8951.0,6822.0
2692,2020-11-16,East South Central,11461.0,10214.0,9959.42857142857,11551.0,11182.0,9334.0
2701,2020-11-17,East South Central,7273.0,11461.0,10041.142857142857,10214.0,11551.0,6701.0
2710,2020-11-18,East South Central,11448.0,7273.0,10297.142857142857,11461.0,10214.0,9656.0
2719,2020-11-19,East South Central,10343.0,11448.0,10496.0,7273.0,11461.0,8951.0
2728,2020-11-20,East South Central,11361.0,10343.0,10521.57142857143,11448.0,7273.0,11182.0
2737,2020-11-21,East South Central,12364.0,11361.0,10637.714285714286,10343.0,11448.0,11551.0
2746,2020-11-22,East South Central,9358.0,12364.0,10515.42857142857,11361.0,10343.0,10214.0
2755,2020-11-23,East South Central,8479.0,9358.0,10089.42857142857,12364.0,11361.0,11461.0
2764,2020-11-24,East South Central,7360.0,8479.0,10101.857142857143,9358.0,12364.0,7273.0
2773,2020-11-25,East South Central,8964.0,7360.0,9747.0,8479.0,9358.0,11448.0
2782,2020-11-26,East South Central,8789.0,8964.0,9525.0,7360.0,8479.0,10343.0
2791,2020-11-27,East South Central,11878.0,8789.0,9598.857142857143,8964.0,7360.0,11361.0
2800,2020-11-28,East South Central,12849.0,11878.0,9668.142857142857,8789.0,8964.0,12364.0
2809,2020-11-29,East South Central,9876.0,12849.0,9742.142857142857,11878.0,8789.0,9358.0
2818,2020-11-30,East South Central,13871.0,9876.0,10512.42857142857,12849.0,11878.0,8479.0
2827,2020-12-01,East South Central,14337.0,13871.0,11509.142857142857,9876.0,12849.0,7360.0
2836,2020-12-02,East South Central,14081.0,14337.0,12240.142857142857,13871.0,9876.0,8964.0
2845,2020-12-03,East South Central,13502.0,14081.0,12913.42857142857,14337.0,13871.0,8789.0
2854,2020-12-04,East South Central,14268.0,13502.0,13254.857142857143,14081.0,14337.0,11878.0
2863,2020-12-05,East South Central,14118.0,14268.0,13436.142857142857,13502.0,14081.0,12849.0
2872,2020-12-06,East South Central,9400.0,14118.0,13368.142857142857,14268.0,13502.0,9876.0
2881,2020-12-07,East South Central,13711.0,9400.0,13345.285714285714,14118.0,14268.0,13871.0
2890,2020-12-08,East South Central,15263.0,13711.0,13477.57142857143,9400.0,14118.0,14337.0
2899,2020-12-09,East South Central,17949.0,15263.0,14030.142857142857,13711.0,9400.0,14081.0
2908,2020-12-10,East South Central,17343.0,17949.0,14578.857142857143,15263.0,13711.0,13502.0
2917,2020-12-11,East South Central,17139.0,17343.0,14989.0,17949.0,15263.0,14268.0
2926,2020-12-12,East South Central,16962.0,17139.0,15395.285714285714,17343.0,17949.0,14118.0
2935,2020-12-13,East South Central,18086.0,16962.0,16636.14285714286,17139.0,17343.0,9400.0
2944,2020-12-14,East South Central,15657.0,18086.0,16914.14285714286,16962.0,17139.0,13711.0
2953,2020-12-15,East South Central,17382.0,15657.0,17216.85714285714,18086.0,16962.0,15263.0
2962,2020-12-16,East South Central,20735.0,17382.0,17614.85714285714,15657.0,18086.0,17949.0
2971,2020-12-17,East South Central,19229.0,20735.0,17884.285714285714,17382.0,15657.0,17343.0
2980,2020-12-18,East South Central,21445.0,19229.0,18499.428571428572,20735.0,17382.0,17139.0
2989,2020-12-19,East South Central,9295.0,21445.0,17404.14285714286,19229.0,20735.0,16962.0
2998,2020-12-20,East South Central,22563.0,9295.0,18043.714285714286,21445.0,19229.0,18086.0
3007,2020-12-21,East South Central,15414.0,22563.0,18009.0,9295.0,21445.0,15657.0
3016,2020-12-22,East South Central,14658.0,15414.0,17619.85714285714,22563.0,9295.0,17382.0
3025,2020-12-23,East South Central,17549.0,14658.0,17164.714285714286,15414.0,22563.0,20735.0
3034,2020-12-24,East South Central,11815.0,17549.0,16105.57142857143,14658.0,15414.0,19229.0
3043,2020-12-25,East South Central,5152.0,11815.0,13778.0,17549.0,14658.0,21445.0
3052,2020-12-26,East South Central,21555.0,5152.0,15529.42857142857,11815.0,17549.0,9295.0
3061,2020-12-27,East South Central,8223.0,21555.0,13480.857142857143,5152.0,11815.0,22563.0
3070,2020-12-28,East South Central,9136.0,8223.0,12584.0,21555.0,5152.0,15414.0
3079,2020-12-29,East South Central,13622.0,9136.0,12436.0,8223.0,21555.0,14658.0
3088,2020-12-30,East South Central,20029.0,13622.0,12790.285714285714,9136.0,8223.0,17549.0
3097,2020-12-31,East South Central,13155.0,20029.0,12981.714285714286,13622.0,9136.0,11815.0
3106,2021-01-01,East South Central,7096.0,13155.0,13259.42857142857,20029.0,13622.0,5152.0
3115,2021-01-02,East South Central,31641.0,7096.0,14700.285714285714,13155.0,20029.0,21555.0
3124,2021-01-03,East South Central,11280.0,31641.0,15137.0,7096.0,13155.0,8223.0
3133,2021-01-04,East South Central,10047.0,11280.0,15267.142857142857,31641.0,7096.0,9136.0
3142,2021-01-05,East South Central,14357.0,10047.0,15372.142857142857,11280.0,31641.0,13622.0
3151,2021-01-06,East South Central,20675.0,14357.0,15464.42857142857,10047.0,11280.0,20029.0
3160,2021-01-07,East South Central,22190.0,20675.0,16755.14285714286,14357.0,10047.0,13155.0
3169,2021-01-08,East South Central,18338.0,22190.0,18361.14285714286,20675.0,14357.0,7096.0
3178,2021-01-09,East South Central,18141.0,18338.0,16432.571428571428,22190.0,20675.0,31641.0
3187,2021-01-10,East South Central,15610.0,18141.0,17051.14285714286,18338.0,22190.0,11280.0
3196,2021-01-11,East South Central,8936.0,15610.0,16892.428571428572,18141.0,18338.0,10047.0
3205,2021-01-12,East South Central,11996.0,8936.0,16555.14285714286,15610.0,18141.0,14357.0
3214,2021-01-13,East South Central,14267.0,11996.0,15639.714285714286,8936.0,15610.0,20675.0
3223,2021-01-14,East South Central,14582.0,14267.0,14552.857142857143,11996.0,8936.0,22190.0
3232,2021-01-15,East South Central,14769.0,14582.0,14043.0,14267.0,11996.0,18338.0
3241,2021-01-16,East South Central,13696.0,14769.0,13408.0,14582.0,14267.0,18141.0
3250,2021-01-17,East South Central,10347.0,13696.0,12656.142857142857,14769.0,14582.0,15610.0
3259,2021-01-18,East South Central,7310.0,10347.0,12423.857142857143,13696.0,14769.0,8936.0
3268,2021-01-19,East South Central,8004.0,7310.0,11853.57142857143,10347.0,13696.0,11996.0
3277,2021-01-20,East South Central,12711.0,8004.0,11631.285714285714,7310.0,10347.0,14267.0
3286,2021-01-21,East South Central,12376.0,12711.0,11316.142857142857,8004.0,7310.0,14582.0
3295,2021-01-22,East South Central,12410.0,12376.0,10979.142857142857,12711.0,8004.0,14769.0
3304,2021-01-23,East South Central,13029.0,12410.0,10883.857142857143,12376.0,12711.0,13696.0
3313,2021-01-24,East South Central,7783.0,13029.0,10517.57142857143,12410.0,12376.0,10347.0
3322,2021-01-25,East South Central,5726.0,7783.0,10291.285714285714,13029.0,12410.0,7310.0
3331,2021-01-26,East South Central,9023.0,5726.0,10436.857142857143,7783.0,13029.0,8004.0
3340,2021-01-27,East South Central,11066.0,9023.0,10201.857142857143,5726.0,7783.0,12711.0
3349,2021-01-28,East South Central,10163.0,11066.0,9885.714285714286,9023.0,5726.0,12376.0
3358,2021-01-29,East South Central,12543.0,10163.0,9904.714285714286,11066.0,9023.0,12410.0
3367,2021-01-30,East South Central,6425.0,12543.0,8961.285714285714,10163.0,11066.0,13029.0
3376,2021-01-31,East South Central,9753.0,6425.0,9242.714285714286,12543.0,10163.0,7783.0
3385,2021-02-01,East South Central,4869.0,9753.0,9120.285714285714,6425.0,12543.0,5726.0
3394,2021-02-02,East South Central,7507.0,4869.0,8903.714285714286,9753.0,6425.0,9023.0
3403,2021-02-03,East South Central,7346.0,7507.0,8372.285714285714,4869.0,9753.0,11066.0
3412,2021-02-04,East South Central,9624.0,7346.0,8295.285714285714,7507.0,4869.0,10163.0
3421,2021-02-05,East South Central,7623.0,9624.0,7592.428571428572,7346.0,7507.0,12543.0
3430,2021-02-06,East South Central,8204.0,7623.0,7846.571428571428,9624.0,7346.0,6425.0
3439,2021-02-07,East South Central,5927.0,8204.0,7300.0,7623.0,9624.0,9753.0
3448,2021-02-08,East South Central,3789.0,5927.0,7145.714285714285,8204.0,7623.0,4869.0
3457,2021-02-09,East South Central,5938.0,3789.0,6921.571428571428,5927.0,8204.0,7507.0
3466,2021-02-10,East South Central,7043.0,5938.0,6878.285714285715,3789.0,5927.0,7346.0
3475,2021-02-11,East South Central,5909.0,7043.0,6347.571428571428,5938.0,3789.0,9624.0
3484,2021-02-12,East South Central,5750.0,5909.0,6080.0,7043.0,5938.0,7623.0
3493,2021-02-13,East South Central,4440.0,5750.0,5542.285714285715,5909.0,7043.0,8204.0
3502,2021-02-14,East South Central,5223.0,4440.0,5441.714285714285,5750.0,5909.0,5927.0
3511,2021-02-15,East South Central,3084.0,5223.0,5341.0,4440.0,5750.0,3789.0
3520,2021-02-16,East South Central,3820.0,3084.0,5038.428571428572,5223.0,4440.0,5938.0
3529,2021-02-17,East South Central,3153.0,3820.0,4482.714285714285,3084.0,5223.0,7043.0
3538,2021-02-18,East South Central,3287.0,3153.0,4108.142857142857,3820.0,3084.0,5909.0
3547,2021-02-19,East South Central,4537.0,3287.0,3934.8571428571427,3153.0,3820.0,5750.0
3556,2021-02-20,East South Central,3790.0,4537.0,3842.0,3287.0,3153.0,4440.0
3565,2021-02-21,East South Central,3355.0,3790.0,3575.1428571428573,4537.0,3287.0,5223.0
3574,2021-02-22,East South Central,2400.0,3355.0,3477.4285714285716,3790.0,4537.0,3084.0
3583,2021-02-23,East South Central,4514.0,2400.0,3576.5714285714284,3355.0,3790.0,3820.0
3592,2021-02-24,East South Central,4841.0,4514.0,3817.714285714286,2400.0,3355.0,3153.0
3601,2021-02-25,East South Central,5247.0,4841.0,4097.714285714285,4514.0,2400.0,3287.0
3610,2021-02-26,East South Central,4219.0,5247.0,4052.285714285714,4841.0,4514.0,4537.0
3619,2021-02-27,East South Central,3778.0,4219.0,4050.5714285714284,5247.0,4841.0,3790.0
3628,2021-02-28,East South Central,3065.0,3778.0,4009.1428571428573,4219.0,5247.0,3355.0
3637,2021-03-01,East South Central,1909.0,3065.0,3939.0,3778.0,4219.0,2400.0
3646,2021-03-02,East South Central,2672.0,1909.0,3675.8571428571427,3065.0,3778.0,4514.0
3655,2021-03-03,East South Central,5883.0,2672.0,3824.714285714286,1909.0,3065.0,4841.0
3664,2021-03-04,East South Central,3982.0,5883.0,3644.0,2672.0,1909.0,5247.0
3673,2021-03-05,East South Central,3752.0,3982.0,3577.285714285714,5883.0,2672.0,4219.0
3682,2021-03-06,East South Central,3251.0,3752.0,3502.0,3982.0,5883.0,3778.0
3691,2021-03-07,East South Central,1193.0,3251.0,3234.5714285714284,3752.0,3982.0,3065.0
3700,2021-03-08,East South Central,1734.0,1193.0,3209.5714285714284,3251.0,3752.0,1909.0
3709,2021-03-09,East South Central,2814.0,1734.0,3229.8571428571427,1193.0,3251.0,2672.0
3718,2021-03-10,East South Central,3570.0,2814.0,2899.4285714285716,1734.0,1193.0,5883.0
3727,2021-03-11,East South Central,4046.0,3570.0,2908.5714285714284,2814.0,1734.0,3982.0
3736,2021-03-12,East South Central,3802.0,4046.0,2915.714285714286,3570.0,2814.0,3752.0
3745,2021-03-13,East South Central,2068.0,3802.0,2746.714285714286,4046.0,3570.0,3251.0
3754,2021-03-14,East South Central,1009.0,2068.0,2720.4285714285716,3802.0,4046.0,1193.0
3763,2021-03-15,East South Central,8084.0,1009.0,3627.5714285714284,2068.0,3802.0,1734.0
3772,2021-03-16,East South Central,2856.0,8084.0,3633.5714285714284,1009.0,2068.0,2814.0
3781,2021-03-17,East South Central,3707.0,2856.0,3653.1428571428573,8084.0,1009.0,3570.0
3790,2021-03-18,East South Central,2549.0,3707.0,3439.285714285714,2856.0,8084.0,4046.0
3799,2021-03-19,East South Central,3514.0,2549.0,3398.1428571428573,3707.0,2856.0,3802.0
3808,2021-03-20,East South Central,1459.0,3514.0,3311.1428571428573,2549.0,3707.0,2068.0
3817,2021-03-21,East South Central,863.0,1459.0,3290.285714285714,3514.0,2549.0,1009.0
3826,2021-03-22,East South Central,3854.0,863.0,2686.0,1459.0,3514.0,8084.0
3835,2021-03-23,East South Central,2478.0,3854.0,2632.0,863.0,1459.0,2856.0
3844,2021-03-24,East South Central,3354.0,2478.0,2581.5714285714284,3854.0,863.0,3707.0
3853,2021-03-25,East South Central,2999.0,3354.0,2645.8571428571427,2478.0,3854.0,2549.0
3862,2021-03-26,East South Central,2643.0,2999.0,2521.4285714285716,3354.0,2478.0,3514.0
3871,2021-03-27,East South Central,1198.0,2643.0,2484.1428571428573,2999.0,3354.0,1459.0
3880,2021-03-28,East South Central,875.0,1198.0,2485.8571428571427,2643.0,2999.0,863.0
3889,2021-03-29,East South Central,3000.0,875.0,2363.8571428571427,1198.0,2643.0,3854.0
3898,2021-03-30,East South Central,2473.0,3000.0,2363.1428571428573,875.0,1198.0,2478.0
3907,2021-03-31,East South Central,2471.0,2473.0,2237.0,3000.0,875.0,3354.0
3916,2021-04-01,East South Central,3488.0,2471.0,2306.8571428571427,2473.0,3000.0,2999.0
3925,2021-04-02,East South Central,1528.0,3488.0,2147.5714285714284,2471.0,2473.0,2643.0
3934,2021-04-03,East South Central,1146.0,1528.0,2140.1428571428573,3488.0,2471.0,1198.0
3943,2021-04-04,East South Central,361.0,1146.0,2066.714285714286,1528.0,3488.0,875.0
3952,2021-04-05,East South Central,4251.0,361.0,2245.4285714285716,1146.0,1528.0,3000.0
3961,2021-04-06,East South Central,1685.0,4251.0,2132.8571428571427,361.0,1146.0,2473.0
3970,2021-04-07,East South Central,2893.0,1685.0,2193.1428571428573,4251.0,361.0,2471.0
3979,2021-04-08,East South Central,2899.0,2893.0,2109.0,1685.0,4251.0,3488.0
3988,2021-04-09,East South Central,2418.0,2899.0,2236.1428571428573,2893.0,1685.0,1528.0
3997,2021-04-10,East South Central,996.0,2418.0,2214.714285714286,2899.0,2893.0,1146.0
4006,2021-04-11,East South Central,957.0,996.0,2299.8571428571427,2418.0,2899.0,361.0
4015,2021-04-12,East South Central,2988.0,957.0,2119.4285714285716,996.0,2418.0,4251.0
4024,2021-04-13,East South Central,4138.0,2988.0,2469.8571428571427,957.0,996.0,1685.0
4033,2021-04-14,East South Central,2552.0,4138.0,2421.1428571428573,2988.0,957.0,2893.0
4042,2021-04-15,East South Central,3250.0,2552.0,2471.285714285714,4138.0,2988.0,2899.0
4051,2021-04-16,East South Central,2675.0,3250.0,2508.0,2552.0,4138.0,2418.0
4060,2021-04-17,East South Central,1406.0,2675.0,2566.5714285714284,3250.0,2552.0,996.0
4069,2021-04-18,East South Central,733.0,1406.0,2534.5714285714284,2675.0,3250.0,957.0
4078,2021-04-19,East South Central,5742.0,733.0,2928.0,1406.0,2675.0,2988.0
4087,2021-04-20,East South Central,3138.0,5742.0,2785.1428571428573,733.0,1406.0,4138.0
4096,2021-04-21,East South Central,2578.0,3138.0,2788.8571428571427,5742.0,733.0,2552.0
4105,2021-04-22,East South Central,3375.0,2578.0,2806.714285714286,3138.0,5742.0,3250.0
4114,2021-04-23,East South Central,2502.0,3375.0,2782.0,2578.0,3138.0,2675.0
4123,2021-04-24,East South Central,930.0,2502.0,2714.0,3375.0,2578.0,1406.0
4132,2021-04-25,East South Central,553.0,930.0,2688.285714285714,2502.0,3375.0,733.0
4141,2021-04-26,East South Central,3047.0,553.0,2303.285714285714,930.0,2502.0,5742.0
4150,2021-04-27,East South Central,2321.0,3047.0,2186.5714285714284,553.0,930.0,3138.0
4159,2021-04-28,East South Central,2495.0,2321.0,2174.714285714286,3047.0,553.0,2578.0
4168,2021-04-29,East South Central,2619.0,2495.0,2066.714285714286,2321.0,3047.0,3375.0
4177,2021-04-30,East South Central,2303.0,2619.0,2038.2857142857142,2495.0,2321.0,2502.0
4186,2021-05-01,East South Central,993.0,2303.0,2047.2857142857142,2619.0,2495.0,930.0
4195,2021-05-02,East South Central,630.0,993.0,2058.285714285714,2303.0,2619.0,553.0
4204,2021-05-03,East South Central,2880.0,630.0,2034.4285714285713,993.0,2303.0,3047.0
4213,2021-05-04,East South Central,1486.0,2880.0,1915.142857142857,630.0,993.0,2321.0
4222,2021-05-05,East South Central,2305.0,1486.0,1888.0,2880.0,630.0,2495.0
4231,2021-05-06,East South Central,2520.0,2305.0,1873.857142857143,1486.0,2880.0,2619.0
4240,2021-05-07,East South Central,1949.0,2520.0,1823.2857142857142,2305.0,1486.0,2303.0
4249,2021-05-08,East South Central,887.0,1949.0,1808.142857142857,2520.0,2305.0,993.0
4258,2021-05-09,East South Central,476.0,887.0,1786.142857142857,1949.0,2520.0,630.0
4267,2021-05-10,East South Central,2218.0,476.0,1691.5714285714287,887.0,1949.0,2880.0
4276,2021-05-11,East South Central,1805.0,2218.0,1737.142857142857,476.0,887.0,1486.0
4285,2021-05-12,East South Central,1965.0,1805.0,1688.5714285714287,2218.0,476.0,2305.0
4294,2021-05-13,East South Central,2865.0,1965.0,1737.857142857143,1805.0,2218.0,2520.0
4303,2021-05-14,East South Central,6185.0,2865.0,2343.0,1965.0,1805.0,1949.0
4312,2021-05-15,East South Central,2496.0,6185.0,2572.8571428571427,2865.0,1965.0,887.0
4321,2021-05-16,East South Central,528.0,2496.0,2580.285714285714,6185.0,2865.0,476.0
4330,2021-05-17,East South Central,1987.0,528.0,2547.285714285714,2496.0,6185.0,2218.0
4339,2021-05-18,East South Central,2021.0,1987.0,2578.1428571428573,528.0,2496.0,1805.0
4348,2021-05-19,East South Central,1527.0,2021.0,2515.5714285714284,1987.0,528.0,1965.0
4357,2021-05-20,East South Central,1673.0,1527.0,2345.285714285714,2021.0,1987.0,2865.0
4366,2021-05-21,East South Central,1500.0,1673.0,1676.0,1527.0,2021.0,6185.0
4375,2021-05-22,East South Central,545.0,1500.0,1397.2857142857142,1673.0,1527.0,2496.0
4384,2021-05-23,East South Central,449.0,545.0,1386.0,1500.0,1673.0,528.0
4393,2021-05-24,East South Central,1676.0,449.0,1341.5714285714287,545.0,1500.0,1987.0
4402,2021-05-25,East South Central,1333.0,1676.0,1243.2857142857142,449.0,545.0,2021.0
4411,2021-05-26,East South Central,1265.0,1333.0,1205.857142857143,1676.0,449.0,1527.0
4420,2021-05-27,East South Central,1276.0,1265.0,1149.142857142857,1333.0,1676.0,1673.0
4429,2021-05-28,East South Central,945.0,1276.0,1069.857142857143,1265.0,1333.0,1500.0
4438,2021-05-29,East South Central,311.0,945.0,1036.4285714285713,1276.0,1265.0,545.0
4447,2021-05-30,East South Central,38.0,311.0,977.7142857142857,945.0,1276.0,449.0
4456,2021-05-31,East South Central,316.0,38.0,783.4285714285714,311.0,945.0,1676.0
4465,2021-06-01,East South Central,1608.0,316.0,822.7142857142857,38.0,311.0,1333.0
4474,2021-06-02,East South Central,1270.0,1608.0,823.4285714285714,316.0,38.0,1265.0
4483,2021-06-03,East South Central,1217.0,1270.0,815.0,1608.0,316.0,1276.0
4492,2021-06-04,East South Central,1341.0,1217.0,871.5714285714286,1270.0,1608.0,945.0
4501,2021-06-05,East South Central,252.0,1341.0,863.1428571428571,1217.0,1270.0,311.0
4510,2021-06-06,East South Central,0.0,252.0,857.7142857142857,1341.0,1217.0,38.0
4519,2021-06-07,East South Central,1501.0,0.0,1027.0,252.0,1341.0,316.0
4528,2021-06-08,East South Central,977.0,1501.0,936.8571428571429,0.0,252.0,1608.0
4537,2021-06-09,East South Central,910.0,977.0,885.4285714285714,1501.0,0.0,1270.0
4546,2021-06-10,East South Central,917.0,910.0,842.5714285714286,977.0,1501.0,1217.0
4555,2021-06-11,East South Central,2485.0,917.0,1006.0,910.0,977.0,1341.0
4564,2021-06-12,East South Central,221.0,2485.0,1001.5714285714286,917.0,910.0,252.0
4573,2021-06-13,East South Central,124.0,221.0,1019.2857142857143,2485.0,917.0,0.0
4582,2021-06-14,East South Central,1001.0,124.0,947.8571428571429,221.0,2485.0,1501.0
4591,2021-06-15,East South Central,965.0,1001.0,946.1428571428571,124.0,221.0,977.0
4600,2021-06-16,East South Central,605.0,965.0,902.5714285714286,1001.0,124.0,910.0
4609,2021-06-17,East South Central,577.0,605.0,854.0,965.0,1001.0,917.0
4618,2021-06-18,East South Central,804.0,577.0,613.8571428571429,605.0,965.0,2485.0
4627,2021-06-19,East South Central,12.0,804.0,584.0,577.0,605.0,221.0
4636,2021-06-20,East South Central,15.0,12.0,568.4285714285714,804.0,577.0,124.0
4645,2021-06-21,East South Central,1066.0,15.0,577.7142857142857,12.0,804.0,1001.0
4654,2021-06-22,East South Central,340.0,1066.0,488.42857142857144,15.0,12.0,965.0
4663,2021-06-23,East South Central,790.0,340.0,514.8571428571429,1066.0,15.0,605.0
4672,2021-06-24,East South Central,517.0,790.0,506.2857142857143,340.0,1066.0,577.0
4681,2021-06-25,East South Central,1042.0,517.0,540.2857142857143,790.0,340.0,804.0
4690,2021-06-26,East South Central,7.0,1042.0,539.5714285714286,517.0,790.0,12.0
4699,2021-06-27,East South Central,0.0,7.0,537.4285714285714,1042.0,517.0,15.0
4708,2021-06-28,East South Central,1298.0,0.0,570.5714285714286,7.0,1042.0,1066.0
4717,2021-06-29,East South Central,528.0,1298.0,597.4285714285714,0.0,7.0,340.0
4726,2021-06-30,East South Central,1312.0,528.0,672.0,1298.0,0.0,790.0
4735,2021-07-01,East South Central,563.0,1312.0,678.5714285714286,528.0,1298.0,517.0
4744,2021-07-02,East South Central,955.0,563.0,666.1428571428571,1312.0,528.0,1042.0
4753,2021-07-03,East South Central,5.0,955.0,665.8571428571429,563.0,1312.0,7.0
4762,2021-07-04,East South Central,0.0,5.0,665.8571428571429,955.0,563.0,0.0
4771,2021-07-05,East South Central,0.0,0.0,480.42857142857144,5.0,955.0,1298.0
4780,2021-07-06,East South Central,1805.0,0.0,662.8571428571429,0.0,5.0,528.0
4789,2021-07-07,East South Central,2751.0,1805.0,868.4285714285714,0.0,0.0,1312.0
4798,2021-07-08,East South Central,1116.0,2751.0,947.4285714285714,1805.0,0.0,563.0
4807,2021-07-09,East South Central,2566.0,1116.0,1177.5714285714287,2751.0,1805.0,955.0
4816,2021-07-10,East South Central,565.0,2566.0,1257.5714285714287,1116.0,2751.0,5.0
4825,2021-07-11,East South Central,0.0,565.0,1257.5714285714287,2566.0,1116.0,0.0
4834,2021-07-12,East South Central,3202.0,0.0,1715.0,565.0,2566.0,0.0
4843,2021-07-13,East South Central,1218.0,3202.0,1631.142857142857,0.0,565.0,1805.0
4852,2021-07-14,East South Central,3283.0,1218.0,1707.142857142857,3202.0,0.0,2751.0
4861,2021-07-15,East South Central,2586.0,3283.0,1917.142857142857,1218.0,3202.0,1116.0
4870,2021-07-16,East South Central,3105.0,2586.0,1994.142857142857,3283.0,1218.0,2566.0
4879,2021-07-17,East South Central,928.0,3105.0,2046.0,2586.0,3283.0,565.0
4888,2021-07-18,East South Central,724.0,928.0,2149.4285714285716,3105.0,2586.0,0.0
4897,2021-07-19,East South Central,5665.0,724.0,2501.285714285714,928.0,3105.0,3202.0
4906,2021-07-20,East South Central,3840.0,5665.0,2875.8571428571427,724.0,928.0,1218.0
4915,2021-07-21,East South Central,4927.0,3840.0,3110.714285714286,5665.0,724.0,3283.0
4924,2021-07-22,East South Central,4897.0,4927.0,3440.8571428571427,3840.0,5665.0,2586.0
4933,2021-07-23,East South Central,5586.0,4897.0,3795.285714285714,4927.0,3840.0,3105.0
4942,2021-07-24,East South Central,1924.0,5586.0,3937.5714285714284,4897.0,4927.0,928.0
4951,2021-07-25,East South Central,1536.0,1924.0,4053.5714285714284,5586.0,4897.0,724.0
4960,2021-07-26,East South Central,10805.0,1536.0,4787.857142857143,1924.0,5586.0,5665.0
4969,2021-07-27,East South Central,6984.0,10805.0,5237.0,1536.0,1924.0,3840.0
4978,2021-07-28,East South Central,8550.0,6984.0,5754.571428571428,10805.0,1536.0,4927.0
4987,2021-07-29,East South Central,8572.0,8550.0,6279.571428571428,6984.0,10805.0,4897.0
4996,2021-07-30,East South Central,5547.0,8572.0,6274.0,8550.0,6984.0,5586.0
5005,2021-07-31,East South Central,5584.0,5547.0,6796.857142857143,8572.0,8550.0,1924.0
5014,2021-08-01,East South Central,1798.0,5584.0,6834.285714285715,5547.0,8572.0,1536.0
5023,2021-08-02,East South Central,16776.0,1798.0,7687.285714285715,5584.0,5547.0,10805.0
5032,2021-08-03,East South Central,8918.0,16776.0,7963.571428571428,1798.0,5584.0,6984.0
5041,2021-08-04,East South Central,12558.0,8918.0,8536.142857142857,16776.0,1798.0,8550.0
5050,2021-08-05,East South Central,12281.0,12558.0,9066.0,8918.0,16776.0,8572.0
5059,2021-08-06,East South Central,12114.0,12281.0,10004.142857142857,12558.0,8918.0,5547.0
5068,2021-08-07,East South Central,4099.0,12114.0,9792.0,12281.0,12558.0,5584.0
5077,2021-08-08,East South Central,122.0,4099.0,9552.57142857143,12114.0,12281.0,1798.0
5086,2021-08-09,East South Central,26040.0,122.0,10876.0,4099.0,12114.0,16776.0
5095,2021-08-10,East South Central,13094.0,26040.0,11472.57142857143,122.0,4099.0,8918.0
5104,2021-08-11,East South Central,14197.0,13094.0,11706.714285714286,26040.0,122.0,12558.0
5113,2021-08-12,East South Central,15933.0,14197.0,12228.42857142857,13094.0,26040.0,12281.0
5122,2021-08-13,East South Central,17932.0,15933.0,13059.57142857143,14197.0,13094.0,12114.0
5131,2021-08-14,East South Central,164.0,17932.0,12497.42857142857,15933.0,14197.0,4099.0
5140,2021-08-15,East South Central,7124.0,164.0,13497.714285714286,17932.0,15933.0,122.0
5149,2021-08-16,East South Central,29865.0,7124.0,14044.142857142857,164.0,17932.0,26040.0
5158,2021-08-17,East South Central,13969.0,29865.0,14169.142857142857,7124.0,164.0,13094.0
5167,2021-08-18,East South Central,17267.0,13969.0,14607.714285714286,29865.0,7124.0,14197.0
5176,2021-08-19,East South Central,19260.0,17267.0,15083.0,13969.0,29865.0,15933.0
5185,2021-08-20,East South Central,20622.0,19260.0,15467.285714285714,17267.0,13969.0,17932.0
5194,2021-08-21,East South Central,6315.0,20622.0,16346.0,19260.0,17267.0,164.0
5203,2021-08-22,East South Central,3823.0,6315.0,15874.42857142857,20622.0,19260.0,7124.0
5212,2021-08-23,East South Central,37272.0,3823.0,16932.571428571428,6315.0,20622.0,29865.0
5221,2021-08-24,East South Central,12636.0,37272.0,16742.14285714286,3823.0,6315.0,13969.0
5230,2021-08-25,East South Central,9330.0,12636.0,15608.285714285714,37272.0,3823.0,17267.0
5239,2021-08-26,East South Central,29701.0,9330.0,17099.85714285714,12636.0,37272.0,19260.0
5248,2021-08-27,East South Central,21574.0,29701.0,17235.85714285714,9330.0,12636.0,20622.0
5257,2021-08-28,East South Central,6638.0,21574.0,17282.0,29701.0,9330.0,6315.0
5266,2021-08-29,East South Central,4105.0,6638.0,17322.285714285714,21574.0,29701.0,3823.0
5275,2021-08-30,East South Central,40337.0,4105.0,17760.14285714286,6638.0,21574.0,37272.0
5284,2021-08-31,East South Central,20025.0,40337.0,18815.714285714286,4105.0,6638.0,12636.0
5293,2021-09-01,East South Central,21943.0,20025.0,20617.571428571428,40337.0,4105.0,9330.0
5302,2021-09-02,East South Central,17325.0,21943.0,18849.571428571428,20025.0,40337.0,29701.0
5311,2021-09-03,East South Central,20327.0,17325.0,18671.428571428572,21943.0,20025.0,21574.0
5320,2021-09-04,East South Central,5112.0,20327.0,18453.428571428572,17325.0,21943.0,6638.0
5329,2021-09-05,East South Central,3135.0,5112.0,18314.85714285714,20327.0,17325.0,4105.0
5338,2021-09-06,East South Central,9109.0,3135.0,13853.714285714286,5112.0,20327.0,40337.0
5347,2021-09-07,East South Central,48376.0,9109.0,17903.85714285714,3135.0,5112.0,20025.0
5356,2021-09-08,East South Central,16913.0,48376.0,17185.285714285714,9109.0,3135.0,21943.0
5365,2021-09-09,East South Central,16731.0,16913.0,17100.428571428572,48376.0,9109.0,17325.0
5374,2021-09-10,East South Central,17003.0,16731.0,16625.571428571428,16913.0,48376.0,20327.0
5383,2021-09-11,East South Central,4879.0,17003.0,16592.285714285714,16731.0,16913.0,5112.0
5392,2021-09-12,East South Central,1794.0,4879.0,16400.714285714286,17003.0,16731.0,3135.0
5401,2021-09-13,East South Central,44789.0,1794.0,21497.85714285714,4879.0,17003.0,9109.0
5410,2021-09-14,East South Central,15741.0,44789.0,16835.714285714286,1794.0,4879.0,48376.0
5419,2021-09-15,East South Central,18637.0,15741.0,17082.0,44789.0,1794.0,16913.0
5428,2021-09-16,East South Central,16030.0,18637.0,16981.85714285714,15741.0,44789.0,16731.0
5437,2021-09-17,East South Central,16958.0,16030.0,16975.428571428572,18637.0,15741.0,17003.0
5446,2021-09-18,East South Central,3897.0,16958.0,16835.14285714286,16030.0,18637.0,4879.0
5455,2021-09-19,East South Central,2438.0,3897.0,16927.14285714286,16958.0,16030.0,1794.0
5464,2021-09-20,East South Central,24929.0,2438.0,14090.0,3897.0,16958.0,44789.0
5473,2021-09-21,East South Central,8195.0,24929.0,13012.0,2438.0,3897.0,15741.0
5482,2021-09-22,East South Central,18422.0,8195.0,12981.285714285714,24929.0,2438.0,18637.0
5491,2021-09-23,East South Central,13455.0,18422.0,12613.42857142857,8195.0,24929.0,16030.0
5500,2021-09-24,East South Central,13263.0,13455.0,12085.57142857143,18422.0,8195.0,16958.0
5509,2021-09-25,East South Central,3245.0,13263.0,11992.42857142857,13455.0,18422.0,3897.0
5518,2021-09-26,East South Central,1834.0,3245.0,11906.142857142857,13263.0,13455.0,2438.0
5527,2021-09-27,East South Central,17434.0,1834.0,10835.42857142857,3245.0,13263.0,24929.0
5536,2021-09-28,East South Central,11178.0,17434.0,11261.57142857143,1834.0,3245.0,8195.0
5545,2021-09-29,East South Central,10864.0,11178.0,10181.857142857143,17434.0,1834.0,18422.0
5554,2021-09-30,East South Central,9460.0,10864.0,9611.142857142857,11178.0,17434.0,13455.0
5563,2021-10-01,East South Central,10044.0,9460.0,9151.285714285714,10864.0,11178.0,13263.0
5572,2021-10-02,East South Central,1773.0,10044.0,8941.0,9460.0,10864.0,3245.0
5581,2021-10-03,East South Central,892.0,1773.0,8806.42857142857,10044.0,9460.0,1834.0
5590,2021-10-04,East South Central,12928.0,892.0,8162.714285714285,1773.0,10044.0,17434.0
5599,2021-10-05,East South Central,8530.0,12928.0,7784.428571428572,892.0,1773.0,11178.0
5608,2021-10-06,East South Central,7919.0,8530.0,7363.714285714285,12928.0,892.0,10864.0
5617,2021-10-07,East South Central,7720.0,7919.0,7115.142857142857,8530.0,12928.0,9460.0
5626,2021-10-08,East South Central,6098.0,7720.0,6551.428571428572,7919.0,8530.0,10044.0
5635,2021-10-09,East South Central,919.0,6098.0,6429.428571428572,7720.0,7919.0,1773.0
5644,2021-10-10,East South Central,653.0,919.0,6395.285714285715,6098.0,7720.0,892.0
5653,2021-10-11,East South Central,10428.0,653.0,6038.142857142857,919.0,6098.0,12928.0
5662,2021-10-12,East South Central,6506.0,10428.0,5749.0,653.0,919.0,8530.0
5671,2021-10-13,East South Central,6724.0,6506.0,5578.285714285715,10428.0,653.0,7919.0
5680,2021-10-14,East South Central,5627.0,6724.0,5279.285714285715,6506.0,10428.0,7720.0
5689,2021-10-15,East South Central,5617.0,5627.0,5210.571428571428,6724.0,6506.0,6098.0
5698,2021-10-16,East South Central,966.0,5617.0,5217.285714285715,5627.0,6724.0,919.0
5707,2021-10-17,East South Central,544.0,966.0,5201.714285714285,5617.0,5627.0,653.0
5716,2021-10-18,East South Central,7192.0,544.0,4739.428571428572,966.0,5617.0,10428.0
5725,2021-10-19,East South Central,5782.0,7192.0,4636.0,544.0,966.0,6506.0
5734,2021-10-20,East South Central,4859.0,5782.0,4369.571428571428,7192.0,544.0,6724.0
5743,2021-10-21,East South Central,4831.0,4859.0,4255.857142857143,5782.0,7192.0,5627.0
5752,2021-10-22,East South Central,4921.0,4831.0,4156.428571428572,4859.0,5782.0,5617.0
5761,2021-10-23,East South Central,1015.0,4921.0,4163.428571428572,4831.0,4859.0,966.0
5770,2021-10-24,East South Central,414.0,1015.0,4144.857142857143,4921.0,4831.0,544.0
5779,2021-10-25,East South Central,3357.0,414.0,3597.0,1015.0,4921.0,7192.0
5788,2021-10-26,East South Central,7794.0,3357.0,3884.4285714285716,414.0,1015.0,5782.0
5797,2021-10-27,East South Central,10458.0,7794.0,4684.285714285715,3357.0,414.0,4859.0
5806,2021-10-28,East South Central,5718.0,10458.0,4811.0,7794.0,3357.0,4831.0
5815,2021-10-29,East South Central,3157.0,5718.0,4559.0,10458.0,7794.0,4921.0
5824,2021-10-30,East South Central,584.0,3157.0,4497.428571428572,5718.0,10458.0,1015.0
5833,2021-10-31,East South Central,394.0,584.0,4494.571428571428,3157.0,5718.0,414.0
5842,2021-11-01,East South Central,2917.0,394.0,4431.714285714285,584.0,3157.0,3357.0
5851,2021-11-02,East South Central,5672.0,2917.0,4128.571428571428,394.0,584.0,7794.0
5860,2021-11-03,East South Central,3554.0,5672.0,3142.285714285714,2917.0,394.0,10458.0
5869,2021-11-04,East South Central,4084.0,3554.0,2908.8571428571427,5672.0,2917.0,5718.0
5878,2021-11-05,East South Central,3346.0,4084.0,2935.8571428571427,3554.0,5672.0,3157.0
5887,2021-11-06,East South Central,583.0,3346.0,2935.714285714286,4084.0,3554.0,584.0
5896,2021-11-07,East South Central,292.0,583.0,2921.1428571428573,3346.0,4084.0,394.0
5905,2021-11-08,East South Central,3031.0,292.0,2937.4285714285716,583.0,3346.0,2917.0
5914,2021-11-09,East South Central,6468.0,3031.0,3051.1428571428573,292.0,583.0,5672.0
5923,2021-11-10,East South Central,4308.0,6468.0,3158.8571428571427,3031.0,292.0,3554.0
5932,2021-11-11,East South Central,749.0,4308.0,2682.4285714285716,6468.0,3031.0,4084.0
5941,2021-11-12,East South Central,6613.0,749.0,3149.1428571428573,4308.0,6468.0,3346.0
5950,2021-11-13,East South Central,789.0,6613.0,3178.5714285714284,749.0,4308.0,583.0
5959,2021-11-14,East South Central,259.0,789.0,3173.8571428571427,6613.0,749.0,292.0
5968,2021-11-15,East South Central,6487.0,259.0,3667.5714285714284,789.0,6613.0,3031.0
5977,2021-11-16,East South Central,3998.0,6487.0,3314.714285714286,259.0,789.0,6468.0
5986,2021-11-17,East South Central,4452.0,3998.0,3335.285714285714,6487.0,259.0,4308.0
5995,2021-11-18,East South Central,4546.0,4452.0,3877.714285714286,3998.0,6487.0,749.0
6004,2021-11-19,East South Central,3448.0,4546.0,3425.5714285714284,4452.0,3998.0,6613.0
6013,2021-11-20,East South Central,788.0,3448.0,3425.4285714285716,4546.0,4452.0,789.0
6022,2021-11-21,East South Central,272.0,788.0,3427.285714285714,3448.0,4546.0,259.0
6031,2021-11-22,East South Central,7975.0,272.0,3639.8571428571427,788.0,3448.0,6487.0
6040,2021-11-23,East South Central,4309.0,7975.0,3684.285714285714,272.0,788.0,3998.0
6049,2021-11-24,East South Central,4643.0,4309.0,3711.5714285714284,7975.0,272.0,4452.0
6058,2021-11-25,East South Central,505.0,4643.0,3134.285714285714,4309.0,7975.0,4546.0
6067,2021-11-26,East South Central,0.0,505.0,2641.714285714286,4643.0,4309.0,3448.0
6076,2021-11-27,East South Central,357.0,0.0,2580.1428571428573,505.0,4643.0,788.0
6085,2021-11-28,East South Central,157.0,357.0,2563.714285714286,0.0,505.0,272.0
6094,2021-11-29,East South Central,10818.0,157.0,2969.8571428571427,357.0,0.0,7975.0
6103,2021-11-30,East South Central,5532.0,10818.0,3144.5714285714284,157.0,357.0,4309.0
6112,2021-12-01,East South Central,6427.0,5532.0,3399.4285714285716,10818.0,157.0,4643.0
6121,2021-12-02,East South Central,6497.0,6427.0,4255.428571428572,5532.0,10818.0,505.0
6130,2021-12-03,East South Central,5864.0,6497.0,5093.142857142857,6427.0,5532.0,0.0
6139,2021-12-04,East South Central,589.0,5864.0,5126.285714285715,6497.0,6427.0,357.0
6148,2021-12-05,East South Central,361.0,589.0,5155.428571428572,5864.0,6497.0,157.0
6157,2021-12-06,East South Central,10330.0,361.0,5085.714285714285,589.0,5864.0,10818.0
6166,2021-12-07,East South Central,6026.0,10330.0,5156.285714285715,361.0,589.0,5532.0
6175,2021-12-08,East South Central,6438.0,6026.0,5157.857142857143,10330.0,361.0,6427.0
6184,2021-12-09,East South Central,3932.0,6438.0,4791.428571428572,6026.0,10330.0,6497.0
6193,2021-12-10,East South Central,8256.0,3932.0,5133.142857142857,6438.0,6026.0,5864.0
6202,2021-12-11,East South Central,713.0,8256.0,5150.857142857143,3932.0,6438.0,589.0
6211,2021-12-12,East South Central,330.0,713.0,5146.428571428572,8256.0,3932.0,361.0
6220,2021-12-13,East South Central,9040.0,330.0,4962.142857142857,713.0,8256.0,10330.0
6229,2021-12-14,East South Central,6368.0,9040.0,5011.0,330.0,713.0,6026.0
6238,2021-12-15,East South Central,6245.0,6368.0,4983.428571428572,9040.0,330.0,6438.0
6247,2021-12-16,East South Central,6031.0,6245.0,5283.285714285715,6368.0,9040.0,3932.0
6256,2021-12-17,East South Central,6991.0,6031.0,5102.571428571428,6245.0,6368.0,8256.0
6265,2021-12-18,East South Central,692.0,6991.0,5099.571428571428,6031.0,6245.0,713.0
6274,2021-12-19,East South Central,552.0,692.0,5131.285714285715,6991.0,6031.0,330.0
6283,2021-12-20,East South Central,12786.0,552.0,5666.428571428572,692.0,6991.0,9040.0
6292,2021-12-21,East South Central,7420.0,12786.0,5816.714285714285,552.0,692.0,6368.0
6301,2021-12-22,East South Central,8728.0,7420.0,6171.428571428572,12786.0,552.0,6245.0
6310,2021-12-23,East South Central,7894.0,8728.0,6437.571428571428,7420.0,12786.0,6031.0
6319,2021-12-24,East South Central,2466.0,7894.0,5791.142857142857,8728.0,7420.0,6991.0
6328,2021-12-25,East South Central,2732.0,2466.0,6082.571428571428,7894.0,8728.0,692.0
6337,2021-12-26,East South Central,1247.0,2732.0,6181.857142857143,2466.0,7894.0,552.0
6346,2021-12-27,East South Central,32103.0,1247.0,8941.42857142857,2732.0,2466.0,12786.0
6355,2021-12-28,East South Central,17423.0,32103.0,10370.42857142857,1247.0,2732.0,7420.0
6364,2021-12-29,East South Central,24816.0,17423.0,12668.714285714286,32103.0,1247.0,8728.0
6373,2021-12-30,East South Central,27873.0,24816.0,15522.857142857143,17423.0,32103.0,7894.0
6382,2021-12-31,East South Central,10387.0,27873.0,16654.428571428572,24816.0,17423.0,2466.0
6391,2022-01-01,East South Central,1442.0,10387.0,16470.14285714286,27873.0,24816.0,2732.0
6400,2022-01-02,East South Central,13780.0,1442.0,18260.571428571428,10387.0,27873.0,1247.0
6409,2022-01-03,East South Central,79055.0,13780.0,24968.0,1442.0,10387.0,32103.0
6418,2022-01-04,East South Central,27760.0,79055.0,26444.714285714286,13780.0,1442.0,17423.0
6427,2022-01-05,East South Central,27547.0,27760.0,26834.85714285714,79055.0,13780.0,24816.0
6436,2022-01-06,East South Central,46575.0,27547.0,29506.571428571428,27760.0,79055.0,27873.0
6445,2022-01-07,East South Central,47135.0,46575.0,34756.28571428572,27547.0,27760.0,10387.0
6454,2022-01-08,East South Central,30524.0,47135.0,38910.857142857145,46575.0,27547.0,1442.0
6463,2022-01-09,East South Central,14376.0,30524.0,38996.0,47135.0,46575.0,13780.0
6472,2022-01-10,East South Central,36900.0,14376.0,32973.857142857145,30524.0,47135.0,79055.0
6481,2022-01-11,East South Central,57453.0,36900.0,37215.71428571428,14376.0,30524.0,27760.0
6490,2022-01-12,East South Central,44364.0,57453.0,39618.142857142855,36900.0,14376.0,27547.0
6499,2022-01-13,East South Central,31192.0,44364.0,37420.57142857143,57453.0,36900.0,46575.0
6508,2022-01-14,East South Central,38093.0,31192.0,36128.857142857145,44364.0,57453.0,47135.0
6517,2022-01-15,East South Central,22327.0,38093.0,34957.857142857145,31192.0,44364.0,30524.0
6526,2022-01-16,East South Central,56982.0,22327.0,41044.42857142857,38093.0,31192.0,14376.0
6535,2022-01-17,East South Central,9923.0,56982.0,37190.57142857143,22327.0,38093.0,36900.0
6544,2022-01-18,East South Central,109297.0,9923.0,44596.857142857145,56982.0,22327.0,57453.0
6553,2022-01-19,East South Central,47014.0,109297.0,44975.42857142857,9923.0,56982.0,44364.0
6562,2022-01-20,East South Central,53929.0,47014.0,48223.57142857143,109297.0,9923.0,31192.0
6571,2022-01-21,East South Central,61781.0,53929.0,51607.57142857143,47014.0,109297.0,38093.0
6580,2022-01-22,East South Central,41153.0,61781.0,54297.0,53929.0,47014.0,22327.0
6589,2022-01-23,East South Central,11163.0,41153.0,47751.42857142857,61781.0,53929.0,56982.0
6598,2022-01-24,East South Central,43703.0,11163.0,52577.142857142855,41153.0,61781.0,9923.0
6607,2022-01-25,East South Central,62915.0,43703.0,45951.142857142855,11163.0,41153.0,109297.0
6616,2022-01-26,East South Central,37035.0,62915.0,44525.57142857143,43703.0,11163.0,47014.0
6625,2022-01-27,East South Central,35735.0,37035.0,41926.42857142857,62915.0,43703.0,53929.0
6634,2022-01-28,East South Central,34318.0,35735.0,38003.142857142855,37035.0,62915.0,61781.0
6643,2022-01-29,East South Central,72599.0,34318.0,42495.42857142857,35735.0,37035.0,41153.0
6652,2022-01-30,East South Central,7509.0,72599.0,41973.42857142857,34318.0,35735.0,11163.0
6661,2022-01-31,East South Central,32667.0,7509.0,40396.857142857145,72599.0,34318.0,43703.0
6670,2022-02-01,East South Central,45014.0,32667.0,37839.57142857143,7509.0,72599.0,62915.0
6679,2022-02-02,East South Central,24992.0,45014.0,36119.142857142855,32667.0,7509.0,37035.0
6688,2022-02-03,East South Central,26921.0,24992.0,34860.0,45014.0,32667.0,35735.0
6697,2022-02-04,East South Central,37239.0,26921.0,35277.28571428572,24992.0,45014.0,34318.0
6706,2022-02-05,East South Central,24324.0,37239.0,28380.85714285714,26921.0,24992.0,72599.0
6715,2022-02-06,East South Central,356.0,24324.0,27359.0,37239.0,26921.0,7509.0
6724,2022-02-07,East South Central,27170.0,356.0,26573.714285714286,24324.0,37239.0,32667.0
6733,2022-02-08,East South Central,27117.0,27170.0,24017.0,356.0,24324.0,45014.0
6742,2022-02-09,East South Central,17087.0,27117.0,22887.714285714286,27170.0,356.0,24992.0
6751,2022-02-10,East South Central,16605.0,17087.0,21414.0,27117.0,27170.0,26921.0
6760,2022-02-11,East South Central,15907.0,16605.0,18366.571428571428,17087.0,27117.0,37239.0
6769,2022-02-12,East South Central,8672.0,15907.0,16130.57142857143,16605.0,17087.0,24324.0
6778,2022-02-13,East South Central,1919.0,8672.0,16353.857142857143,15907.0,16605.0,356.0
6787,2022-02-14,East South Central,19710.0,1919.0,15288.142857142857,8672.0,15907.0,27170.0
6796,2022-02-15,East South Central,16002.0,19710.0,13700.285714285714,1919.0,8672.0,27117.0
6805,2022-02-16,East South Central,12808.0,16002.0,13089.0,19710.0,1919.0,17087.0
6814,2022-02-17,East South Central,11318.0,12808.0,12333.714285714286,16002.0,19710.0,16605.0
6823,2022-02-18,East South Central,11002.0,11318.0,11633.0,12808.0,16002.0,15907.0
6832,2022-02-19,East South Central,5874.0,11002.0,11233.285714285714,11318.0,12808.0,8672.0
6841,2022-02-20,East South Central,720.0,5874.0,11062.0,11002.0,11318.0,1919.0
6850,2022-02-21,East South Central,5339.0,720.0,9009.0,5874.0,11002.0,19710.0
6859,2022-02-22,East South Central,10529.0,5339.0,8227.142857142857,720.0,5874.0,16002.0
6868,2022-02-23,East South Central,5679.0,10529.0,7208.714285714285,5339.0,720.0,12808.0
6877,2022-02-24,East South Central,4899.0,5679.0,6291.714285714285,10529.0,5339.0,11318.0
6886,2022-02-25,East South Central,7306.0,4899.0,5763.714285714285,5679.0,10529.0,11002.0
6895,2022-02-26,East South Central,3383.0,7306.0,5407.857142857143,4899.0,5679.0,5874.0
6904,2022-02-27,East South Central,473.0,3383.0,5372.571428571428,7306.0,4899.0,720.0
6913,2022-02-28,East South Central,3575.0,473.0,5120.571428571428,3383.0,7306.0,5339.0
6922,2022-03-01,East South Central,5950.0,3575.0,4466.428571428572,473.0,3383.0,10529.0
6931,2022-03-02,East South Central,5743.0,5950.0,4475.571428571428,3575.0,473.0,5679.0
6940,2022-03-03,East South Central,5025.0,5743.0,4493.571428571428,5950.0,3575.0,4899.0
6949,2022-03-04,East South Central,4062.0,5025.0,4030.1428571428573,5743.0,5950.0,7306.0
6958,2022-03-05,East South Central,988.0,4062.0,3688.0,5025.0,5743.0,3383.0
6967,2022-03-06,East South Central,125.0,988.0,3638.285714285714,4062.0,5025.0,473.0
6976,2022-03-07,East South Central,6117.0,125.0,4001.4285714285716,988.0,4062.0,3575.0
6985,2022-03-08,East South Central,2444.0,6117.0,3500.5714285714284,125.0,988.0,5950.0
6994,2022-03-09,East South Central,1565.0,2444.0,2903.714285714286,6117.0,125.0,5743.0
7003,2022-03-10,East South Central,1833.0,1565.0,2447.714285714286,2444.0,6117.0,5025.0
7012,2022-03-11,East South Central,1761.0,1833.0,2119.0,1565.0,2444.0,4062.0
7021,2022-03-12,East South Central,547.0,1761.0,2056.0,1833.0,1565.0,988.0
7030,2022-03-13,East South Central,62.0,547.0,2047.0,1761.0,1833.0,125.0
7039,2022-03-14,East South Central,8648.0,62.0,2408.5714285714284,547.0,1761.0,6117.0
7048,2022-03-15,East South Central,1317.0,8648.0,2247.5714285714284,62.0,547.0,2444.0
7057,2022-03-16,East South Central,1425.0,1317.0,2227.5714285714284,8648.0,62.0,1565.0
7066,2022-03-17,East South Central,1904.0,1425.0,2237.714285714286,1317.0,8648.0,1833.0
7075,2022-03-18,East South Central,1423.0,1904.0,2189.4285714285716,1425.0,1317.0,1761.0
7084,2022-03-19,East South Central,355.0,1423.0,2162.0,1904.0,1425.0,547.0
7093,2022-03-20,East South Central,52.0,355.0,2160.5714285714284,1423.0,1904.0,62.0
7102,2022-03-21,East South Central,6716.0,52.0,1884.5714285714287,355.0,1423.0,8648.0
7111,2022-03-22,East South Central,1007.0,6716.0,1840.2857142857142,52.0,355.0,1317.0
7120,2022-03-23,East South Central,636.0,1007.0,1727.5714285714287,6716.0,52.0,1425.0
7129,2022-03-24,East South Central,918.0,636.0,1586.7142857142858,1007.0,6716.0,1904.0
7138,2022-03-25,East South Central,1095.0,918.0,1539.857142857143,636.0,1007.0,1423.0
7147,2022-03-26,East South Central,258.0,1095.0,1526.0,918.0,636.0,355.0
7156,2022-03-27,East South Central,46.0,258.0,1525.142857142857,1095.0,918.0,52.0
7165,2022-03-28,East South Central,6971.0,46.0,1561.5714285714287,258.0,1095.0,6716.0
7174,2022-03-29,East South Central,843.0,6971.0,1538.142857142857,46.0,258.0,1007.0
7183,2022-03-30,East South Central,825.0,843.0,1565.142857142857,6971.0,46.0,636.0
7192,2022-03-31,East South Central,692.0,825.0,1532.857142857143,843.0,6971.0,918.0
7201,2022-04-01,East South Central,930.0,692.0,1509.2857142857142,825.0,843.0,1095.0
7210,2022-04-02,East South Central,223.0,930.0,1504.2857142857142,692.0,825.0,258.0
7219,2022-04-03,East South Central,55.0,223.0,1505.5714285714287,930.0,692.0,46.0
7228,2022-04-04,East South Central,4175.0,55.0,1106.142857142857,223.0,930.0,6971.0
7237,2022-04-05,East South Central,848.0,4175.0,1106.857142857143,55.0,223.0,843.0
7246,2022-04-06,East South Central,600.0,848.0,1074.7142857142858,4175.0,55.0,825.0
7255,2022-04-07,East South Central,706.0,600.0,1076.7142857142858,848.0,4175.0,692.0
7264,2022-04-08,East South Central,936.0,706.0,1077.5714285714287,600.0,848.0,930.0
7273,2022-04-09,East South Central,597.0,936.0,1131.0,706.0,600.0,223.0
7282,2022-04-10,East South Central,35.0,597.0,1128.142857142857,936.0,706.0,55.0
7291,2022-04-11,East South Central,2958.0,35.0,954.2857142857143,597.0,936.0,4175.0
7300,2022-04-12,East South Central,1112.0,2958.0,992.0,35.0,597.0,848.0
7309,2022-04-13,East South Central,559.0,1112.0,986.1428571428571,2958.0,35.0,600.0
7318,2022-04-14,East South Central,700.0,559.0,985.2857142857143,1112.0,2958.0,706.0
7327,2022-04-15,East South Central,945.0,700.0,986.5714285714286,559.0,1112.0,936.0
7336,2022-04-16,East South Central,583.0,945.0,984.5714285714286,700.0,559.0,597.0
7345,2022-04-17,East South Central,78.0,583.0,990.7142857142857,945.0,700.0,35.0
7354,2022-04-18,East South Central,2900.0,78.0,982.4285714285714,583.0,945.0,2958.0
7363,2022-04-19,East South Central,1438.0,2900.0,1029.0,78.0,583.0,1112.0
7372,2022-04-20,East South Central,653.0,1438.0,1042.4285714285713,2900.0,78.0,559.0
7381,2022-04-21,East South Central,894.0,653.0,1070.142857142857,1438.0,2900.0,700.0
7390,2022-04-22,East South Central,1082.0,894.0,1089.7142857142858,653.0,1438.0,945.0
7399,2022-04-23,East South Central,630.0,1082.0,1096.4285714285713,894.0,653.0,583.0
7408,2022-04-24,East South Central,94.0,630.0,1098.7142857142858,1082.0,894.0,78.0
7417,2022-04-25,East South Central,2978.0,94.0,1109.857142857143,630.0,1082.0,2900.0
7426,2022-04-26,East South Central,1731.0,2978.0,1151.7142857142858,94.0,630.0,1438.0
7435,2022-04-27,East South Central,971.0,1731.0,1197.142857142857,2978.0,94.0,653.0
7444,2022-04-28,East South Central,1196.0,971.0,1240.2857142857142,1731.0,2978.0,894.0
7453,2022-04-29,East South Central,1571.0,1196.0,1310.142857142857,971.0,1731.0,1082.0
7462,2022-04-30,East South Central,763.0,1571.0,1329.142857142857,1196.0,971.0,630.0
7471,2022-05-01,East South Central,92.0,763.0,1328.857142857143,1571.0,1196.0,94.0
7480,2022-05-02,East South Central,2929.0,92.0,1321.857142857143,763.0,1571.0,2978.0
7489,2022-05-03,East South Central,1690.0,2929.0,1316.0,92.0,763.0,1731.0
7498,2022-05-04,East South Central,1288.0,1690.0,1361.2857142857142,2929.0,92.0,971.0
7507,2022-05-05,East South Central,1462.0,1288.0,1399.2857142857142,1690.0,2929.0,1196.0
7516,2022-05-06,East South Central,1871.0,1462.0,1442.142857142857,1288.0,1690.0,1571.0
7525,2022-05-07,East South Central,1000.0,1871.0,1476.0,1462.0,1288.0,763.0
7534,2022-05-08,East South Central,166.0,1000.0,1486.5714285714287,1871.0,1462.0,92.0
7543,2022-05-09,East South Central,4132.0,166.0,1658.4285714285713,1000.0,1871.0,2929.0
7552,2022-05-10,East South Central,3010.0,4132.0,1847.0,166.0,1000.0,1690.0
7561,2022-05-11,East South Central,1792.0,3010.0,1919.0,4132.0,166.0,1288.0
7570,2022-05-12,East South Central,2943.0,1792.0,2130.5714285714284,3010.0,4132.0,1462.0
7579,2022-05-13,East South Central,3206.0,2943.0,2321.285714285714,1792.0,3010.0,1871.0
7588,2022-05-14,East South Central,434.0,3206.0,2240.4285714285716,2943.0,1792.0,1000.0
7597,2022-05-15,East South Central,188.0,434.0,2243.5714285714284,3206.0,2943.0,166.0
7606,2022-05-16,East South Central,6155.0,188.0,2532.5714285714284,434.0,3206.0,4132.0
7615,2022-05-17,East South Central,4994.0,6155.0,2816.0,188.0,434.0,3010.0
7624,2022-05-18,East South Central,2225.0,4994.0,2877.8571428571427,6155.0,188.0,1792.0
7633,2022-05-19,East South Central,3993.0,2225.0,3027.8571428571427,4994.0,6155.0,2943.0
7642,2022-05-20,East South Central,3445.0,3993.0,3062.0,2225.0,4994.0,3206.0
7651,2022-05-21,East South Central,2033.0,3445.0,3290.4285714285716,3993.0,2225.0,434.0
7660,2022-05-22,East South Central,262.0,2033.0,3301.0,3445.0,3993.0,188.0
7669,2022-05-23,East South Central,7470.0,262.0,3488.8571428571427,2033.0,3445.0,6155.0
7678,2022-05-24,East South Central,4461.0,7470.0,3412.714285714286,262.0,2033.0,4994.0
7687,2022-05-25,East South Central,2833.0,4461.0,3499.5714285714284,7470.0,262.0,2225.0
7696,2022-05-26,East South Central,3640.0,2833.0,3449.1428571428573,4461.0,7470.0,3993.0
7705,2022-05-27,East South Central,4103.0,3640.0,3543.1428571428573,2833.0,4461.0,3445.0
7714,2022-05-28,East South Central,269.0,4103.0,3291.1428571428573,3640.0,2833.0,2033.0
7723,2022-05-29,East South Central,165.0,269.0,3277.285714285714,4103.0,3640.0,262.0
7732,2022-05-30,East South Central,225.0,165.0,2242.285714285714,269.0,4103.0,7470.0
7741,2022-05-31,East South Central,14855.0,225.0,3727.1428571428573,165.0,269.0,4461.0
7750,2022-06-01,East South Central,2187.0,14855.0,3634.8571428571427,225.0,165.0,2833.0
7759,2022-06-02,East South Central,3951.0,2187.0,3679.285714285714,14855.0,225.0,3640.0
7768,2022-06-03,East South Central,3544.0,3951.0,3599.4285714285716,2187.0,14855.0,4103.0
7777,2022-06-04,East South Central,2232.0,3544.0,3879.8571428571427,3951.0,2187.0,269.0
7786,2022-06-05,East South Central,424.0,2232.0,3916.8571428571427,3544.0,3951.0,165.0
7795,2022-06-06,East South Central,13215.0,424.0,5772.571428571428,2232.0,3544.0,225.0
7804,2022-06-07,East South Central,6707.0,13215.0,4608.571428571428,424.0,2232.0,14855.0
7813,2022-06-08,East South Central,3707.0,6707.0,4825.714285714285,13215.0,424.0,2187.0
7822,2022-06-09,East South Central,4745.0,3707.0,4939.142857142857,6707.0,13215.0,3951.0
7831,2022-06-10,East South Central,4855.0,4745.0,5126.428571428572,3707.0,6707.0,3544.0
7840,2022-06-11,East South Central,0.0,4855.0,4807.571428571428,4745.0,3707.0,2232.0
7849,2022-06-12,East South Central,591.0,0.0,4831.428571428572,4855.0,4745.0,424.0
7858,2022-06-13,East South Central,15209.0,591.0,5116.285714285715,0.0,4855.0,13215.0
7867,2022-06-14,East South Central,9235.0,15209.0,5477.428571428572,591.0,0.0,6707.0
7876,2022-06-15,East South Central,4153.0,9235.0,5541.142857142857,15209.0,591.0,3707.0
7885,2022-06-16,East South Central,5480.0,4153.0,5646.142857142857,9235.0,15209.0,4745.0
7894,2022-06-17,East South Central,6546.0,5480.0,5887.714285714285,4153.0,9235.0,4855.0
7903,2022-06-18,East South Central,210.0,6546.0,5917.714285714285,5480.0,4153.0,0.0
7912,2022-06-19,East South Central,36.0,210.0,5838.428571428572,6546.0,5480.0,591.0
7921,2022-06-20,East South Central,10807.0,36.0,5209.571428571428,210.0,6546.0,15209.0
7930,2022-06-21,East South Central,12819.0,10807.0,5721.571428571428,36.0,210.0,9235.0
7939,2022-06-22,East South Central,5518.0,12819.0,5916.571428571428,10807.0,36.0,4153.0
7948,2022-06-23,East South Central,6892.0,5518.0,6118.285714285715,12819.0,10807.0,5480.0
7957,2022-06-24,East South Central,7034.0,6892.0,6188.0,5518.0,12819.0,6546.0
7966,2022-06-25,East South Central,3023.0,7034.0,6589.857142857143,6892.0,5518.0,210.0
7975,2022-06-26,East South Central,122.0,3023.0,6602.142857142857,7034.0,6892.0,36.0
7984,2022-06-27,East South Central,15042.0,122.0,7207.142857142857,3023.0,7034.0,10807.0
7993,2022-06-28,East South Central,3739.0,15042.0,5910.0,122.0,3023.0,12819.0
8002,2022-06-29,East South Central,9934.0,3739.0,6540.857142857143,15042.0,122.0,5518.0
8011,2022-06-30,East South Central,8341.0,9934.0,6747.857142857143,3739.0,15042.0,6892.0
8020,2022-07-01,East South Central,6929.0,8341.0,6732.857142857143,9934.0,3739.0,7034.0
8029,2022-07-02,East South Central,354.0,6929.0,6351.571428571428,8341.0,9934.0,3023.0
8038,2022-07-03,East South Central,209.0,354.0,6364.0,6929.0,8341.0,122.0
8047,2022-07-04,East South Central,3625.0,209.0,4733.0,354.0,6929.0,15042.0
8056,2022-07-05,East South Central,20601.0,3625.0,7141.857142857143,209.0,354.0,3739.0
8065,2022-07-06,East South Central,6667.0,20601.0,6675.142857142857,3625.0,209.0,9934.0
8074,2022-07-07,East South Central,7771.0,6667.0,6593.714285714285,20601.0,3625.0,8341.0
8083,2022-07-08,East South Central,8777.0,7771.0,6857.714285714285,6667.0,20601.0,6929.0
8092,2022-07-09,East South Central,288.0,8777.0,6848.285714285715,7771.0,6667.0,354.0
8101,2022-07-10,East South Central,362.0,288.0,6870.142857142857,8777.0,7771.0,209.0
8110,2022-07-11,East South Central,22555.0,362.0,9574.42857142857,288.0,8777.0,3625.0
8119,2022-07-12,East South Central,12469.0,22555.0,8412.714285714286,362.0,288.0,20601.0
8128,2022-07-13,East South Central,8212.0,12469.0,8633.42857142857,22555.0,362.0,6667.0
8137,2022-07-14,East South Central,8835.0,8212.0,8785.42857142857,12469.0,22555.0,7771.0
8146,2022-07-15,East South Central,9427.0,8835.0,8878.285714285714,8212.0,12469.0,8777.0
8155,2022-07-16,East South Central,429.0,9427.0,8898.42857142857,8835.0,8212.0,288.0
8164,2022-07-17,East South Central,325.0,429.0,8893.142857142857,9427.0,8835.0,362.0
8173,2022-07-18,East South Central,21852.0,325.0,8792.714285714286,429.0,9427.0,22555.0
8182,2022-07-19,East South Central,10384.0,21852.0,8494.857142857143,325.0,429.0,12469.0
8191,2022-07-20,East South Central,7577.0,10384.0,8404.142857142857,21852.0,325.0,8212.0
8200,2022-07-21,East South Central,9165.0,7577.0,8451.285714285714,10384.0,21852.0,8835.0
8209,2022-07-22,East South Central,9390.0,9165.0,8446.0,7577.0,10384.0,9427.0
8218,2022-07-23,East South Central,639.0,9390.0,8476.0,9165.0,7577.0,429.0
8227,2022-07-24,East South Central,170.0,639.0,8453.857142857143,9390.0,9165.0,325.0
8236,2022-07-25,East South Central,27536.0,170.0,9265.857142857143,639.0,9390.0,21852.0
8245,2022-07-26,East South Central,10687.0,27536.0,9309.142857142857,170.0,639.0,10384.0
8254,2022-07-27,East South Central,7466.0,10687.0,9293.285714285714,27536.0,170.0,7577.0
8263,2022-07-28,East South Central,8190.0,7466.0,9154.0,10687.0,27536.0,9165.0
8272,2022-07-29,East South Central,8379.0,8190.0,9009.57142857143,7466.0,10687.0,9390.0
8281,2022-07-30,East South Central,372.0,8379.0,8971.42857142857,8190.0,7466.0,639.0
8290,2022-07-31,East South Central,289.0,372.0,8988.42857142857,8379.0,8190.0,170.0
8299,2022-08-01,East South Central,21226.0,289.0,8087.0,372.0,8379.0,27536.0
8308,2022-08-02,East South Central,1771.0,21226.0,6813.285714285715,289.0,372.0,10687.0
8317,2022-08-03,East South Central,9725.0,1771.0,7136.0,21226.0,289.0,7466.0
8326,2022-08-04,East South Central,17374.0,9725.0,8448.0,1771.0,21226.0,8190.0
8335,2022-08-05,East South Central,5722.0,17374.0,8068.428571428572,9725.0,1771.0,8379.0
8344,2022-08-06,East South Central,414.0,5722.0,8074.428571428572,17374.0,9725.0,372.0
8353,2022-08-07,East South Central,297.0,414.0,8075.571428571428,5722.0,17374.0,289.0
8362,2022-08-08,East South Central,20130.0,297.0,7919.0,414.0,5722.0,21226.0
8371,2022-08-09,East South Central,6648.0,20130.0,8615.714285714286,297.0,414.0,1771.0
8380,2022-08-10,East South Central,4460.0,6648.0,7863.571428571428,20130.0,297.0,9725.0
8389,2022-08-11,East South Central,19241.0,4460.0,8130.285714285715,6648.0,20130.0,17374.0
8398,2022-08-12,East South Central,4948.0,19241.0,8019.714285714285,4460.0,6648.0,5722.0
8407,2022-08-13,East South Central,359.0,4948.0,8011.857142857143,19241.0,4460.0,414.0
8416,2022-08-14,East South Central,161.0,359.0,7992.428571428572,4948.0,19241.0,297.0
8425,2022-08-15,East South Central,20292.0,161.0,8015.571428571428,359.0,4948.0,20130.0
8434,2022-08-16,East South Central,7888.0,20292.0,8192.714285714286,161.0,359.0,6648.0
8443,2022-08-17,East South Central,4962.0,7888.0,8264.42857142857,20292.0,161.0,4460.0
8452,2022-08-18,East South Central,19490.0,4962.0,8300.0,7888.0,20292.0,19241.0
8461,2022-08-19,East South Central,5577.0,19490.0,8389.857142857143,4962.0,7888.0,4948.0
8470,2022-08-20,East South Central,0.0,5577.0,8338.57142857143,19490.0,4962.0,359.0
8479,2022-08-21,East South Central,798.0,0.0,8429.57142857143,5577.0,19490.0,161.0
8488,2022-08-22,East South Central,18305.0,798.0,8145.714285714285,0.0,5577.0,20292.0
8497,2022-08-23,East South Central,7849.0,18305.0,8140.142857142857,798.0,0.0,7888.0
8506,2022-08-24,East South Central,23975.0,7849.0,10856.285714285714,18305.0,798.0,4962.0
8515,2022-08-25,East South Central,7807.0,23975.0,9187.285714285714,7849.0,18305.0,19490.0
8524,2022-08-26,East South Central,6110.0,7807.0,9263.42857142857,23975.0,7849.0,5577.0
8533,2022-08-27,East South Central,0.0,6110.0,9263.42857142857,7807.0,23975.0,0.0
8542,2022-08-28,East South Central,459.0,0.0,9215.0,6110.0,7807.0,798.0
8551,2022-08-29,East South Central,16263.0,459.0,8923.285714285714,0.0,6110.0,18305.0
8560,2022-08-30,East South Central,14210.0,16263.0,9832.0,459.0,0.0,7849.0
8569,2022-08-31,East South Central,14408.0,14210.0,8465.285714285714,16263.0,459.0,23975.0
8578,2022-09-01,East South Central,6016.0,14408.0,8209.42857142857,14210.0,16263.0,7807.0
8587,2022-09-02,East South Central,5325.0,6016.0,8097.285714285715,14408.0,14210.0,6110.0
8596,2022-09-03,East South Central,247.0,5325.0,8132.571428571428,6016.0,14408.0,0.0
8605,2022-09-04,East South Central,214.0,247.0,8097.571428571428,5325.0,6016.0,459.0
8614,2022-09-05,East South Central,136.0,214.0,5793.714285714285,247.0,5325.0,16263.0
8623,2022-09-06,East South Central,27924.0,136.0,7752.857142857143,214.0,247.0,14210.0
8632,2022-09-07,East South Central,2220.0,27924.0,6011.714285714285,136.0,214.0,14408.0
8641,2022-09-08,East South Central,4181.0,2220.0,5749.571428571428,27924.0,136.0,6016.0
8650,2022-09-09,East South Central,6364.0,4181.0,5898.0,2220.0,27924.0,5325.0
8659,2022-09-10,East South Central,0.0,6364.0,5862.714285714285,4181.0,2220.0,247.0
8668,2022-09-11,East South Central,377.0,0.0,5886.0,6364.0,4181.0,214.0
8677,2022-09-12,East South Central,12381.0,377.0,7635.285714285715,0.0,6364.0,136.0
8686,2022-09-13,East South Central,8680.0,12381.0,4886.142857142857,377.0,0.0,27924.0
8695,2022-09-14,East South Central,2603.0,8680.0,4940.857142857143,12381.0,377.0,2220.0
8704,2022-09-15,East South Central,2701.0,2603.0,4729.428571428572,8680.0,12381.0,4181.0
