,date,region,new_confirmed,1_day_shift,7_day_avg,2_day_shift,8_day_shift,9_day_shift
2,2020-01-22,Mid-Atlantic,0.0,,,,,
11,2020-01-23,Mid-Atlantic,0.0,0.0,,,,
20,2020-01-24,Mid-Atlantic,0.0,0.0,,0.0,,
29,2020-01-25,Mid-Atlantic,0.0,0.0,,0.0,,
38,2020-01-26,Mid-Atlantic,0.0,0.0,,0.0,,
47,2020-01-27,Mid-Atlantic,0.0,0.0,,0.0,,
56,2020-01-28,Mid-Atlantic,0.0,0.0,0.0,0.0,,
65,2020-01-29,Mid-Atlantic,0.0,0.0,0.0,0.0,,
74,2020-01-30,Mid-Atlantic,0.0,0.0,0.0,0.0,0.0,
83,2020-01-31,Mid-Atlantic,0.0,0.0,0.0,0.0,0.0,0.0
92,2020-02-01,Mid-Atlantic,0.0,0.0,0.0,0.0,0.0,0.0
101,2020-02-02,Mid-Atlantic,0.0,0.0,0.0,0.0,0.0,0.0
110,2020-02-03,Mid-Atlantic,0.0,0.0,0.0,0.0,0.0,0.0
119,2020-02-04,Mid-Atlantic,0.0,0.0,0.0,0.0,0.0,0.0
128,2020-02-05,Mid-Atlantic,0.0,0.0,0.0,0.0,0.0,0.0
137,2020-02-06,Mid-Atlantic,0.0,0.0,0.0,0.0,0.0,0.0
146,2020-02-07,Mid-Atlantic,0.0,0.0,0.0,0.0,0.0,0.0
155,2020-02-08,Mid-Atlantic,0.0,0.0,0.0,0.0,0.0,0.0
164,2020-02-09,Mid-Atlantic,0.0,0.0,0.0,0.0,0.0,0.0
173,2020-02-10,Mid-Atlantic,0.0,0.0,0.0,0.0,0.0,0.0
182,2020-02-11,Mid-Atlantic,0.0,0.0,0.0,0.0,0.0,0.0
191,2020-02-12,Mid-Atlantic,0.0,0.0,0.0,0.0,0.0,0.0
200,2020-02-13,Mid-Atlantic,0.0,0.0,0.0,0.0,0.0,0.0
209,2020-02-14,Mid-Atlantic,0.0,0.0,0.0,0.0,0.0,0.0
218,2020-02-15,Mid-Atlantic,0.0,0.0,0.0,0.0,0.0,0.0
227,2020-02-16,Mid-Atlantic,0.0,0.0,0.0,0.0,0.0,0.0
236,2020-02-17,Mid-Atlantic,0.0,0.0,0.0,0.0,0.0,0.0
245,2020-02-18,Mid-Atlantic,0.0,0.0,0.0,0.0,0.0,0.0
254,2020-02-19,Mid-Atlantic,0.0,0.0,0.0,0.0,0.0,0.0
263,2020-02-20,Mid-Atlantic,0.0,0.0,0.0,0.0,0.0,0.0
272,2020-02-21,Mid-Atlantic,0.0,0.0,0.0,0.0,0.0,0.0
281,2020-02-22,Mid-Atlantic,0.0,0.0,0.0,0.0,0.0,0.0
290,2020-02-23,Mid-Atlantic,0.0,0.0,0.0,0.0,0.0,0.0
299,2020-02-24,Mid-Atlantic,0.0,0.0,0.0,0.0,0.0,0.0
308,2020-02-25,Mid-Atlantic,0.0,0.0,0.0,0.0,0.0,0.0
317,2020-02-26,Mid-Atlantic,0.0,0.0,0.0,0.0,0.0,0.0
326,2020-02-27,Mid-Atlantic,0.0,0.0,0.0,0.0,0.0,0.0
335,2020-02-28,Mid-Atlantic,0.0,0.0,0.0,0.0,0.0,0.0
344,2020-02-29,Mid-Atlantic,0.0,0.0,0.0,0.0,0.0,0.0
353,2020-03-01,Mid-Atlantic,0.0,0.0,0.0,0.0,0.0,0.0
362,2020-03-02,Mid-Atlantic,0.0,0.0,0.0,0.0,0.0,0.0
371,2020-03-03,Mid-Atlantic,1.0,0.0,0.14285714285714285,0.0,0.0,0.0
380,2020-03-04,Mid-Atlantic,0.0,1.0,0.14285714285714285,0.0,0.0,0.0
389,2020-03-05,Mid-Atlantic,4.0,0.0,0.7142857142857143,1.0,0.0,0.0
398,2020-03-06,Mid-Atlantic,26.0,4.0,4.428571428571429,0.0,0.0,0.0
407,2020-03-07,Mid-Atlantic,13.0,26.0,6.285714285714286,4.0,0.0,0.0
416,2020-03-08,Mid-Atlantic,28.0,13.0,10.285714285714286,26.0,0.0,0.0
425,2020-03-09,Mid-Atlantic,41.0,28.0,16.142857142857142,13.0,0.0,0.0
434,2020-03-10,Mid-Atlantic,66.0,41.0,25.428571428571427,28.0,0.0,0.0
443,2020-03-11,Mid-Atlantic,55.0,66.0,33.285714285714285,41.0,1.0,0.0
452,2020-03-12,Mid-Atlantic,71.0,55.0,42.857142857142854,66.0,0.0,1.0
461,2020-03-13,Mid-Atlantic,146.0,71.0,60.0,55.0,4.0,0.0
470,2020-03-14,Mid-Atlantic,191.0,146.0,85.42857142857143,71.0,26.0,4.0
479,2020-03-15,Mid-Atlantic,167.0,191.0,105.28571428571429,146.0,13.0,26.0
488,2020-03-16,Mid-Atlantic,387.0,167.0,154.71428571428572,191.0,28.0,13.0
497,2020-03-17,Mid-Atlantic,541.0,387.0,222.57142857142858,167.0,41.0,28.0
506,2020-03-18,Mid-Atlantic,1208.0,541.0,387.2857142857143,387.0,66.0,41.0
515,2020-03-19,Mid-Atlantic,2134.0,1208.0,682.0,541.0,55.0,66.0
524,2020-03-20,Mid-Atlantic,3181.0,2134.0,1115.5714285714287,1208.0,71.0,55.0
533,2020-03-21,Mid-Atlantic,3794.0,3181.0,1630.2857142857142,2134.0,146.0,71.0
542,2020-03-22,Mid-Atlantic,5507.0,3794.0,2393.1428571428573,3181.0,191.0,146.0
551,2020-03-23,Mid-Atlantic,6802.0,5507.0,3309.5714285714284,3794.0,167.0,191.0
560,2020-03-24,Mid-Atlantic,5828.0,6802.0,4064.8571428571427,5507.0,387.0,167.0
569,2020-03-25,Mid-Atlantic,6148.0,5828.0,4770.571428571428,6802.0,541.0,387.0
578,2020-03-26,Mid-Atlantic,9482.0,6148.0,5820.285714285715,5828.0,1208.0,541.0
587,2020-03-27,Mid-Atlantic,9859.0,9482.0,6774.285714285715,6148.0,2134.0,1208.0
596,2020-03-28,Mid-Atlantic,10513.0,9859.0,7734.142857142857,9482.0,3181.0,2134.0
605,2020-03-29,Mid-Atlantic,10100.0,10513.0,8390.285714285714,9859.0,3794.0,3181.0
614,2020-03-30,Mid-Atlantic,10927.0,10100.0,8979.57142857143,10513.0,5507.0,3794.0
623,2020-03-31,Mid-Atlantic,12114.0,10927.0,9877.57142857143,10100.0,6802.0,5507.0
632,2020-04-01,Mid-Atlantic,12438.0,12114.0,10776.142857142857,10927.0,5828.0,6802.0
641,2020-04-02,Mid-Atlantic,13215.0,12438.0,11309.42857142857,12114.0,6148.0,5828.0
650,2020-04-03,Mid-Atlantic,16191.0,13215.0,12214.0,12438.0,9482.0,6148.0
659,2020-04-04,Mid-Atlantic,16667.0,16191.0,13093.142857142857,13215.0,9859.0,9482.0
668,2020-04-05,Mid-Atlantic,13201.0,16667.0,13536.142857142857,16191.0,10513.0,9859.0
677,2020-04-06,Mid-Atlantic,13713.0,13201.0,13934.142857142857,16667.0,10100.0,10513.0
686,2020-04-07,Mid-Atlantic,13079.0,13713.0,14072.0,13201.0,10927.0,10100.0
695,2020-04-08,Mid-Atlantic,15154.0,13079.0,14460.0,13713.0,12114.0,10927.0
704,2020-04-09,Mid-Atlantic,16200.0,15154.0,14886.42857142857,13079.0,12438.0,12114.0
713,2020-04-10,Mid-Atlantic,15887.0,16200.0,14843.0,15154.0,13215.0,12438.0
722,2020-04-11,Mid-Atlantic,15185.0,15887.0,14631.285714285714,16200.0,16191.0,13215.0
731,2020-04-12,Mid-Atlantic,13113.0,15185.0,14618.714285714286,15887.0,16667.0,16191.0
740,2020-04-13,Mid-Atlantic,10437.0,13113.0,14150.714285714286,15185.0,13201.0,16667.0
749,2020-04-14,Mid-Atlantic,12563.0,10437.0,14077.0,13113.0,13713.0,13201.0
758,2020-04-15,Mid-Atlantic,14922.0,12563.0,14043.857142857143,10437.0,13079.0,13713.0
767,2020-04-16,Mid-Atlantic,14037.0,14922.0,13734.857142857143,12563.0,15154.0,13079.0
776,2020-04-17,Mid-Atlantic,12214.0,14037.0,13210.142857142857,14922.0,16200.0,15154.0
785,2020-04-18,Mid-Atlantic,11671.0,12214.0,12708.142857142857,14037.0,15887.0,16200.0
794,2020-04-19,Mid-Atlantic,11150.0,11671.0,12427.714285714286,12214.0,15185.0,15887.0
803,2020-04-20,Mid-Atlantic,9179.0,11150.0,12248.0,11671.0,13113.0,15185.0
812,2020-04-21,Mid-Atlantic,9055.0,9179.0,11746.857142857143,11150.0,10437.0,13113.0
821,2020-04-22,Mid-Atlantic,10160.0,9055.0,11066.57142857143,9179.0,12563.0,10437.0
830,2020-04-23,Mid-Atlantic,11737.0,10160.0,10738.0,9055.0,14922.0,12563.0
839,2020-04-24,Mid-Atlantic,11936.0,11737.0,10698.285714285714,10160.0,14037.0,14922.0
848,2020-04-25,Mid-Atlantic,15277.0,11936.0,11213.42857142857,11737.0,12214.0,14037.0
857,2020-04-26,Mid-Atlantic,10533.0,15277.0,11125.285714285714,11936.0,11671.0,12214.0
866,2020-04-27,Mid-Atlantic,6986.0,10533.0,10812.0,15277.0,11150.0,11671.0
875,2020-04-28,Mid-Atlantic,6992.0,6986.0,10517.285714285714,10533.0,9179.0,11150.0
884,2020-04-29,Mid-Atlantic,8095.0,6992.0,10222.285714285714,6986.0,9055.0,9179.0
893,2020-04-30,Mid-Atlantic,8466.0,8095.0,9755.0,6992.0,10160.0,9055.0
902,2020-05-01,Mid-Atlantic,7688.0,8466.0,9148.142857142857,8095.0,11737.0,10160.0
911,2020-05-02,Mid-Atlantic,8538.0,7688.0,8185.428571428572,8466.0,11936.0,11737.0
920,2020-05-03,Mid-Atlantic,7431.0,8538.0,7742.285714285715,7688.0,15277.0,11936.0
929,2020-05-04,Mid-Atlantic,4889.0,7431.0,7442.714285714285,8538.0,10533.0,15277.0
938,2020-05-05,Mid-Atlantic,5436.0,4889.0,7220.428571428572,7431.0,6986.0,10533.0
947,2020-05-06,Mid-Atlantic,4982.0,5436.0,6775.714285714285,4889.0,6992.0,6986.0
956,2020-05-07,Mid-Atlantic,6310.0,4982.0,6467.714285714285,5436.0,8095.0,6992.0
965,2020-05-08,Mid-Atlantic,6088.0,6310.0,6239.142857142857,4982.0,8466.0,8095.0
974,2020-05-09,Mid-Atlantic,5439.0,6088.0,5796.428571428572,6310.0,7688.0,8466.0
983,2020-05-10,Mid-Atlantic,5025.0,5439.0,5452.714285714285,6088.0,8538.0,7688.0
992,2020-05-11,Mid-Atlantic,3618.0,5025.0,5271.142857142857,5439.0,7431.0,8538.0
1001,2020-05-12,Mid-Atlantic,3080.0,3618.0,4934.571428571428,5025.0,4889.0,7431.0
1010,2020-05-13,Mid-Atlantic,3716.0,3080.0,4753.714285714285,3618.0,5436.0,4889.0
1019,2020-05-14,Mid-Atlantic,4485.0,3716.0,4493.0,3080.0,4982.0,5436.0
1028,2020-05-15,Mid-Atlantic,4967.0,4485.0,4332.857142857143,3716.0,6310.0,4982.0
1037,2020-05-16,Mid-Atlantic,4605.0,4967.0,4213.714285714285,4485.0,6088.0,6310.0
1046,2020-05-17,Mid-Atlantic,3763.0,4605.0,4033.4285714285716,4967.0,5439.0,6088.0
1055,2020-05-18,Mid-Atlantic,3784.0,3763.0,4057.1428571428573,4605.0,5025.0,5439.0
1064,2020-05-19,Mid-Atlantic,3072.0,3784.0,4056.0,3763.0,3618.0,5025.0
1073,2020-05-20,Mid-Atlantic,2930.0,3072.0,3943.714285714286,3784.0,3080.0,3618.0
1082,2020-05-21,Mid-Atlantic,4914.0,2930.0,4005.0,3072.0,3716.0,3080.0
1091,2020-05-22,Mid-Atlantic,3827.0,4914.0,3842.1428571428573,2930.0,4485.0,3716.0
1100,2020-05-23,Mid-Atlantic,2907.0,3827.0,3599.5714285714284,4914.0,4967.0,4485.0
1109,2020-05-24,Mid-Atlantic,3374.0,2907.0,3544.0,3827.0,4605.0,4967.0
1118,2020-05-25,Mid-Atlantic,2665.0,3374.0,3384.1428571428573,2907.0,3763.0,4605.0
1127,2020-05-26,Mid-Atlantic,2199.0,2665.0,3259.4285714285716,3374.0,3784.0,3763.0
1136,2020-05-27,Mid-Atlantic,2789.0,2199.0,3239.285714285714,2665.0,3072.0,3784.0
1145,2020-05-28,Mid-Atlantic,3597.0,2789.0,3051.1428571428573,2199.0,2930.0,3072.0
1154,2020-05-29,Mid-Atlantic,3898.0,3597.0,3061.285714285714,2789.0,4914.0,2930.0
1163,2020-05-30,Mid-Atlantic,2846.0,3898.0,3052.5714285714284,3597.0,3827.0,4914.0
1172,2020-05-31,Mid-Atlantic,2471.0,2846.0,2923.5714285714284,3898.0,2907.0,3827.0
1181,2020-06-01,Mid-Atlantic,1767.0,2471.0,2795.285714285714,2846.0,3374.0,2907.0
1190,2020-06-02,Mid-Atlantic,2581.0,1767.0,2849.8571428571427,2471.0,2665.0,3374.0
1199,2020-06-03,Mid-Atlantic,2111.0,2581.0,2753.0,1767.0,2199.0,2665.0
1208,2020-06-04,Mid-Atlantic,2066.0,2111.0,2534.285714285714,2581.0,2789.0,2199.0
1217,2020-06-05,Mid-Atlantic,2342.0,2066.0,2312.0,2111.0,3597.0,2789.0
1226,2020-06-06,Mid-Atlantic,2385.0,2342.0,2246.1428571428573,2066.0,3898.0,3597.0
1235,2020-06-07,Mid-Atlantic,1567.0,2385.0,2117.0,2342.0,2846.0,3898.0
1244,2020-06-08,Mid-Atlantic,1394.0,1567.0,2063.714285714286,2385.0,2471.0,2846.0
1253,2020-06-09,Mid-Atlantic,1490.0,1394.0,1907.857142857143,1567.0,1767.0,2471.0
1262,2020-06-10,Mid-Atlantic,1651.0,1490.0,1842.142857142857,1394.0,2581.0,1767.0
1271,2020-06-11,Mid-Atlantic,1689.0,1651.0,1788.2857142857142,1490.0,2111.0,2581.0
1280,2020-06-12,Mid-Atlantic,1261.0,1689.0,1633.857142857143,1651.0,2066.0,2111.0
1289,2020-06-13,Mid-Atlantic,1839.0,1261.0,1555.857142857143,1689.0,2342.0,2066.0
1298,2020-06-14,Mid-Atlantic,1320.0,1839.0,1520.5714285714287,1261.0,2385.0,2342.0
1307,2020-06-15,Mid-Atlantic,1173.0,1320.0,1489.0,1839.0,1567.0,2385.0
1316,2020-06-16,Mid-Atlantic,1338.0,1173.0,1467.2857142857142,1320.0,1394.0,1567.0
1325,2020-06-17,Mid-Atlantic,1209.0,1338.0,1404.142857142857,1173.0,1490.0,1394.0
1334,2020-06-18,Mid-Atlantic,1464.0,1209.0,1372.0,1338.0,1651.0,1490.0
1343,2020-06-19,Mid-Atlantic,1732.0,1464.0,1439.2857142857142,1209.0,1689.0,1651.0
1352,2020-06-20,Mid-Atlantic,1587.0,1732.0,1403.2857142857142,1464.0,1261.0,1689.0
1361,2020-06-21,Mid-Atlantic,1453.0,1587.0,1422.2857142857142,1732.0,1839.0,1261.0
1370,2020-06-22,Mid-Atlantic,1294.0,1453.0,1439.5714285714287,1587.0,1320.0,1839.0
1379,2020-06-23,Mid-Atlantic,1458.0,1294.0,1456.7142857142858,1453.0,1173.0,1320.0
1388,2020-06-24,Mid-Atlantic,1272.0,1458.0,1465.7142857142858,1294.0,1338.0,1173.0
1397,2020-06-25,Mid-Atlantic,1652.0,1272.0,1492.5714285714287,1458.0,1209.0,1338.0
1406,2020-06-26,Mid-Atlantic,1824.0,1652.0,1505.7142857142858,1272.0,1464.0,1209.0
1415,2020-06-27,Mid-Atlantic,1016.0,1824.0,1424.142857142857,1652.0,1732.0,1464.0
1424,2020-06-28,Mid-Atlantic,2073.0,1016.0,1512.7142857142858,1824.0,1587.0,1732.0
1433,2020-06-29,Mid-Atlantic,989.0,2073.0,1469.142857142857,1016.0,1453.0,1587.0
1442,2020-06-30,Mid-Atlantic,1580.0,989.0,1486.5714285714287,2073.0,1294.0,1453.0
1451,2020-07-01,Mid-Atlantic,1560.0,1580.0,1527.7142857142858,989.0,1458.0,1294.0
1460,2020-07-02,Mid-Atlantic,2175.0,1560.0,1602.4285714285713,1580.0,1272.0,1458.0
1469,2020-07-03,Mid-Atlantic,2020.0,2175.0,1630.4285714285713,1560.0,1652.0,1272.0
1478,2020-07-04,Mid-Atlantic,1683.0,2020.0,1725.7142857142858,2175.0,1824.0,1652.0
1487,2020-07-05,Mid-Atlantic,1394.0,1683.0,1628.7142857142858,2020.0,1016.0,1824.0
1496,2020-07-06,Mid-Atlantic,1201.0,1394.0,1659.0,1683.0,2073.0,1016.0
1505,2020-07-07,Mid-Atlantic,1889.0,1201.0,1703.142857142857,1394.0,989.0,2073.0
1514,2020-07-08,Mid-Atlantic,1756.0,1889.0,1731.142857142857,1201.0,1580.0,989.0
1523,2020-07-09,Mid-Atlantic,1546.0,1756.0,1641.2857142857142,1889.0,1560.0,1580.0
1532,2020-07-10,Mid-Atlantic,2234.0,1546.0,1671.857142857143,1756.0,2175.0,1560.0
1541,2020-07-11,Mid-Atlantic,1910.0,2234.0,1704.2857142857142,1546.0,2020.0,2175.0
1550,2020-07-12,Mid-Atlantic,1632.0,1910.0,1738.2857142857142,2234.0,1683.0,2020.0
1559,2020-07-13,Mid-Atlantic,1291.0,1632.0,1751.142857142857,1910.0,1394.0,1683.0
1568,2020-07-14,Mid-Atlantic,2296.0,1291.0,1809.2857142857142,1632.0,1201.0,1394.0
1577,2020-07-15,Mid-Atlantic,2238.0,2296.0,1878.142857142857,1291.0,1889.0,1201.0
1586,2020-07-16,Mid-Atlantic,1821.0,2238.0,1917.4285714285713,2296.0,1756.0,1889.0
1595,2020-07-17,Mid-Atlantic,1907.0,1821.0,1870.7142857142858,2238.0,1546.0,1756.0
1604,2020-07-18,Mid-Atlantic,1825.0,1907.0,1858.5714285714287,1821.0,2234.0,1546.0
1613,2020-07-19,Mid-Atlantic,1281.0,1825.0,1808.4285714285713,1907.0,1910.0,2234.0
1622,2020-07-20,Mid-Atlantic,1431.0,1281.0,1828.4285714285713,1825.0,1632.0,1910.0
1631,2020-07-21,Mid-Atlantic,2235.0,1431.0,1819.7142857142858,1281.0,1291.0,1632.0
1640,2020-07-22,Mid-Atlantic,1779.0,2235.0,1754.142857142857,1431.0,2296.0,1291.0
1649,2020-07-23,Mid-Atlantic,2067.0,1779.0,1789.2857142857142,2235.0,2238.0,2296.0
1658,2020-07-24,Mid-Atlantic,2468.0,2067.0,1869.4285714285713,1779.0,1821.0,2238.0
1667,2020-07-25,Mid-Atlantic,2358.0,2468.0,1945.5714285714287,2067.0,1907.0,1821.0
1676,2020-07-26,Mid-Atlantic,1875.0,2358.0,2030.4285714285713,2468.0,1825.0,1907.0
1685,2020-07-27,Mid-Atlantic,1924.0,1875.0,2100.8571428571427,2358.0,1281.0,1825.0
1694,2020-07-28,Mid-Atlantic,2180.0,1924.0,2093.0,1875.0,1431.0,1281.0
1703,2020-07-29,Mid-Atlantic,2073.0,2180.0,2135.0,1924.0,2235.0,1431.0
1712,2020-07-30,Mid-Atlantic,1876.0,2073.0,2107.714285714286,2180.0,1779.0,2235.0
1721,2020-07-31,Mid-Atlantic,2341.0,1876.0,2089.5714285714284,2073.0,2067.0,1779.0
1730,2020-08-01,Mid-Atlantic,2067.0,2341.0,2048.0,1876.0,2468.0,2067.0
1739,2020-08-02,Mid-Atlantic,1542.0,2067.0,2000.4285714285713,2341.0,2358.0,2468.0
1748,2020-08-03,Mid-Atlantic,1403.0,1542.0,1926.0,2067.0,1875.0,2358.0
1757,2020-08-04,Mid-Atlantic,2004.0,1403.0,1900.857142857143,1542.0,1924.0,1875.0
1766,2020-08-05,Mid-Atlantic,1733.0,2004.0,1852.2857142857142,1403.0,2180.0,1924.0
1775,2020-08-06,Mid-Atlantic,1929.0,1733.0,1859.857142857143,2004.0,2073.0,2180.0
1784,2020-08-07,Mid-Atlantic,1875.0,1929.0,1793.2857142857142,1733.0,1876.0,2073.0
1793,2020-08-08,Mid-Atlantic,1927.0,1875.0,1773.2857142857142,1929.0,2341.0,1876.0
1802,2020-08-09,Mid-Atlantic,1641.0,1927.0,1787.4285714285713,1875.0,2067.0,2341.0
1811,2020-08-10,Mid-Atlantic,1355.0,1641.0,1780.5714285714287,1927.0,1542.0,2067.0
1820,2020-08-11,Mid-Atlantic,1986.0,1355.0,1778.0,1641.0,1403.0,1542.0
1829,2020-08-12,Mid-Atlantic,2043.0,1986.0,1822.2857142857142,1355.0,2004.0,1403.0
1838,2020-08-13,Mid-Atlantic,2437.0,2043.0,1894.857142857143,1986.0,1733.0,2004.0
1847,2020-08-14,Mid-Atlantic,2160.0,2437.0,1935.5714285714287,2043.0,1929.0,1733.0
1856,2020-08-15,Mid-Atlantic,1907.0,2160.0,1932.7142857142858,2437.0,1875.0,1929.0
1865,2020-08-16,Mid-Atlantic,1317.0,1907.0,1886.4285714285713,2160.0,1927.0,1875.0
1874,2020-08-17,Mid-Atlantic,1130.0,1317.0,1854.2857142857142,1907.0,1641.0,1927.0
1883,2020-08-18,Mid-Atlantic,1770.0,1130.0,1823.4285714285713,1317.0,1355.0,1641.0
1892,2020-08-19,Mid-Atlantic,1583.0,1770.0,1757.7142857142858,1130.0,1986.0,1355.0
1901,2020-08-20,Mid-Atlantic,1533.0,1583.0,1628.5714285714287,1770.0,2043.0,1986.0
1910,2020-08-21,Mid-Atlantic,1727.0,1533.0,1566.7142857142858,1583.0,2437.0,2043.0
1919,2020-08-22,Mid-Atlantic,1908.0,1727.0,1566.857142857143,1533.0,2160.0,2437.0
1928,2020-08-23,Mid-Atlantic,1473.0,1908.0,1589.142857142857,1727.0,1907.0,2160.0
1937,2020-08-24,Mid-Atlantic,1092.0,1473.0,1583.7142857142858,1908.0,1317.0,1907.0
1946,2020-08-25,Mid-Atlantic,1545.0,1092.0,1551.5714285714287,1473.0,1130.0,1317.0
1955,2020-08-26,Mid-Atlantic,1393.0,1545.0,1524.4285714285713,1092.0,1770.0,1130.0
1964,2020-08-27,Mid-Atlantic,1771.0,1393.0,1558.4285714285713,1545.0,1583.0,1770.0
1973,2020-08-28,Mid-Atlantic,1870.0,1771.0,1578.857142857143,1393.0,1533.0,1583.0
1982,2020-08-29,Mid-Atlantic,1871.0,1870.0,1573.5714285714287,1771.0,1727.0,1533.0
1991,2020-08-30,Mid-Atlantic,1682.0,1871.0,1603.4285714285713,1870.0,1908.0,1727.0
2000,2020-08-31,Mid-Atlantic,1549.0,1682.0,1668.7142857142858,1871.0,1473.0,1908.0
2009,2020-09-01,Mid-Atlantic,1904.0,1549.0,1720.0,1682.0,1092.0,1473.0
2018,2020-09-02,Mid-Atlantic,1872.0,1904.0,1788.4285714285713,1549.0,1545.0,1092.0
2027,2020-09-03,Mid-Atlantic,2470.0,1872.0,1888.2857142857142,1904.0,1393.0,1545.0
2036,2020-09-04,Mid-Atlantic,2248.0,2470.0,1942.2857142857142,1872.0,1771.0,1393.0
2045,2020-09-05,Mid-Atlantic,2148.0,2248.0,1981.857142857143,2470.0,1870.0,1771.0
2054,2020-09-06,Mid-Atlantic,1771.0,2148.0,1994.5714285714287,2248.0,1871.0,1870.0
2063,2020-09-07,Mid-Atlantic,1427.0,1771.0,1977.142857142857,2148.0,1682.0,1871.0
2072,2020-09-08,Mid-Atlantic,1361.0,1427.0,1899.5714285714287,1771.0,1549.0,1682.0
2081,2020-09-09,Mid-Atlantic,1898.0,1361.0,1903.2857142857142,1427.0,1904.0,1549.0
2090,2020-09-10,Mid-Atlantic,1834.0,1898.0,1812.4285714285713,1361.0,1872.0,1904.0
2099,2020-09-11,Mid-Atlantic,2412.0,1834.0,1835.857142857143,1898.0,2470.0,1872.0
2108,2020-09-12,Mid-Atlantic,2273.0,2412.0,1853.7142857142858,1834.0,2248.0,2470.0
2117,2020-09-13,Mid-Atlantic,1125.0,2273.0,1761.4285714285713,2412.0,2148.0,2248.0
2126,2020-09-14,Mid-Atlantic,2133.0,1125.0,1862.2857142857142,2273.0,1771.0,2148.0
2135,2020-09-15,Mid-Atlantic,2406.0,2133.0,2011.5714285714287,1125.0,1427.0,1771.0
2144,2020-09-16,Mid-Atlantic,1873.0,2406.0,2008.0,2133.0,1361.0,1427.0
2153,2020-09-17,Mid-Atlantic,2465.0,1873.0,2098.1428571428573,2406.0,1898.0,1361.0
2162,2020-09-18,Mid-Atlantic,2101.0,2465.0,2053.714285714286,1873.0,1834.0,1898.0
2171,2020-09-19,Mid-Atlantic,2658.0,2101.0,2108.714285714286,2465.0,2412.0,1834.0
2180,2020-09-20,Mid-Atlantic,2084.0,2658.0,2245.714285714286,2101.0,2273.0,2412.0
2189,2020-09-21,Mid-Atlantic,1242.0,2084.0,2118.4285714285716,2658.0,1125.0,2273.0
2198,2020-09-22,Mid-Atlantic,2098.0,1242.0,2074.4285714285716,2084.0,2133.0,1125.0
2207,2020-09-23,Mid-Atlantic,2053.0,2098.0,2100.1428571428573,1242.0,2406.0,2133.0
2216,2020-09-24,Mid-Atlantic,2452.0,2053.0,2098.285714285714,2098.0,1873.0,2406.0
2225,2020-09-25,Mid-Atlantic,2341.0,2452.0,2132.5714285714284,2053.0,2465.0,1873.0
2234,2020-09-26,Mid-Atlantic,2863.0,2341.0,2161.8571428571427,2452.0,2101.0,2465.0
2243,2020-09-27,Mid-Atlantic,2544.0,2863.0,2227.5714285714284,2341.0,2658.0,2101.0
2252,2020-09-28,Mid-Atlantic,2129.0,2544.0,2354.285714285714,2863.0,2084.0,2658.0
2261,2020-09-29,Mid-Atlantic,2728.0,2129.0,2444.285714285714,2544.0,1242.0,2084.0
2270,2020-09-30,Mid-Atlantic,2975.0,2728.0,2576.0,2129.0,2098.0,1242.0
2279,2020-10-01,Mid-Atlantic,3254.0,2975.0,2690.5714285714284,2728.0,2053.0,2098.0
2288,2020-10-02,Mid-Atlantic,3597.0,3254.0,2870.0,2975.0,2452.0,2053.0
2297,2020-10-03,Mid-Atlantic,2776.0,3597.0,2857.5714285714284,3254.0,2341.0,2452.0
2306,2020-10-04,Mid-Atlantic,4174.0,2776.0,3090.4285714285716,3597.0,2863.0,2341.0
2315,2020-10-05,Mid-Atlantic,2184.0,4174.0,3098.285714285714,2776.0,2544.0,2863.0
2324,2020-10-06,Mid-Atlantic,3149.0,2184.0,3158.4285714285716,4174.0,2129.0,2544.0
2333,2020-10-07,Mid-Atlantic,3289.0,3149.0,3203.285714285714,2184.0,2728.0,2129.0
2342,2020-10-08,Mid-Atlantic,4624.0,3289.0,3399.0,3149.0,2975.0,2728.0
2351,2020-10-09,Mid-Atlantic,3955.0,4624.0,3450.1428571428573,3289.0,3254.0,2975.0
2360,2020-10-10,Mid-Atlantic,4179.0,3955.0,3650.5714285714284,4624.0,3597.0,3254.0
2369,2020-10-11,Mid-Atlantic,3156.0,4179.0,3505.1428571428573,3955.0,2776.0,3597.0
2378,2020-10-12,Mid-Atlantic,2670.0,3156.0,3574.5714285714284,4179.0,4174.0,2776.0
2387,2020-10-13,Mid-Atlantic,3880.0,2670.0,3679.0,3156.0,2184.0,4174.0
2396,2020-10-14,Mid-Atlantic,3649.0,3880.0,3730.4285714285716,2670.0,3149.0,2184.0
2405,2020-10-15,Mid-Atlantic,4237.0,3649.0,3675.1428571428573,3880.0,3289.0,3149.0
2414,2020-10-16,Mid-Atlantic,4273.0,4237.0,3720.5714285714284,3649.0,4624.0,3289.0
2423,2020-10-17,Mid-Atlantic,4805.0,4273.0,3810.0,4237.0,3955.0,4624.0
2432,2020-10-18,Mid-Atlantic,4089.0,4805.0,3943.285714285714,4273.0,4179.0,3955.0
2441,2020-10-19,Mid-Atlantic,3472.0,4089.0,4057.8571428571427,4805.0,3156.0,4179.0
2450,2020-10-20,Mid-Atlantic,3993.0,3472.0,4074.0,4089.0,2670.0,3156.0
2459,2020-10-21,Mid-Atlantic,4752.0,3993.0,4231.571428571428,3472.0,3880.0,2670.0
2468,2020-10-22,Mid-Atlantic,5135.0,4752.0,4359.857142857143,3993.0,3649.0,3880.0
2477,2020-10-23,Mid-Atlantic,5171.0,5135.0,4488.142857142857,4752.0,4237.0,3649.0
2486,2020-10-24,Mid-Atlantic,6310.0,5171.0,4703.142857142857,5135.0,4273.0,4237.0
2495,2020-10-25,Mid-Atlantic,4705.0,6310.0,4791.142857142857,5171.0,4805.0,4273.0
2504,2020-10-26,Mid-Atlantic,4093.0,4705.0,4879.857142857143,6310.0,4089.0,4805.0
2513,2020-10-27,Mid-Atlantic,6823.0,4093.0,5284.142857142857,4705.0,3472.0,4089.0
2522,2020-10-28,Mid-Atlantic,6274.0,6823.0,5501.571428571428,4093.0,3993.0,3472.0
2531,2020-10-29,Mid-Atlantic,6674.0,6274.0,5721.428571428572,6823.0,4752.0,3993.0
2540,2020-10-30,Mid-Atlantic,7294.0,6674.0,6024.714285714285,6274.0,5135.0,4752.0
2549,2020-10-31,Mid-Atlantic,6310.0,7294.0,6024.714285714285,6674.0,5171.0,5135.0
2558,2020-11-01,Mid-Atlantic,6290.0,6310.0,6251.142857142857,7294.0,6310.0,5171.0
2567,2020-11-02,Mid-Atlantic,5488.0,6290.0,6450.428571428572,6310.0,4705.0,6310.0
2576,2020-11-03,Mid-Atlantic,7601.0,5488.0,6561.571428571428,6290.0,4093.0,4705.0
2585,2020-11-04,Mid-Atlantic,7962.0,7601.0,6802.714285714285,5488.0,6823.0,4093.0
2594,2020-11-05,Mid-Atlantic,8473.0,7962.0,7059.714285714285,7601.0,6274.0,6823.0
2603,2020-11-06,Mid-Atlantic,9365.0,8473.0,7355.571428571428,7962.0,6674.0,6274.0
2612,2020-11-07,Mid-Atlantic,11422.0,9365.0,8085.857142857143,8473.0,7294.0,6674.0
2621,2020-11-08,Mid-Atlantic,8831.0,11422.0,8448.857142857143,9365.0,6310.0,7294.0
2630,2020-11-09,Mid-Atlantic,9099.0,8831.0,8964.714285714286,11422.0,6290.0,6310.0
2639,2020-11-10,Mid-Atlantic,12761.0,9099.0,9701.857142857143,8831.0,5488.0,6290.0
2648,2020-11-11,Mid-Atlantic,13264.0,12761.0,10459.285714285714,9099.0,7601.0,5488.0
2657,2020-11-12,Mid-Atlantic,14521.0,13264.0,11323.285714285714,12761.0,7962.0,7601.0
2666,2020-11-13,Mid-Atlantic,14955.0,14521.0,12121.857142857143,13264.0,8473.0,7962.0
2675,2020-11-14,Mid-Atlantic,15909.0,14955.0,12762.857142857143,14521.0,9365.0,8473.0
2684,2020-11-15,Mid-Atlantic,13890.0,15909.0,13485.57142857143,14955.0,11422.0,9365.0
2693,2020-11-16,Mid-Atlantic,10700.0,13890.0,13714.285714285714,15909.0,8831.0,11422.0
2702,2020-11-17,Mid-Atlantic,15723.0,10700.0,14137.42857142857,13890.0,9099.0,8831.0
2711,2020-11-18,Mid-Atlantic,16392.0,15723.0,14584.285714285714,10700.0,12761.0,9099.0
2720,2020-11-19,Mid-Atlantic,17307.0,16392.0,14982.285714285714,15723.0,13264.0,12761.0
2729,2020-11-20,Mid-Atlantic,16601.0,17307.0,15217.42857142857,16392.0,14521.0,13264.0
2738,2020-11-21,Mid-Atlantic,18002.0,16601.0,15516.42857142857,17307.0,14955.0,14521.0
2747,2020-11-22,Mid-Atlantic,16908.0,18002.0,15947.57142857143,16601.0,15909.0,14955.0
2756,2020-11-23,Mid-Atlantic,14708.0,16908.0,16520.14285714286,18002.0,13890.0,15909.0
2765,2020-11-24,Mid-Atlantic,16521.0,14708.0,16634.14285714286,16908.0,10700.0,13890.0
2774,2020-11-25,Mid-Atlantic,17779.0,16521.0,16832.285714285714,14708.0,15723.0,10700.0
2783,2020-11-26,Mid-Atlantic,20518.0,17779.0,17291.0,16521.0,16392.0,15723.0
2792,2020-11-27,Mid-Atlantic,20033.0,20518.0,17781.285714285714,17779.0,17307.0,16392.0
2801,2020-11-28,Mid-Atlantic,18646.0,20033.0,17873.285714285714,20518.0,16601.0,17307.0
2810,2020-11-29,Mid-Atlantic,16751.0,18646.0,17850.85714285714,20033.0,18002.0,16601.0
2819,2020-11-30,Mid-Atlantic,14902.0,16751.0,17878.571428571428,18646.0,16908.0,18002.0
2828,2020-12-01,Mid-Atlantic,18404.0,14902.0,18147.571428571428,16751.0,14708.0,16908.0
2837,2020-12-02,Mid-Atlantic,22419.0,18404.0,18810.428571428572,14902.0,16521.0,14708.0
2846,2020-12-03,Mid-Atlantic,26817.0,22419.0,19710.285714285714,18404.0,17779.0,16521.0
2855,2020-12-04,Mid-Atlantic,29460.0,26817.0,21057.0,22419.0,20518.0,17779.0
2864,2020-12-05,Mid-Atlantic,29693.0,29460.0,22635.14285714286,26817.0,20033.0,20518.0
2873,2020-12-06,Mid-Atlantic,24964.0,29693.0,23808.428571428572,29460.0,18646.0,20033.0
2882,2020-12-07,Mid-Atlantic,17769.0,24964.0,24218.0,29693.0,16751.0,18646.0
2891,2020-12-08,Mid-Atlantic,25824.0,17769.0,25278.0,24964.0,14902.0,16751.0
2900,2020-12-09,Mid-Atlantic,24422.0,25824.0,25564.14285714286,17769.0,18404.0,14902.0
2909,2020-12-10,Mid-Atlantic,27950.0,24422.0,25726.0,25824.0,22419.0,18404.0
2918,2020-12-11,Mid-Atlantic,27675.0,27950.0,25471.0,24422.0,26817.0,22419.0
2927,2020-12-12,Mid-Atlantic,29101.0,27675.0,25386.428571428572,27950.0,29460.0,26817.0
2936,2020-12-13,Mid-Atlantic,25589.0,29101.0,25475.714285714286,27675.0,29693.0,29460.0
2945,2020-12-14,Mid-Atlantic,22343.0,25589.0,26129.14285714286,29101.0,24964.0,29693.0
2954,2020-12-15,Mid-Atlantic,24610.0,22343.0,25955.714285714286,25589.0,17769.0,24964.0
2963,2020-12-16,Mid-Atlantic,26353.0,24610.0,26231.571428571428,22343.0,25824.0,17769.0
2972,2020-12-17,Mid-Atlantic,25791.0,26353.0,25923.14285714286,24610.0,24422.0,25824.0
2981,2020-12-18,Mid-Atlantic,26462.0,25791.0,25749.85714285714,26353.0,27950.0,24422.0
2990,2020-12-19,Mid-Atlantic,24612.0,26462.0,25108.571428571428,25791.0,27675.0,27950.0
2999,2020-12-20,Mid-Atlantic,22901.0,24612.0,24724.571428571428,26462.0,29101.0,27675.0
3008,2020-12-21,Mid-Atlantic,20580.0,22901.0,24472.714285714286,24612.0,25589.0,29101.0
3017,2020-12-22,Mid-Atlantic,22944.0,20580.0,24234.714285714286,22901.0,22343.0,25589.0
3026,2020-12-23,Mid-Atlantic,26995.0,22944.0,24326.428571428572,20580.0,24610.0,22343.0
3035,2020-12-24,Mid-Atlantic,27128.0,26995.0,24517.428571428572,22944.0,26353.0,24610.0
3044,2020-12-25,Mid-Atlantic,25225.0,27128.0,24340.714285714286,26995.0,25791.0,26353.0
3053,2020-12-26,Mid-Atlantic,22718.0,25225.0,24070.14285714286,27128.0,26462.0,25791.0
3062,2020-12-27,Mid-Atlantic,15402.0,22718.0,22998.85714285714,25225.0,24612.0,26462.0
3071,2020-12-28,Mid-Atlantic,17499.0,15402.0,22558.714285714286,22718.0,22901.0,24612.0
3080,2020-12-29,Mid-Atlantic,24390.0,17499.0,22765.285714285714,15402.0,20580.0,22901.0
3089,2020-12-30,Mid-Atlantic,27636.0,24390.0,22856.85714285714,17499.0,22944.0,20580.0
3098,2020-12-31,Mid-Atlantic,31506.0,27636.0,23482.285714285714,24390.0,26995.0,22944.0
3107,2021-01-01,Mid-Atlantic,30129.0,31506.0,24182.85714285714,27636.0,27128.0,26995.0
3116,2021-01-02,Mid-Atlantic,30126.0,30129.0,25241.14285714286,31506.0,25225.0,27128.0
3125,2021-01-03,Mid-Atlantic,20035.0,30126.0,25903.0,30129.0,22718.0,25225.0
3134,2021-01-04,Mid-Atlantic,16793.0,20035.0,25802.14285714286,30126.0,15402.0,22718.0
3143,2021-01-05,Mid-Atlantic,27755.0,16793.0,26282.85714285714,20035.0,17499.0,15402.0
3152,2021-01-06,Mid-Atlantic,31970.0,27755.0,26902.0,16793.0,24390.0,17499.0
3161,2021-01-07,Mid-Atlantic,34873.0,31970.0,27383.0,27755.0,27636.0,24390.0
3170,2021-01-08,Mid-Atlantic,35959.0,34873.0,28215.85714285714,31970.0,31506.0,27636.0
3179,2021-01-09,Mid-Atlantic,34415.0,35959.0,28828.571428571428,34873.0,30129.0,31506.0
3188,2021-01-10,Mid-Atlantic,28507.0,34415.0,30038.85714285714,35959.0,30126.0,30129.0
3197,2021-01-11,Mid-Atlantic,24386.0,28507.0,31123.571428571428,34415.0,20035.0,30126.0
3206,2021-01-12,Mid-Atlantic,27076.0,24386.0,31026.571428571428,28507.0,16793.0,20035.0
3215,2021-01-13,Mid-Atlantic,30417.0,27076.0,30804.714285714286,24386.0,27755.0,16793.0
3224,2021-01-14,Mid-Atlantic,27928.0,30417.0,29812.571428571428,27076.0,31970.0,27755.0
3233,2021-01-15,Mid-Atlantic,32358.0,27928.0,29298.14285714286,30417.0,34873.0,31970.0
3242,2021-01-16,Mid-Atlantic,29163.0,32358.0,28547.85714285714,27928.0,35959.0,34873.0
3251,2021-01-17,Mid-Atlantic,24997.0,29163.0,28046.428571428572,32358.0,34415.0,35959.0
3260,2021-01-18,Mid-Atlantic,20083.0,24997.0,27431.714285714286,29163.0,28507.0,34415.0
3269,2021-01-19,Mid-Atlantic,22481.0,20083.0,26775.285714285714,24997.0,24386.0,28507.0
3278,2021-01-20,Mid-Atlantic,24786.0,22481.0,25970.85714285714,20083.0,27076.0,24386.0
3287,2021-01-21,Mid-Atlantic,24599.0,24786.0,25495.285714285714,22481.0,30417.0,27076.0
3296,2021-01-22,Mid-Atlantic,24682.0,24599.0,24398.714285714286,24786.0,27928.0,30417.0
3305,2021-01-23,Mid-Atlantic,26718.0,24682.0,24049.428571428572,24599.0,32358.0,27928.0
3314,2021-01-24,Mid-Atlantic,21968.0,26718.0,23616.714285714286,24682.0,29163.0,32358.0
3323,2021-01-25,Mid-Atlantic,20080.0,21968.0,23616.285714285714,26718.0,24997.0,29163.0
3332,2021-01-26,Mid-Atlantic,20468.0,20080.0,23328.714285714286,21968.0,20083.0,24997.0
3341,2021-01-27,Mid-Atlantic,21712.0,20468.0,22889.571428571428,20080.0,22481.0,20083.0
3350,2021-01-28,Mid-Atlantic,24180.0,21712.0,22829.714285714286,20468.0,24786.0,22481.0
3359,2021-01-29,Mid-Atlantic,28208.0,24180.0,23333.428571428572,21712.0,24599.0,24786.0
3368,2021-01-30,Mid-Atlantic,23269.0,28208.0,22840.714285714286,24180.0,24682.0,24599.0
3377,2021-01-31,Mid-Atlantic,19064.0,23269.0,22425.85714285714,28208.0,26718.0,24682.0
3386,2021-02-01,Mid-Atlantic,14879.0,19064.0,21682.85714285714,23269.0,21968.0,26718.0
3395,2021-02-02,Mid-Atlantic,15775.0,14879.0,21012.428571428572,19064.0,20080.0,21968.0
3404,2021-02-03,Mid-Atlantic,11364.0,15775.0,19534.14285714286,14879.0,20468.0,20080.0
3413,2021-02-04,Mid-Atlantic,14073.0,11364.0,18090.285714285714,15775.0,21712.0,20468.0
3422,2021-02-05,Mid-Atlantic,17693.0,14073.0,16588.14285714286,11364.0,24180.0,21712.0
3431,2021-02-06,Mid-Atlantic,19693.0,17693.0,16077.285714285714,14073.0,28208.0,24180.0
3440,2021-02-07,Mid-Atlantic,19074.0,19693.0,16078.714285714286,17693.0,23269.0,28208.0
3449,2021-02-08,Mid-Atlantic,13513.0,19074.0,15883.57142857143,19693.0,19064.0,23269.0
3458,2021-02-09,Mid-Atlantic,15530.0,13513.0,15848.57142857143,19074.0,14879.0,19064.0
3467,2021-02-10,Mid-Atlantic,14849.0,15530.0,16346.42857142857,13513.0,15775.0,14879.0
3476,2021-02-11,Mid-Atlantic,17733.0,14849.0,16869.285714285714,15530.0,11364.0,15775.0
3485,2021-02-12,Mid-Atlantic,16123.0,17733.0,16645.0,14849.0,14073.0,11364.0
3494,2021-02-13,Mid-Atlantic,16608.0,16123.0,16204.285714285714,17733.0,17693.0,14073.0
3503,2021-02-14,Mid-Atlantic,13055.0,16608.0,15344.42857142857,16123.0,19693.0,17693.0
3512,2021-02-15,Mid-Atlantic,9755.0,13055.0,14807.57142857143,16608.0,19074.0,19693.0
3521,2021-02-16,Mid-Atlantic,12763.0,9755.0,14412.285714285714,13055.0,13513.0,19074.0
3530,2021-02-17,Mid-Atlantic,13614.0,12763.0,14235.857142857143,9755.0,15530.0,13513.0
3539,2021-02-18,Mid-Atlantic,13416.0,13614.0,13619.142857142857,12763.0,14849.0,15530.0
3548,2021-02-19,Mid-Atlantic,14535.0,13416.0,13392.285714285714,13614.0,17733.0,14849.0
3557,2021-02-20,Mid-Atlantic,13386.0,14535.0,12932.0,13416.0,16123.0,17733.0
3566,2021-02-21,Mid-Atlantic,10547.0,13386.0,12573.714285714286,14535.0,16608.0,16123.0
3575,2021-02-22,Mid-Atlantic,10371.0,10547.0,12661.714285714286,13386.0,13055.0,16608.0
3584,2021-02-23,Mid-Atlantic,12642.0,10371.0,12644.42857142857,10547.0,9755.0,13055.0
3593,2021-02-24,Mid-Atlantic,12094.0,12642.0,12427.285714285714,10371.0,12763.0,9755.0
3602,2021-02-25,Mid-Atlantic,14679.0,12094.0,12607.714285714286,12642.0,13614.0,12763.0
3611,2021-02-26,Mid-Atlantic,15420.0,14679.0,12734.142857142857,12094.0,13416.0,13614.0
3620,2021-02-27,Mid-Atlantic,15636.0,15420.0,13055.57142857143,14679.0,14535.0,13416.0
3629,2021-02-28,Mid-Atlantic,11914.0,15636.0,13250.857142857143,15420.0,13386.0,14535.0
3638,2021-03-01,Mid-Atlantic,11003.0,11914.0,13341.142857142857,15636.0,10547.0,13386.0
3647,2021-03-02,Mid-Atlantic,11653.0,11003.0,13199.857142857143,11914.0,10371.0,10547.0
3656,2021-03-03,Mid-Atlantic,13972.0,11653.0,13468.142857142857,11003.0,12642.0,10371.0
3665,2021-03-04,Mid-Atlantic,13814.0,13972.0,13344.57142857143,11653.0,12094.0,12642.0
3674,2021-03-05,Mid-Atlantic,15414.0,13814.0,13343.714285714286,13972.0,14679.0,12094.0
3683,2021-03-06,Mid-Atlantic,14156.0,15414.0,13132.285714285714,13814.0,15420.0,14679.0
3692,2021-03-07,Mid-Atlantic,10966.0,14156.0,12996.857142857143,15414.0,15636.0,15420.0
3701,2021-03-08,Mid-Atlantic,9663.0,10966.0,12805.42857142857,14156.0,11914.0,15636.0
3710,2021-03-09,Mid-Atlantic,13888.0,9663.0,13124.714285714286,10966.0,11003.0,11914.0
3719,2021-03-10,Mid-Atlantic,12492.0,13888.0,12913.285714285714,9663.0,11653.0,11003.0
3728,2021-03-11,Mid-Atlantic,13658.0,12492.0,12891.0,13888.0,13972.0,11653.0
3737,2021-03-12,Mid-Atlantic,15728.0,13658.0,12935.857142857143,12492.0,13814.0,13972.0
3746,2021-03-13,Mid-Atlantic,12375.0,15728.0,12681.42857142857,13658.0,15414.0,13814.0
3755,2021-03-14,Mid-Atlantic,11816.0,12375.0,12802.857142857143,15728.0,14156.0,15414.0
3764,2021-03-15,Mid-Atlantic,11799.0,11816.0,13108.0,12375.0,10966.0,14156.0
3773,2021-03-16,Mid-Atlantic,13528.0,11799.0,13056.57142857143,11816.0,9663.0,10966.0
3782,2021-03-17,Mid-Atlantic,14087.0,13528.0,13284.42857142857,11799.0,13888.0,9663.0
3791,2021-03-18,Mid-Atlantic,13037.0,14087.0,13195.714285714286,13528.0,12492.0,13888.0
3800,2021-03-19,Mid-Atlantic,12949.0,13037.0,12798.714285714286,14087.0,13658.0,12492.0
3809,2021-03-20,Mid-Atlantic,15317.0,12949.0,13219.0,13037.0,15728.0,13658.0
3818,2021-03-21,Mid-Atlantic,9040.0,15317.0,12822.42857142857,12949.0,12375.0,15728.0
3827,2021-03-22,Mid-Atlantic,10278.0,9040.0,12605.142857142857,15317.0,11816.0,12375.0
3836,2021-03-23,Mid-Atlantic,15227.0,10278.0,12847.857142857143,9040.0,11799.0,11816.0
3845,2021-03-24,Mid-Atlantic,28948.0,15227.0,14970.857142857143,10278.0,13528.0,11799.0
3854,2021-03-25,Mid-Atlantic,16218.0,28948.0,15425.285714285714,15227.0,14087.0,13528.0
3863,2021-03-26,Mid-Atlantic,18619.0,16218.0,16235.285714285714,28948.0,13037.0,14087.0
3872,2021-03-27,Mid-Atlantic,17015.0,18619.0,16477.85714285714,16218.0,12949.0,13037.0
3881,2021-03-28,Mid-Atlantic,15933.0,17015.0,17462.571428571428,18619.0,15317.0,12949.0
3890,2021-03-29,Mid-Atlantic,16464.0,15933.0,18346.285714285714,17015.0,9040.0,15317.0
3899,2021-03-30,Mid-Atlantic,15997.0,16464.0,18456.285714285714,15933.0,10278.0,9040.0
3908,2021-03-31,Mid-Atlantic,15808.0,15997.0,16579.14285714286,16464.0,15227.0,10278.0
3917,2021-04-01,Mid-Atlantic,18629.0,15808.0,16923.571428571428,15997.0,28948.0,15227.0
3926,2021-04-02,Mid-Atlantic,16670.0,18629.0,16645.14285714286,15808.0,16218.0,28948.0
3935,2021-04-03,Mid-Atlantic,17500.0,16670.0,16714.428571428572,18629.0,18619.0,16218.0
3944,2021-04-04,Mid-Atlantic,14429.0,17500.0,16499.571428571428,16670.0,17015.0,18619.0
3953,2021-04-05,Mid-Atlantic,13483.0,14429.0,16073.714285714286,17500.0,15933.0,17015.0
3962,2021-04-06,Mid-Atlantic,14667.0,13483.0,15883.714285714286,14429.0,16464.0,15933.0
3971,2021-04-07,Mid-Atlantic,15295.0,14667.0,15810.42857142857,13483.0,15997.0,16464.0
3980,2021-04-08,Mid-Atlantic,17529.0,15295.0,15653.285714285714,14667.0,15808.0,15997.0
3989,2021-04-09,Mid-Atlantic,17896.0,17529.0,15828.42857142857,15295.0,18629.0,15808.0
3998,2021-04-10,Mid-Atlantic,15324.0,17896.0,15517.57142857143,17529.0,16670.0,18629.0
4007,2021-04-11,Mid-Atlantic,13326.0,15324.0,15360.0,17896.0,17500.0,16670.0
4016,2021-04-12,Mid-Atlantic,11961.0,13326.0,15142.57142857143,15324.0,14429.0,17500.0
4025,2021-04-13,Mid-Atlantic,15115.0,11961.0,15206.57142857143,13326.0,13483.0,14429.0
4034,2021-04-14,Mid-Atlantic,15938.0,15115.0,15298.42857142857,11961.0,14667.0,13483.0
4043,2021-04-15,Mid-Atlantic,16030.0,15938.0,15084.285714285714,15115.0,15295.0,14667.0
4052,2021-04-16,Mid-Atlantic,16218.0,16030.0,14844.57142857143,15938.0,17529.0,15295.0
4061,2021-04-17,Mid-Atlantic,14681.0,16218.0,14752.714285714286,16030.0,17896.0,17529.0
4070,2021-04-18,Mid-Atlantic,11597.0,14681.0,14505.714285714286,16218.0,15324.0,17896.0
4079,2021-04-19,Mid-Atlantic,10451.0,11597.0,14290.0,14681.0,13326.0,15324.0
4088,2021-04-20,Mid-Atlantic,12561.0,10451.0,13925.142857142857,11597.0,11961.0,13326.0
4097,2021-04-21,Mid-Atlantic,12268.0,12561.0,13400.857142857143,10451.0,15115.0,11961.0
4106,2021-04-22,Mid-Atlantic,12578.0,12268.0,12907.714285714286,12561.0,15938.0,15115.0
4115,2021-04-23,Mid-Atlantic,11752.0,12578.0,12269.714285714286,12268.0,16030.0,15938.0
4124,2021-04-24,Mid-Atlantic,10637.0,11752.0,11692.0,12578.0,16218.0,16030.0
4133,2021-04-25,Mid-Atlantic,8370.0,10637.0,11231.0,11752.0,14681.0,16218.0
4142,2021-04-26,Mid-Atlantic,-3297.0,8370.0,9267.0,10637.0,11597.0,14681.0
4151,2021-04-27,Mid-Atlantic,9128.0,-3297.0,8776.57142857143,8370.0,10451.0,11597.0
4160,2021-04-28,Mid-Atlantic,8653.0,9128.0,8260.142857142857,-3297.0,12561.0,10451.0
4169,2021-04-29,Mid-Atlantic,9468.0,8653.0,7815.857142857143,9128.0,12268.0,12561.0
4178,2021-04-30,Mid-Atlantic,10111.0,9468.0,7581.428571428572,8653.0,12578.0,12268.0
4187,2021-05-01,Mid-Atlantic,8159.0,10111.0,7227.428571428572,9468.0,11752.0,12578.0
4196,2021-05-02,Mid-Atlantic,6271.0,8159.0,6927.571428571428,10111.0,10637.0,11752.0
4205,2021-05-03,Mid-Atlantic,5791.0,6271.0,8225.857142857143,8159.0,8370.0,10637.0
4214,2021-05-04,Mid-Atlantic,5894.0,5791.0,7763.857142857143,6271.0,-3297.0,8370.0
4223,2021-05-05,Mid-Atlantic,7290.0,5894.0,7569.142857142857,5791.0,9128.0,-3297.0
4232,2021-05-06,Mid-Atlantic,7313.0,7290.0,7261.285714285715,5894.0,8653.0,9128.0
4241,2021-05-07,Mid-Atlantic,6079.0,7313.0,6685.285714285715,7290.0,9468.0,8653.0
4250,2021-05-08,Mid-Atlantic,6023.0,6079.0,6380.142857142857,7313.0,10111.0,9468.0
4259,2021-05-09,Mid-Atlantic,3854.0,6023.0,6034.857142857143,6079.0,8159.0,10111.0
4268,2021-05-10,Mid-Atlantic,3494.0,3854.0,5706.714285714285,6023.0,6271.0,8159.0
4277,2021-05-11,Mid-Atlantic,4226.0,3494.0,5468.428571428572,3854.0,5791.0,6271.0
4286,2021-05-12,Mid-Atlantic,4413.0,4226.0,5057.428571428572,3494.0,5894.0,5791.0
4295,2021-05-13,Mid-Atlantic,5195.0,4413.0,4754.857142857143,4226.0,7290.0,5894.0
4304,2021-05-14,Mid-Atlantic,4005.0,5195.0,4458.571428571428,4413.0,7313.0,7290.0
4313,2021-05-15,Mid-Atlantic,4144.0,4005.0,4190.142857142857,5195.0,6079.0,7313.0
4322,2021-05-16,Mid-Atlantic,3044.0,4144.0,4074.4285714285716,4005.0,6023.0,6079.0
4331,2021-05-17,Mid-Atlantic,3129.0,3044.0,4022.285714285714,4144.0,3854.0,6023.0
4340,2021-05-18,Mid-Atlantic,3823.0,3129.0,3964.714285714286,3044.0,3494.0,3854.0
4349,2021-05-19,Mid-Atlantic,2818.0,3823.0,3736.8571428571427,3129.0,4226.0,3494.0
4358,2021-05-20,Mid-Atlantic,3947.0,2818.0,3558.5714285714284,3823.0,4413.0,4226.0
4367,2021-05-21,Mid-Atlantic,3955.0,3947.0,3551.4285714285716,2818.0,5195.0,4413.0
4376,2021-05-22,Mid-Atlantic,1691.0,3955.0,3201.0,3947.0,4005.0,5195.0
4385,2021-05-23,Mid-Atlantic,3471.0,1691.0,3262.0,3955.0,4144.0,4005.0
4394,2021-05-24,Mid-Atlantic,2234.0,3471.0,3134.1428571428573,1691.0,3044.0,4144.0
4403,2021-05-25,Mid-Atlantic,2130.0,2234.0,2892.285714285714,3471.0,3129.0,3044.0
4412,2021-05-26,Mid-Atlantic,2241.0,2130.0,2809.8571428571427,2234.0,3823.0,3129.0
4421,2021-05-27,Mid-Atlantic,2768.0,2241.0,2641.4285714285716,2130.0,2818.0,3823.0
4430,2021-05-28,Mid-Atlantic,2077.0,2768.0,2373.1428571428573,2241.0,3947.0,2818.0
4439,2021-05-29,Mid-Atlantic,1831.0,2077.0,2393.1428571428573,2768.0,3955.0,3947.0
4448,2021-05-30,Mid-Atlantic,1584.0,1831.0,2123.5714285714284,2077.0,1691.0,3955.0
4457,2021-05-31,Mid-Atlantic,1036.0,1584.0,1952.4285714285713,1831.0,3471.0,1691.0
4466,2021-06-01,Mid-Atlantic,1477.0,1036.0,1859.142857142857,1584.0,2234.0,3471.0
4475,2021-06-02,Mid-Atlantic,1213.0,1477.0,1712.2857142857142,1036.0,2130.0,2234.0
4484,2021-06-03,Mid-Atlantic,1516.0,1213.0,1533.4285714285713,1477.0,2241.0,2130.0
4493,2021-06-04,Mid-Atlantic,1663.0,1516.0,1474.2857142857142,1213.0,2768.0,2241.0
4502,2021-06-05,Mid-Atlantic,1596.0,1663.0,1440.7142857142858,1516.0,2077.0,2768.0
4511,2021-06-06,Mid-Atlantic,1035.0,1596.0,1362.2857142857142,1663.0,1831.0,2077.0
4520,2021-06-07,Mid-Atlantic,1205.0,1035.0,1386.4285714285713,1596.0,1584.0,1831.0
4529,2021-06-08,Mid-Atlantic,1077.0,1205.0,1329.2857142857142,1035.0,1036.0,1584.0
4538,2021-06-09,Mid-Atlantic,983.0,1077.0,1296.4285714285713,1205.0,1477.0,1036.0
4547,2021-06-10,Mid-Atlantic,1559.0,983.0,1302.5714285714287,1077.0,1213.0,1477.0
4556,2021-06-11,Mid-Atlantic,1334.0,1559.0,1255.5714285714287,983.0,1516.0,1213.0
4565,2021-06-12,Mid-Atlantic,972.0,1334.0,1166.4285714285713,1559.0,1663.0,1516.0
4574,2021-06-13,Mid-Atlantic,751.0,972.0,1125.857142857143,1334.0,1596.0,1663.0
4583,2021-06-14,Mid-Atlantic,955.0,751.0,1090.142857142857,972.0,1035.0,1596.0
4592,2021-06-15,Mid-Atlantic,1008.0,955.0,1080.2857142857142,751.0,1205.0,1035.0
4601,2021-06-16,Mid-Atlantic,848.0,1008.0,1061.0,955.0,1077.0,1205.0
4610,2021-06-17,Mid-Atlantic,1025.0,848.0,984.7142857142857,1008.0,983.0,1077.0
4619,2021-06-18,Mid-Atlantic,906.0,1025.0,923.5714285714286,848.0,1559.0,983.0
4628,2021-06-19,Mid-Atlantic,774.0,906.0,895.2857142857143,1025.0,1334.0,1559.0
4637,2021-06-20,Mid-Atlantic,535.0,774.0,864.4285714285714,906.0,972.0,1334.0
4646,2021-06-21,Mid-Atlantic,633.0,535.0,818.4285714285714,774.0,751.0,972.0
4655,2021-06-22,Mid-Atlantic,620.0,633.0,763.0,535.0,955.0,751.0
4664,2021-06-23,Mid-Atlantic,653.0,620.0,735.1428571428571,633.0,1008.0,955.0
4673,2021-06-24,Mid-Atlantic,1016.0,653.0,733.8571428571429,620.0,848.0,1008.0
4682,2021-06-25,Mid-Atlantic,846.0,1016.0,725.2857142857143,653.0,1025.0,848.0
4691,2021-06-26,Mid-Atlantic,729.0,846.0,718.8571428571429,1016.0,906.0,1025.0
4700,2021-06-27,Mid-Atlantic,628.0,729.0,732.1428571428571,846.0,774.0,906.0
4709,2021-06-28,Mid-Atlantic,621.0,628.0,730.4285714285714,729.0,535.0,774.0
4718,2021-06-29,Mid-Atlantic,604.0,621.0,728.1428571428571,628.0,633.0,535.0
4727,2021-06-30,Mid-Atlantic,619.0,604.0,723.2857142857143,621.0,620.0,633.0
4736,2021-07-01,Mid-Atlantic,1001.0,619.0,721.1428571428571,604.0,653.0,620.0
4745,2021-07-02,Mid-Atlantic,934.0,1001.0,733.7142857142857,619.0,1016.0,653.0
4754,2021-07-03,Mid-Atlantic,636.0,934.0,720.4285714285714,1001.0,846.0,1016.0
4763,2021-07-04,Mid-Atlantic,535.0,636.0,707.1428571428571,934.0,729.0,846.0
4772,2021-07-05,Mid-Atlantic,561.0,535.0,698.5714285714286,636.0,628.0,729.0
4781,2021-07-06,Mid-Atlantic,536.0,561.0,688.8571428571429,535.0,621.0,628.0
4790,2021-07-07,Mid-Atlantic,764.0,536.0,709.5714285714286,561.0,604.0,621.0
4799,2021-07-08,Mid-Atlantic,1358.0,764.0,760.5714285714286,536.0,619.0,604.0
4808,2021-07-09,Mid-Atlantic,1346.0,1358.0,819.4285714285714,764.0,1001.0,619.0
4817,2021-07-10,Mid-Atlantic,1250.0,1346.0,907.1428571428571,1358.0,934.0,1001.0
4826,2021-07-11,Mid-Atlantic,1243.0,1250.0,1008.2857142857143,1346.0,636.0,934.0
4835,2021-07-12,Mid-Atlantic,1094.0,1243.0,1084.4285714285713,1250.0,535.0,636.0
4844,2021-07-13,Mid-Atlantic,1306.0,1094.0,1194.4285714285713,1243.0,561.0,535.0
4853,2021-07-14,Mid-Atlantic,1334.0,1306.0,1275.857142857143,1094.0,536.0,561.0
4862,2021-07-15,Mid-Atlantic,1692.0,1334.0,1323.5714285714287,1306.0,764.0,536.0
4871,2021-07-16,Mid-Atlantic,1461.0,1692.0,1340.0,1334.0,1358.0,764.0
4880,2021-07-17,Mid-Atlantic,2295.0,1461.0,1489.2857142857142,1692.0,1346.0,1358.0
4889,2021-07-18,Mid-Atlantic,1856.0,2295.0,1576.857142857143,1461.0,1250.0,1346.0
4898,2021-07-19,Mid-Atlantic,1933.0,1856.0,1696.7142857142858,2295.0,1243.0,1250.0
4907,2021-07-20,Mid-Atlantic,2256.0,1933.0,1832.4285714285713,1856.0,1094.0,1243.0
4916,2021-07-21,Mid-Atlantic,2266.0,2256.0,1965.5714285714287,1933.0,1306.0,1094.0
4925,2021-07-22,Mid-Atlantic,3072.0,2266.0,2162.714285714286,2256.0,1334.0,1306.0
4934,2021-07-23,Mid-Atlantic,3057.0,3072.0,2390.714285714286,2266.0,1692.0,1334.0
4943,2021-07-24,Mid-Atlantic,3312.0,3057.0,2536.0,3072.0,1461.0,1692.0
4952,2021-07-25,Mid-Atlantic,3010.0,3312.0,2700.8571428571427,3057.0,2295.0,1461.0
4961,2021-07-26,Mid-Atlantic,2933.0,3010.0,2843.714285714286,3312.0,1856.0,2295.0
4970,2021-07-27,Mid-Atlantic,3272.0,2933.0,2988.8571428571427,3010.0,1933.0,1856.0
4979,2021-07-28,Mid-Atlantic,3311.0,3272.0,3138.1428571428573,2933.0,2256.0,1933.0
4988,2021-07-29,Mid-Atlantic,5105.0,3311.0,3428.5714285714284,3272.0,2266.0,2256.0
4997,2021-07-30,Mid-Atlantic,4632.0,5105.0,3653.5714285714284,3311.0,3072.0,2266.0
5006,2021-07-31,Mid-Atlantic,4318.0,4632.0,3797.285714285714,5105.0,3057.0,3072.0
5015,2021-08-01,Mid-Atlantic,5340.0,4318.0,4130.142857142857,4632.0,3312.0,3057.0
5024,2021-08-02,Mid-Atlantic,4500.0,5340.0,4354.0,4318.0,3010.0,3312.0
5033,2021-08-03,Mid-Atlantic,5598.0,4500.0,4686.285714285715,5340.0,2933.0,3010.0
5042,2021-08-04,Mid-Atlantic,5799.0,5598.0,5041.714285714285,4500.0,3272.0,2933.0
5051,2021-08-05,Mid-Atlantic,6599.0,5799.0,5255.142857142857,5598.0,3311.0,3272.0
5060,2021-08-06,Mid-Atlantic,6771.0,6599.0,5560.714285714285,5799.0,5105.0,3311.0
5069,2021-08-07,Mid-Atlantic,7596.0,6771.0,6029.0,6599.0,4632.0,5105.0
5078,2021-08-08,Mid-Atlantic,4806.0,7596.0,5952.714285714285,6771.0,4318.0,4632.0
5087,2021-08-09,Mid-Atlantic,5194.0,4806.0,6051.857142857143,7596.0,5340.0,4318.0
5096,2021-08-10,Mid-Atlantic,5380.0,5194.0,6020.714285714285,4806.0,4500.0,5340.0
5105,2021-08-11,Mid-Atlantic,10685.0,5380.0,6718.714285714285,5194.0,5598.0,4500.0
5114,2021-08-12,Mid-Atlantic,8983.0,10685.0,7059.285714285715,5380.0,5799.0,5598.0
5123,2021-08-13,Mid-Atlantic,8576.0,8983.0,7317.142857142857,10685.0,6599.0,5799.0
5132,2021-08-14,Mid-Atlantic,9166.0,8576.0,7541.428571428572,8983.0,6771.0,6599.0
5141,2021-08-15,Mid-Atlantic,7294.0,9166.0,7896.857142857143,8576.0,7596.0,6771.0
5150,2021-08-16,Mid-Atlantic,7407.0,7294.0,8213.0,9166.0,4806.0,7596.0
5159,2021-08-17,Mid-Atlantic,7434.0,7407.0,8506.42857142857,7294.0,5194.0,4806.0
5168,2021-08-18,Mid-Atlantic,8571.0,7434.0,8204.42857142857,7407.0,5380.0,5194.0
5177,2021-08-19,Mid-Atlantic,11000.0,8571.0,8492.57142857143,7434.0,10685.0,5380.0
5186,2021-08-20,Mid-Atlantic,9390.0,11000.0,8608.857142857143,8571.0,8983.0,10685.0
5195,2021-08-21,Mid-Atlantic,10722.0,9390.0,8831.142857142857,11000.0,8576.0,8983.0
5204,2021-08-22,Mid-Atlantic,7942.0,10722.0,8923.714285714286,9390.0,9166.0,8576.0
5213,2021-08-23,Mid-Atlantic,7897.0,7942.0,8993.714285714286,10722.0,7294.0,9166.0
5222,2021-08-24,Mid-Atlantic,8119.0,7897.0,9091.57142857143,7942.0,7407.0,7294.0
5231,2021-08-25,Mid-Atlantic,9938.0,8119.0,9286.857142857143,7897.0,7434.0,7407.0
5240,2021-08-26,Mid-Atlantic,10758.0,9938.0,9252.285714285714,8119.0,8571.0,7434.0
5249,2021-08-27,Mid-Atlantic,12465.0,10758.0,9691.57142857143,9938.0,11000.0,8571.0
5258,2021-08-28,Mid-Atlantic,11307.0,12465.0,9775.142857142857,10758.0,9390.0,11000.0
5267,2021-08-29,Mid-Atlantic,7385.0,11307.0,9695.57142857143,12465.0,10722.0,9390.0
5276,2021-08-30,Mid-Atlantic,9869.0,7385.0,9977.285714285714,11307.0,7942.0,10722.0
5285,2021-08-31,Mid-Atlantic,9271.0,9869.0,10141.857142857143,7385.0,7897.0,7942.0
5294,2021-09-01,Mid-Atlantic,9740.0,9271.0,10113.57142857143,9869.0,8119.0,7897.0
5303,2021-09-02,Mid-Atlantic,12416.0,9740.0,10350.42857142857,9271.0,9938.0,8119.0
5312,2021-09-03,Mid-Atlantic,11092.0,12416.0,10154.285714285714,9740.0,10758.0,9938.0
5321,2021-09-04,Mid-Atlantic,10405.0,11092.0,10025.42857142857,12416.0,12465.0,10758.0
5330,2021-09-05,Mid-Atlantic,11391.0,10405.0,10597.714285714286,11092.0,11307.0,12465.0
5339,2021-09-06,Mid-Atlantic,8143.0,11391.0,10351.142857142857,10405.0,7385.0,11307.0
5348,2021-09-07,Mid-Atlantic,6146.0,8143.0,9904.714285714286,11391.0,9869.0,7385.0
5357,2021-09-08,Mid-Atlantic,10344.0,6146.0,9991.0,8143.0,9271.0,9869.0
5366,2021-09-09,Mid-Atlantic,12861.0,10344.0,10054.57142857143,6146.0,9740.0,9271.0
5375,2021-09-10,Mid-Atlantic,13552.0,12861.0,10406.0,10344.0,12416.0,9740.0
5384,2021-09-11,Mid-Atlantic,13685.0,13552.0,10874.57142857143,12861.0,11092.0,12416.0
5393,2021-09-12,Mid-Atlantic,9707.0,13685.0,10634.0,13552.0,10405.0,11092.0
5402,2021-09-13,Mid-Atlantic,10103.0,9707.0,10914.0,13685.0,11391.0,10405.0
5411,2021-09-14,Mid-Atlantic,9883.0,10103.0,11447.857142857143,9707.0,8143.0,11391.0
5420,2021-09-15,Mid-Atlantic,11895.0,9883.0,11669.42857142857,10103.0,6146.0,8143.0
5429,2021-09-16,Mid-Atlantic,15474.0,11895.0,12042.714285714286,9883.0,10344.0,6146.0
5438,2021-09-17,Mid-Atlantic,13610.0,15474.0,12051.0,11895.0,12861.0,10344.0
5447,2021-09-18,Mid-Atlantic,11526.0,13610.0,11742.57142857143,15474.0,13552.0,12861.0
5456,2021-09-19,Mid-Atlantic,14133.0,11526.0,12374.857142857143,13610.0,13685.0,13552.0
5465,2021-09-20,Mid-Atlantic,7949.0,14133.0,12067.142857142857,11526.0,9707.0,13685.0
5474,2021-09-21,Mid-Atlantic,12435.0,7949.0,12431.714285714286,14133.0,10103.0,9707.0
5483,2021-09-22,Mid-Atlantic,11279.0,12435.0,12343.714285714286,7949.0,9883.0,10103.0
5492,2021-09-23,Mid-Atlantic,12778.0,11279.0,11958.57142857143,12435.0,11895.0,9883.0
5501,2021-09-24,Mid-Atlantic,13452.0,12778.0,11936.0,11279.0,15474.0,11895.0
5510,2021-09-25,Mid-Atlantic,10998.0,13452.0,11860.57142857143,12778.0,13610.0,15474.0
5519,2021-09-26,Mid-Atlantic,12145.0,10998.0,11576.57142857143,13452.0,11526.0,13610.0
5528,2021-09-27,Mid-Atlantic,6995.0,12145.0,11440.285714285714,10998.0,14133.0,11526.0
5537,2021-09-28,Mid-Atlantic,12565.0,6995.0,11458.857142857143,12145.0,7949.0,14133.0
5546,2021-09-29,Mid-Atlantic,11583.0,12565.0,11502.285714285714,6995.0,12435.0,7949.0
5555,2021-09-30,Mid-Atlantic,12198.0,11583.0,11419.42857142857,12565.0,11279.0,12435.0
5564,2021-10-01,Mid-Atlantic,12843.0,12198.0,11332.42857142857,11583.0,12778.0,11279.0
5573,2021-10-02,Mid-Atlantic,8663.0,12843.0,10998.857142857143,12198.0,13452.0,12778.0
5582,2021-10-03,Mid-Atlantic,11139.0,8663.0,10855.142857142857,12843.0,10998.0,13452.0
5591,2021-10-04,Mid-Atlantic,11901.0,11139.0,11556.0,8663.0,12145.0,10998.0
5600,2021-10-05,Mid-Atlantic,9591.0,11901.0,11131.142857142857,11139.0,6995.0,12145.0
5609,2021-10-06,Mid-Atlantic,13185.0,9591.0,11360.0,11901.0,12565.0,6995.0
5618,2021-10-07,Mid-Atlantic,13486.0,13185.0,11544.0,9591.0,11583.0,12565.0
5627,2021-10-08,Mid-Atlantic,13285.0,13486.0,11607.142857142857,13185.0,12198.0,11583.0
5636,2021-10-09,Mid-Atlantic,10977.0,13285.0,11937.714285714286,13486.0,12843.0,12198.0
5645,2021-10-10,Mid-Atlantic,7417.0,10977.0,11406.0,13285.0,8663.0,12843.0
5654,2021-10-11,Mid-Atlantic,11708.0,7417.0,11378.42857142857,10977.0,11139.0,8663.0
5663,2021-10-12,Mid-Atlantic,8793.0,11708.0,11264.42857142857,7417.0,11901.0,11139.0
5672,2021-10-13,Mid-Atlantic,11282.0,8793.0,10992.57142857143,11708.0,9591.0,11901.0
5681,2021-10-14,Mid-Atlantic,11405.0,11282.0,10695.285714285714,8793.0,13185.0,9591.0
5690,2021-10-15,Mid-Atlantic,13450.0,11405.0,10718.857142857143,11282.0,13486.0,13185.0
5699,2021-10-16,Mid-Atlantic,9955.0,13450.0,10572.857142857143,11405.0,13285.0,13486.0
5708,2021-10-17,Mid-Atlantic,7866.0,9955.0,10637.0,13450.0,10977.0,13285.0
5717,2021-10-18,Mid-Atlantic,9058.0,7866.0,10258.42857142857,9955.0,7417.0,10977.0
5726,2021-10-19,Mid-Atlantic,8431.0,9058.0,10206.714285714286,7866.0,11708.0,7417.0
5735,2021-10-20,Mid-Atlantic,9467.0,8431.0,9947.42857142857,9058.0,8793.0,11708.0
5744,2021-10-21,Mid-Atlantic,10831.0,9467.0,9865.42857142857,8431.0,11282.0,8793.0
5753,2021-10-22,Mid-Atlantic,9902.0,10831.0,9358.57142857143,9467.0,11405.0,11282.0
5762,2021-10-23,Mid-Atlantic,9177.0,9902.0,9247.42857142857,10831.0,13450.0,11405.0
5771,2021-10-24,Mid-Atlantic,6353.0,9177.0,9031.285714285714,9902.0,9955.0,13450.0
5780,2021-10-25,Mid-Atlantic,8389.0,6353.0,8935.714285714286,9177.0,7866.0,9955.0
5789,2021-10-26,Mid-Atlantic,7711.0,8389.0,8832.857142857143,6353.0,9058.0,7866.0
5798,2021-10-27,Mid-Atlantic,9608.0,7711.0,8853.0,8389.0,8431.0,9058.0
5807,2021-10-28,Mid-Atlantic,9476.0,9608.0,8659.42857142857,7711.0,9467.0,8431.0
5816,2021-10-29,Mid-Atlantic,11546.0,9476.0,8894.285714285714,9608.0,10831.0,9467.0
5825,2021-10-30,Mid-Atlantic,8723.0,11546.0,8829.42857142857,9476.0,9902.0,10831.0
5834,2021-10-31,Mid-Atlantic,7123.0,8723.0,8939.42857142857,11546.0,9177.0,9902.0
5843,2021-11-01,Mid-Atlantic,6516.0,7123.0,8671.857142857143,8723.0,6353.0,9177.0
5852,2021-11-02,Mid-Atlantic,10552.0,6516.0,9077.714285714286,7123.0,8389.0,6353.0
5861,2021-11-03,Mid-Atlantic,9131.0,10552.0,9009.57142857143,6516.0,7711.0,8389.0
5870,2021-11-04,Mid-Atlantic,11297.0,9131.0,9269.714285714286,10552.0,9608.0,7711.0
5879,2021-11-05,Mid-Atlantic,11374.0,11297.0,9245.142857142857,9131.0,9476.0,9608.0
5888,2021-11-06,Mid-Atlantic,9917.0,11374.0,9415.714285714286,11297.0,11546.0,9476.0
5897,2021-11-07,Mid-Atlantic,8313.0,9917.0,9585.714285714286,11374.0,8723.0,11546.0
5906,2021-11-08,Mid-Atlantic,9860.0,8313.0,10063.42857142857,9917.0,7123.0,8723.0
5915,2021-11-09,Mid-Atlantic,9696.0,9860.0,9941.142857142857,8313.0,6516.0,7123.0
5924,2021-11-10,Mid-Atlantic,13613.0,9696.0,10581.42857142857,9860.0,10552.0,6516.0
5933,2021-11-11,Mid-Atlantic,13799.0,13613.0,10938.857142857143,9696.0,9131.0,10552.0
5942,2021-11-12,Mid-Atlantic,13632.0,13799.0,11261.42857142857,13613.0,11297.0,9131.0
5951,2021-11-13,Mid-Atlantic,27959.0,13632.0,13838.857142857143,13799.0,11374.0,11297.0
5960,2021-11-14,Mid-Atlantic,10649.0,27959.0,14172.57142857143,13632.0,9917.0,11374.0
5969,2021-11-15,Mid-Atlantic,11951.0,10649.0,14471.285714285714,27959.0,8313.0,9917.0
5978,2021-11-16,Mid-Atlantic,12578.0,11951.0,14883.0,10649.0,9860.0,8313.0
5987,2021-11-17,Mid-Atlantic,14000.0,12578.0,14938.285714285714,11951.0,9696.0,9860.0
5996,2021-11-18,Mid-Atlantic,17225.0,14000.0,15427.714285714286,12578.0,13613.0,9696.0
6005,2021-11-19,Mid-Atlantic,17435.0,17225.0,15971.0,14000.0,13799.0,13613.0
6014,2021-11-20,Mid-Atlantic,14179.0,17435.0,14002.42857142857,17225.0,13632.0,13799.0
6023,2021-11-21,Mid-Atlantic,15824.0,14179.0,14741.714285714286,17435.0,27959.0,13632.0
6032,2021-11-22,Mid-Atlantic,12463.0,15824.0,14814.857142857143,14179.0,10649.0,27959.0
6041,2021-11-23,Mid-Atlantic,13445.0,12463.0,14938.714285714286,15824.0,11951.0,10649.0
6050,2021-11-24,Mid-Atlantic,16790.0,13445.0,15337.285714285714,12463.0,12578.0,11951.0
6059,2021-11-25,Mid-Atlantic,15563.0,16790.0,15099.857142857143,13445.0,14000.0,12578.0
6068,2021-11-26,Mid-Atlantic,16466.0,15563.0,14961.42857142857,16790.0,17225.0,14000.0
6077,2021-11-27,Mid-Atlantic,10380.0,16466.0,14418.714285714286,15563.0,17435.0,17225.0
6086,2021-11-28,Mid-Atlantic,10534.0,10380.0,13663.0,16466.0,14179.0,17435.0
6095,2021-11-29,Mid-Atlantic,15649.0,10534.0,14118.142857142857,10380.0,15824.0,14179.0
6104,2021-11-30,Mid-Atlantic,15661.0,15649.0,14434.714285714286,10534.0,12463.0,15824.0
6113,2021-12-01,Mid-Atlantic,20114.0,15661.0,14909.57142857143,15649.0,13445.0,12463.0
6122,2021-12-02,Mid-Atlantic,24936.0,20114.0,16248.57142857143,15661.0,16790.0,13445.0
6131,2021-12-03,Mid-Atlantic,25832.0,24936.0,17586.571428571428,20114.0,15563.0,16790.0
6140,2021-12-04,Mid-Atlantic,21320.0,25832.0,19149.428571428572,24936.0,16466.0,15563.0
6149,2021-12-05,Mid-Atlantic,17417.0,21320.0,20132.714285714286,25832.0,10380.0,16466.0
6158,2021-12-06,Mid-Atlantic,18485.0,17417.0,20537.85714285714,21320.0,10534.0,10380.0
6167,2021-12-07,Mid-Atlantic,20399.0,18485.0,21214.714285714286,17417.0,15649.0,10534.0
6176,2021-12-08,Mid-Atlantic,22232.0,20399.0,21517.285714285714,18485.0,15661.0,15649.0
6185,2021-12-09,Mid-Atlantic,24215.0,22232.0,21414.285714285714,20399.0,20114.0,15661.0
6194,2021-12-10,Mid-Atlantic,28405.0,24215.0,21781.85714285714,22232.0,24936.0,20114.0
6203,2021-12-11,Mid-Atlantic,23520.0,28405.0,22096.14285714286,24215.0,25832.0,24936.0
6212,2021-12-12,Mid-Atlantic,19517.0,23520.0,22396.14285714286,28405.0,21320.0,25832.0
6221,2021-12-13,Mid-Atlantic,23743.0,19517.0,23147.285714285714,23520.0,17417.0,21320.0
6230,2021-12-14,Mid-Atlantic,20769.0,23743.0,23200.14285714286,19517.0,18485.0,17417.0
6239,2021-12-15,Mid-Atlantic,24673.0,20769.0,23548.85714285714,23743.0,20399.0,18485.0
6248,2021-12-16,Mid-Atlantic,32432.0,24673.0,24722.714285714286,20769.0,22232.0,20399.0
6257,2021-12-17,Mid-Atlantic,36589.0,32432.0,25891.85714285714,24673.0,24215.0,22232.0
6266,2021-12-18,Mid-Atlantic,26794.0,36589.0,26359.571428571428,32432.0,28405.0,24215.0
6275,2021-12-19,Mid-Atlantic,42836.0,26794.0,29690.85714285714,36589.0,23520.0,28405.0
6284,2021-12-20,Mid-Atlantic,31789.0,42836.0,30840.285714285714,26794.0,19517.0,23520.0
6293,2021-12-21,Mid-Atlantic,44557.0,31789.0,34238.57142857143,42836.0,23743.0,19517.0
6302,2021-12-22,Mid-Atlantic,50204.0,44557.0,37885.857142857145,31789.0,20769.0,23743.0
6311,2021-12-23,Mid-Atlantic,62525.0,50204.0,42184.857142857145,44557.0,24673.0,20769.0
6320,2021-12-24,Mid-Atlantic,64818.0,62525.0,46217.57142857143,50204.0,32432.0,24673.0
6329,2021-12-25,Mid-Atlantic,29337.0,64818.0,46580.857142857145,62525.0,36589.0,32432.0
6338,2021-12-26,Mid-Atlantic,107160.0,29337.0,55770.0,64818.0,26794.0,36589.0
6347,2021-12-27,Mid-Atlantic,51252.0,107160.0,58550.42857142857,29337.0,42836.0,26794.0
6356,2021-12-28,Mid-Atlantic,78013.0,51252.0,63329.857142857145,107160.0,31789.0,42836.0
6365,2021-12-29,Mid-Atlantic,103562.0,78013.0,70952.42857142857,51252.0,44557.0,31789.0
6374,2021-12-30,Mid-Atlantic,125380.0,103562.0,79931.71428571429,78013.0,50204.0,44557.0
6383,2021-12-31,Mid-Atlantic,133585.0,125380.0,89755.57142857143,103562.0,62525.0,50204.0
6392,2022-01-01,Mid-Atlantic,136657.0,133585.0,105087.0,125380.0,64818.0,62525.0
6401,2022-01-02,Mid-Atlantic,106605.0,136657.0,105007.71428571429,133585.0,29337.0,64818.0
6410,2022-01-03,Mid-Atlantic,105991.0,106605.0,112827.57142857143,136657.0,107160.0,29337.0
6419,2022-01-04,Mid-Atlantic,102870.0,105991.0,116378.57142857143,106605.0,51252.0,107160.0
6428,2022-01-05,Mid-Atlantic,139734.0,102870.0,121546.0,105991.0,78013.0,51252.0
6437,2022-01-06,Mid-Atlantic,141668.0,139734.0,123872.85714285714,102870.0,103562.0,78013.0
6446,2022-01-07,Mid-Atlantic,148142.0,141668.0,125952.42857142857,139734.0,125380.0,103562.0
6455,2022-01-08,Mid-Atlantic,156482.0,148142.0,128784.57142857143,141668.0,133585.0,125380.0
6464,2022-01-09,Mid-Atlantic,132974.0,156482.0,132551.57142857142,148142.0,136657.0,133585.0
6473,2022-01-10,Mid-Atlantic,110797.0,132974.0,133238.14285714287,156482.0,106605.0,136657.0
6482,2022-01-11,Mid-Atlantic,100817.0,110797.0,132944.85714285713,132974.0,105991.0,106605.0
6491,2022-01-12,Mid-Atlantic,108127.0,100817.0,128429.57142857143,110797.0,102870.0,105991.0
6500,2022-01-13,Mid-Atlantic,111945.0,108127.0,124183.42857142857,100817.0,139734.0,102870.0
6509,2022-01-14,Mid-Atlantic,96262.0,111945.0,116772.0,108127.0,141668.0,139734.0
6518,2022-01-15,Mid-Atlantic,87132.0,96262.0,106864.85714285714,111945.0,148142.0,141668.0
6527,2022-01-16,Mid-Atlantic,99975.0,87132.0,102150.71428571429,96262.0,156482.0,148142.0
6536,2022-01-17,Mid-Atlantic,51594.0,99975.0,93693.14285714286,87132.0,132974.0,156482.0
6545,2022-01-18,Mid-Atlantic,49897.0,51594.0,86418.85714285714,99975.0,110797.0,132974.0
6554,2022-01-19,Mid-Atlantic,49962.0,49897.0,78109.57142857143,51594.0,100817.0,110797.0
6563,2022-01-20,Mid-Atlantic,60059.0,49962.0,70697.28571428571,49897.0,108127.0,100817.0
6572,2022-01-21,Mid-Atlantic,59039.0,60059.0,65379.71428571428,49962.0,111945.0,108127.0
6581,2022-01-22,Mid-Atlantic,53918.0,59039.0,60634.857142857145,60059.0,96262.0,111945.0
6590,2022-01-23,Mid-Atlantic,41067.0,53918.0,52219.42857142857,59039.0,87132.0,96262.0
6599,2022-01-24,Mid-Atlantic,26841.0,41067.0,48683.28571428572,53918.0,99975.0,87132.0
6608,2022-01-25,Mid-Atlantic,33119.0,26841.0,46286.42857142857,41067.0,51594.0,99975.0
6617,2022-01-26,Mid-Atlantic,34854.0,33119.0,44128.142857142855,26841.0,49897.0,51594.0
6626,2022-01-27,Mid-Atlantic,40583.0,34854.0,41345.857142857145,33119.0,49962.0,49897.0
6635,2022-01-28,Mid-Atlantic,39139.0,40583.0,38503.0,34854.0,60059.0,49962.0
6644,2022-01-29,Mid-Atlantic,30079.0,39139.0,35097.42857142857,40583.0,59039.0,60059.0
6653,2022-01-30,Mid-Atlantic,15248.0,30079.0,31409.0,39139.0,53918.0,59039.0
6662,2022-01-31,Mid-Atlantic,16645.0,15248.0,29952.428571428572,30079.0,41067.0,53918.0
6671,2022-02-01,Mid-Atlantic,15602.0,16645.0,27450.0,15248.0,26841.0,41067.0
6680,2022-02-02,Mid-Atlantic,19626.0,15602.0,25274.571428571428,16645.0,33119.0,26841.0
6689,2022-02-03,Mid-Atlantic,21461.0,19626.0,22542.85714285714,15602.0,34854.0,33119.0
6698,2022-02-04,Mid-Atlantic,17830.0,21461.0,19498.714285714286,19626.0,40583.0,34854.0
6707,2022-02-05,Mid-Atlantic,16063.0,17830.0,17496.428571428572,21461.0,39139.0,40583.0
6716,2022-02-06,Mid-Atlantic,13102.0,16063.0,17189.85714285714,17830.0,30079.0,39139.0
6725,2022-02-07,Mid-Atlantic,13022.0,13102.0,16672.285714285714,16063.0,15248.0,30079.0
6734,2022-02-08,Mid-Atlantic,1696.0,13022.0,14685.714285714286,13102.0,16645.0,15248.0
6743,2022-02-09,Mid-Atlantic,13636.0,1696.0,13830.0,13022.0,15602.0,16645.0
6752,2022-02-10,Mid-Atlantic,15256.0,13636.0,12943.57142857143,1696.0,19626.0,15602.0
6761,2022-02-11,Mid-Atlantic,11516.0,15256.0,12041.57142857143,13636.0,21461.0,19626.0
6770,2022-02-12,Mid-Atlantic,9569.0,11516.0,11113.857142857143,15256.0,17830.0,21461.0
6779,2022-02-13,Mid-Atlantic,8909.0,9569.0,10514.857142857143,11516.0,16063.0,17830.0
6788,2022-02-14,Mid-Atlantic,5665.0,8909.0,9463.857142857143,9569.0,13102.0,16063.0
6797,2022-02-15,Mid-Atlantic,6343.0,5665.0,10127.714285714286,8909.0,13022.0,13102.0
6806,2022-02-16,Mid-Atlantic,8171.0,6343.0,9347.0,5665.0,1696.0,13022.0
6815,2022-02-17,Mid-Atlantic,10178.0,8171.0,8621.57142857143,6343.0,13636.0,1696.0
6824,2022-02-18,Mid-Atlantic,10077.0,10178.0,8416.0,8171.0,15256.0,13636.0
6833,2022-02-19,Mid-Atlantic,7660.0,10077.0,8143.285714285715,10178.0,11516.0,15256.0
6842,2022-02-20,Mid-Atlantic,4437.0,7660.0,7504.428571428572,10077.0,9569.0,11516.0
6851,2022-02-21,Mid-Atlantic,4514.0,4437.0,7340.0,7660.0,8909.0,9569.0
6860,2022-02-22,Mid-Atlantic,5425.0,4514.0,7208.857142857143,4437.0,5665.0,8909.0
6869,2022-02-23,Mid-Atlantic,6388.0,5425.0,6954.142857142857,4514.0,6343.0,5665.0
6878,2022-02-24,Mid-Atlantic,6277.0,6388.0,6396.857142857143,5425.0,8171.0,6343.0
6887,2022-02-25,Mid-Atlantic,5569.0,6277.0,5752.857142857143,6388.0,10178.0,8171.0
6896,2022-02-26,Mid-Atlantic,4927.0,5569.0,5362.428571428572,6277.0,10077.0,10178.0
6905,2022-02-27,Mid-Atlantic,4745.0,4927.0,5406.428571428572,5569.0,7660.0,10077.0
6914,2022-02-28,Mid-Atlantic,2902.0,4745.0,5176.142857142857,4927.0,4437.0,7660.0
6923,2022-03-01,Mid-Atlantic,3449.0,2902.0,4893.857142857143,4745.0,4514.0,4437.0
6932,2022-03-02,Mid-Atlantic,4277.0,3449.0,4592.285714285715,2902.0,5425.0,4514.0
6941,2022-03-03,Mid-Atlantic,5000.0,4277.0,4409.857142857143,3449.0,6388.0,5425.0
6950,2022-03-04,Mid-Atlantic,3340.0,5000.0,4091.4285714285716,4277.0,6277.0,6388.0
6959,2022-03-05,Mid-Atlantic,4541.0,3340.0,4036.285714285714,5000.0,5569.0,6277.0
6968,2022-03-06,Mid-Atlantic,4192.0,4541.0,3957.285714285714,3340.0,4927.0,5569.0
6977,2022-03-07,Mid-Atlantic,2844.0,4192.0,3949.0,4541.0,4745.0,4927.0
6986,2022-03-08,Mid-Atlantic,3542.0,2844.0,3962.285714285714,4192.0,2902.0,4745.0
6995,2022-03-09,Mid-Atlantic,3427.0,3542.0,3840.8571428571427,2844.0,3449.0,2902.0
7004,2022-03-10,Mid-Atlantic,4241.0,3427.0,3732.4285714285716,3542.0,4277.0,3449.0
7013,2022-03-11,Mid-Atlantic,4417.0,4241.0,3886.285714285714,3427.0,5000.0,4277.0
7022,2022-03-12,Mid-Atlantic,2404.0,4417.0,3581.0,4241.0,3340.0,5000.0
7031,2022-03-13,Mid-Atlantic,3649.0,2404.0,3503.4285714285716,4417.0,4541.0,3340.0
7040,2022-03-14,Mid-Atlantic,1889.0,3649.0,3367.0,2404.0,4192.0,4541.0
7049,2022-03-15,Mid-Atlantic,4240.0,1889.0,3466.714285714286,3649.0,2844.0,4192.0
7058,2022-03-16,Mid-Atlantic,4833.0,4240.0,3667.5714285714284,1889.0,3542.0,2844.0
7067,2022-03-17,Mid-Atlantic,4244.0,4833.0,3668.0,4240.0,3427.0,3542.0
7076,2022-03-18,Mid-Atlantic,4524.0,4244.0,3683.285714285714,4833.0,4241.0,3427.0
7085,2022-03-19,Mid-Atlantic,3161.0,4524.0,3791.4285714285716,4244.0,4417.0,4241.0
7094,2022-03-20,Mid-Atlantic,4210.0,3161.0,3871.5714285714284,4524.0,2404.0,4417.0
7103,2022-03-21,Mid-Atlantic,2264.0,4210.0,3925.1428571428573,3161.0,3649.0,2404.0
7112,2022-03-22,Mid-Atlantic,2760.0,2264.0,3713.714285714286,4210.0,1889.0,3649.0
7121,2022-03-23,Mid-Atlantic,5334.0,2760.0,3785.285714285714,2264.0,4240.0,1889.0
7130,2022-03-24,Mid-Atlantic,6103.0,5334.0,4050.8571428571427,2760.0,4833.0,4240.0
7139,2022-03-25,Mid-Atlantic,5282.0,6103.0,4159.142857142857,5334.0,4244.0,4833.0
7148,2022-03-26,Mid-Atlantic,3328.0,5282.0,4183.0,6103.0,4524.0,4244.0
7157,2022-03-27,Mid-Atlantic,5701.0,3328.0,4396.0,5282.0,3161.0,4524.0
7166,2022-03-28,Mid-Atlantic,3249.0,5701.0,4536.714285714285,3328.0,4210.0,3161.0
7175,2022-03-29,Mid-Atlantic,3916.0,3249.0,4701.857142857143,5701.0,2264.0,4210.0
7184,2022-03-30,Mid-Atlantic,4988.0,3916.0,4652.428571428572,3249.0,2760.0,2264.0
7193,2022-03-31,Mid-Atlantic,7251.0,4988.0,4816.428571428572,3916.0,5334.0,2760.0
7202,2022-04-01,Mid-Atlantic,6227.0,7251.0,4951.428571428572,4988.0,6103.0,5334.0
7211,2022-04-02,Mid-Atlantic,4523.0,6227.0,5122.142857142857,7251.0,5282.0,6103.0
7220,2022-04-03,Mid-Atlantic,3027.0,4523.0,4740.142857142857,6227.0,3328.0,5282.0
7229,2022-04-04,Mid-Atlantic,8065.0,3027.0,5428.142857142857,4523.0,5701.0,3328.0
7238,2022-04-05,Mid-Atlantic,4993.0,8065.0,5582.0,3027.0,3249.0,5701.0
7247,2022-04-06,Mid-Atlantic,6238.0,4993.0,5760.571428571428,8065.0,3916.0,3249.0
7256,2022-04-07,Mid-Atlantic,9437.0,6238.0,6072.857142857143,4993.0,4988.0,3916.0
7265,2022-04-08,Mid-Atlantic,8931.0,9437.0,6459.142857142857,6238.0,7251.0,4988.0
7274,2022-04-09,Mid-Atlantic,5949.0,8931.0,6662.857142857143,9437.0,6227.0,7251.0
7283,2022-04-10,Mid-Atlantic,5735.0,5949.0,7049.714285714285,8931.0,4523.0,6227.0
7292,2022-04-11,Mid-Atlantic,10980.0,5735.0,7466.142857142857,5949.0,3027.0,4523.0
7301,2022-04-12,Mid-Atlantic,6759.0,10980.0,7718.428571428572,5735.0,8065.0,3027.0
7310,2022-04-13,Mid-Atlantic,9054.0,6759.0,8120.714285714285,10980.0,4993.0,8065.0
7319,2022-04-14,Mid-Atlantic,11892.0,9054.0,8471.42857142857,6759.0,6238.0,4993.0
7328,2022-04-15,Mid-Atlantic,10022.0,11892.0,8627.285714285714,9054.0,9437.0,6238.0
7337,2022-04-16,Mid-Atlantic,7947.0,10022.0,8912.714285714286,11892.0,8931.0,9437.0
7346,2022-04-17,Mid-Atlantic,6351.0,7947.0,9000.714285714286,10022.0,5949.0,8931.0
7355,2022-04-18,Mid-Atlantic,12461.0,6351.0,9212.285714285714,7947.0,5735.0,5949.0
7364,2022-04-19,Mid-Atlantic,8089.0,12461.0,9402.285714285714,6351.0,10980.0,5735.0
7373,2022-04-20,Mid-Atlantic,10361.0,8089.0,9589.0,12461.0,6759.0,10980.0
7382,2022-04-21,Mid-Atlantic,11764.0,10361.0,9570.714285714286,8089.0,9054.0,6759.0
7391,2022-04-22,Mid-Atlantic,12939.0,11764.0,9987.42857142857,10361.0,11892.0,9054.0
7400,2022-04-23,Mid-Atlantic,8617.0,12939.0,10083.142857142857,11764.0,10022.0,11892.0
7409,2022-04-24,Mid-Atlantic,7076.0,8617.0,10186.714285714286,12939.0,7947.0,10022.0
7418,2022-04-25,Mid-Atlantic,12165.0,7076.0,10144.42857142857,8617.0,6351.0,7947.0
7427,2022-04-26,Mid-Atlantic,9065.0,12165.0,10283.857142857143,7076.0,12461.0,6351.0
7436,2022-04-27,Mid-Atlantic,12528.0,9065.0,10593.42857142857,12165.0,8089.0,12461.0
7445,2022-04-28,Mid-Atlantic,15576.0,12528.0,11138.0,9065.0,10361.0,8089.0
7454,2022-04-29,Mid-Atlantic,14286.0,15576.0,11330.42857142857,12528.0,11764.0,10361.0
7463,2022-04-30,Mid-Atlantic,11014.0,14286.0,11672.857142857143,15576.0,12939.0,11764.0
7472,2022-05-01,Mid-Atlantic,8266.0,11014.0,11842.857142857143,14286.0,8617.0,12939.0
7481,2022-05-02,Mid-Atlantic,16180.0,8266.0,12416.42857142857,11014.0,7076.0,8617.0
7490,2022-05-03,Mid-Atlantic,10851.0,16180.0,12671.57142857143,8266.0,12165.0,7076.0
7499,2022-05-04,Mid-Atlantic,14351.0,10851.0,12932.0,16180.0,9065.0,12165.0
7508,2022-05-05,Mid-Atlantic,15836.0,14351.0,12969.142857142857,10851.0,12528.0,9065.0
7517,2022-05-06,Mid-Atlantic,15790.0,15836.0,13184.0,14351.0,15576.0,12528.0
7526,2022-05-07,Mid-Atlantic,10428.0,15790.0,13100.285714285714,15836.0,14286.0,15576.0
7535,2022-05-08,Mid-Atlantic,9709.0,10428.0,13306.42857142857,15790.0,11014.0,14286.0
7544,2022-05-09,Mid-Atlantic,19982.0,9709.0,13849.57142857143,10428.0,8266.0,11014.0
7553,2022-05-10,Mid-Atlantic,11055.0,19982.0,13878.714285714286,9709.0,16180.0,8266.0
7562,2022-05-11,Mid-Atlantic,34359.0,11055.0,16737.0,19982.0,10851.0,16180.0
7571,2022-05-12,Mid-Atlantic,20633.0,34359.0,17422.285714285714,11055.0,14351.0,10851.0
7580,2022-05-13,Mid-Atlantic,18331.0,20633.0,17785.285714285714,34359.0,15836.0,14351.0
7589,2022-05-14,Mid-Atlantic,11529.0,18331.0,17942.571428571428,20633.0,15790.0,15836.0
7598,2022-05-15,Mid-Atlantic,9323.0,11529.0,17887.428571428572,18331.0,10428.0,15790.0
7607,2022-05-16,Mid-Atlantic,20751.0,9323.0,17997.285714285714,11529.0,9709.0,10428.0
7616,2022-05-17,Mid-Atlantic,29141.0,20751.0,20581.0,9323.0,19982.0,9709.0
7625,2022-05-18,Mid-Atlantic,25024.0,29141.0,19247.428571428572,20751.0,11055.0,19982.0
7634,2022-05-19,Mid-Atlantic,17865.0,25024.0,18852.0,29141.0,34359.0,11055.0
7643,2022-05-20,Mid-Atlantic,21642.0,17865.0,19325.0,25024.0,20633.0,34359.0
7652,2022-05-21,Mid-Atlantic,10610.0,21642.0,19193.714285714286,17865.0,18331.0,20633.0
7661,2022-05-22,Mid-Atlantic,13241.0,10610.0,19753.428571428572,21642.0,11529.0,18331.0
7670,2022-05-23,Mid-Atlantic,19621.0,13241.0,19592.0,10610.0,9323.0,11529.0
7679,2022-05-24,Mid-Atlantic,24135.0,19621.0,18876.85714285714,13241.0,20751.0,9323.0
7688,2022-05-25,Mid-Atlantic,21276.0,24135.0,18341.428571428572,19621.0,29141.0,20751.0
7697,2022-05-26,Mid-Atlantic,15776.0,21276.0,18043.0,24135.0,25024.0,29141.0
7706,2022-05-27,Mid-Atlantic,20935.0,15776.0,17942.0,21276.0,17865.0,25024.0
7715,2022-05-28,Mid-Atlantic,4071.0,20935.0,17007.85714285714,15776.0,21642.0,17865.0
7724,2022-05-29,Mid-Atlantic,4514.0,4071.0,15761.142857142857,20935.0,10610.0,21642.0
7733,2022-05-30,Mid-Atlantic,2413.0,4514.0,13302.857142857143,4071.0,13241.0,10610.0
7742,2022-05-31,Mid-Atlantic,38777.0,2413.0,15394.57142857143,4514.0,19621.0,13241.0
7751,2022-06-01,Mid-Atlantic,15703.0,38777.0,14598.42857142857,2413.0,24135.0,19621.0
7760,2022-06-02,Mid-Atlantic,10760.0,15703.0,13881.857142857143,38777.0,21276.0,24135.0
7769,2022-06-03,Mid-Atlantic,17244.0,10760.0,13354.57142857143,15703.0,15776.0,21276.0
7778,2022-06-04,Mid-Atlantic,12867.0,17244.0,14611.142857142857,10760.0,20935.0,15776.0
7787,2022-06-05,Mid-Atlantic,5616.0,12867.0,14768.57142857143,17244.0,4071.0,20935.0
7796,2022-06-06,Mid-Atlantic,14778.0,5616.0,16535.0,12867.0,4514.0,4071.0
7805,2022-06-07,Mid-Atlantic,14498.0,14778.0,13066.57142857143,5616.0,2413.0,4514.0
7814,2022-06-08,Mid-Atlantic,18087.0,14498.0,13407.142857142857,14778.0,38777.0,2413.0
7823,2022-06-09,Mid-Atlantic,10449.0,18087.0,13362.714285714286,14498.0,15703.0,38777.0
7832,2022-06-10,Mid-Atlantic,8785.0,10449.0,12154.285714285714,18087.0,10760.0,15703.0
7841,2022-06-11,Mid-Atlantic,9116.0,8785.0,11618.42857142857,10449.0,17244.0,10760.0
7850,2022-06-12,Mid-Atlantic,4182.0,9116.0,11413.57142857143,8785.0,12867.0,17244.0
7859,2022-06-13,Mid-Atlantic,15485.0,4182.0,11514.57142857143,9116.0,5616.0,12867.0
7868,2022-06-14,Mid-Atlantic,13433.0,15485.0,11362.42857142857,4182.0,14778.0,5616.0
7877,2022-06-15,Mid-Atlantic,15554.0,13433.0,11000.57142857143,15485.0,14498.0,14778.0
7886,2022-06-16,Mid-Atlantic,9394.0,15554.0,10849.857142857143,13433.0,18087.0,14498.0
7895,2022-06-17,Mid-Atlantic,9127.0,9394.0,10898.714285714286,15554.0,10449.0,18087.0
7904,2022-06-18,Mid-Atlantic,4997.0,9127.0,10310.285714285714,9394.0,8785.0,10449.0
7913,2022-06-19,Mid-Atlantic,4210.0,4997.0,10314.285714285714,9127.0,9116.0,8785.0
7922,2022-06-20,Mid-Atlantic,2885.0,4210.0,8514.285714285714,4997.0,4182.0,9116.0
7931,2022-06-21,Mid-Atlantic,18563.0,2885.0,9247.142857142857,4210.0,15485.0,4182.0
7940,2022-06-22,Mid-Atlantic,17306.0,18563.0,9497.42857142857,2885.0,13433.0,15485.0
7949,2022-06-23,Mid-Atlantic,9033.0,17306.0,9445.857142857143,18563.0,15554.0,13433.0
7958,2022-06-24,Mid-Atlantic,13136.0,9033.0,10018.57142857143,17306.0,9394.0,15554.0
7967,2022-06-25,Mid-Atlantic,8815.0,13136.0,10564.0,9033.0,9127.0,9394.0
7976,2022-06-26,Mid-Atlantic,4677.0,8815.0,10630.714285714286,13136.0,4997.0,9127.0
7985,2022-06-27,Mid-Atlantic,13835.0,4677.0,12195.0,8815.0,4210.0,4997.0
7994,2022-06-28,Mid-Atlantic,7964.0,13835.0,10680.857142857143,4677.0,2885.0,4210.0
8003,2022-06-29,Mid-Atlantic,16357.0,7964.0,10545.285714285714,13835.0,18563.0,2885.0
8012,2022-06-30,Mid-Atlantic,16500.0,16357.0,11612.0,7964.0,17306.0,18563.0
8021,2022-07-01,Mid-Atlantic,11147.0,16500.0,11327.857142857143,16357.0,9033.0,17306.0
8030,2022-07-02,Mid-Atlantic,6476.0,11147.0,10993.714285714286,16500.0,13136.0,9033.0
8039,2022-07-03,Mid-Atlantic,4851.0,6476.0,11018.57142857143,11147.0,8815.0,13136.0
8048,2022-07-04,Mid-Atlantic,3688.0,4851.0,9569.0,6476.0,4677.0,8815.0
8057,2022-07-05,Mid-Atlantic,21215.0,3688.0,11462.0,4851.0,13835.0,4677.0
8066,2022-07-06,Mid-Atlantic,16850.0,21215.0,11532.42857142857,3688.0,7964.0,13835.0
8075,2022-07-07,Mid-Atlantic,9798.0,16850.0,10575.0,21215.0,16357.0,7964.0
8084,2022-07-08,Mid-Atlantic,16793.0,9798.0,11381.57142857143,16850.0,16500.0,16357.0
8093,2022-07-09,Mid-Atlantic,6847.0,16793.0,11434.57142857143,9798.0,11147.0,16500.0
8102,2022-07-10,Mid-Atlantic,5411.0,6847.0,11514.57142857143,16793.0,6476.0,11147.0
8111,2022-07-11,Mid-Atlantic,21065.0,5411.0,13997.0,6847.0,4851.0,6476.0
8120,2022-07-12,Mid-Atlantic,18739.0,21065.0,13643.285714285714,5411.0,3688.0,4851.0
8129,2022-07-13,Mid-Atlantic,16245.0,18739.0,13556.857142857143,21065.0,21215.0,3688.0
8138,2022-07-14,Mid-Atlantic,14032.0,16245.0,14161.714285714286,18739.0,16850.0,21215.0
8147,2022-07-15,Mid-Atlantic,15310.0,14032.0,13949.857142857143,16245.0,9798.0,16850.0
8156,2022-07-16,Mid-Atlantic,6977.0,15310.0,13968.42857142857,14032.0,16793.0,9798.0
8165,2022-07-17,Mid-Atlantic,5776.0,6977.0,14020.57142857143,15310.0,6847.0,16793.0
8174,2022-07-18,Mid-Atlantic,22157.0,5776.0,14176.57142857143,6977.0,5411.0,6847.0
8183,2022-07-19,Mid-Atlantic,16080.0,22157.0,13796.714285714286,5776.0,21065.0,5411.0
8192,2022-07-20,Mid-Atlantic,18892.0,16080.0,14174.857142857143,22157.0,18739.0,21065.0
8201,2022-07-21,Mid-Atlantic,13510.0,18892.0,14100.285714285714,16080.0,16245.0,18739.0
8210,2022-07-22,Mid-Atlantic,15691.0,13510.0,14154.714285714286,18892.0,14032.0,16245.0
8219,2022-07-23,Mid-Atlantic,7185.0,15691.0,14184.42857142857,13510.0,15310.0,14032.0
8228,2022-07-24,Mid-Atlantic,6101.0,7185.0,14230.857142857143,15691.0,6977.0,15310.0
8237,2022-07-25,Mid-Atlantic,20665.0,6101.0,14017.714285714286,7185.0,5776.0,6977.0
8246,2022-07-26,Mid-Atlantic,15729.0,20665.0,13967.57142857143,6101.0,22157.0,5776.0
8255,2022-07-27,Mid-Atlantic,19402.0,15729.0,14040.42857142857,20665.0,16080.0,22157.0
8264,2022-07-28,Mid-Atlantic,12879.0,19402.0,13950.285714285714,15729.0,18892.0,16080.0
8273,2022-07-29,Mid-Atlantic,10293.0,12879.0,13179.142857142857,19402.0,13510.0,18892.0
8282,2022-07-30,Mid-Atlantic,7046.0,10293.0,13159.285714285714,12879.0,15691.0,13510.0
8291,2022-07-31,Mid-Atlantic,5122.0,7046.0,13019.42857142857,10293.0,7185.0,15691.0
8300,2022-08-01,Mid-Atlantic,26547.0,5122.0,13859.714285714286,7046.0,6101.0,7185.0
8309,2022-08-02,Mid-Atlantic,7999.0,26547.0,12755.42857142857,5122.0,20665.0,6101.0
8318,2022-08-03,Mid-Atlantic,21850.0,7999.0,13105.142857142857,26547.0,15729.0,20665.0
8327,2022-08-04,Mid-Atlantic,15625.0,21850.0,13497.42857142857,7999.0,19402.0,15729.0
8336,2022-08-05,Mid-Atlantic,14724.0,15625.0,14130.42857142857,21850.0,12879.0,19402.0
8345,2022-08-06,Mid-Atlantic,6123.0,14724.0,13998.57142857143,15625.0,10293.0,12879.0
8354,2022-08-07,Mid-Atlantic,4760.0,6123.0,13946.857142857143,14724.0,7046.0,10293.0
8363,2022-08-08,Mid-Atlantic,16189.0,4760.0,12467.142857142857,6123.0,5122.0,7046.0
8372,2022-08-09,Mid-Atlantic,14660.0,16189.0,13418.714285714286,4760.0,26547.0,5122.0
8381,2022-08-10,Mid-Atlantic,16302.0,14660.0,12626.142857142857,16189.0,7999.0,26547.0
8390,2022-08-11,Mid-Atlantic,11008.0,16302.0,11966.57142857143,14660.0,21850.0,7999.0
8399,2022-08-12,Mid-Atlantic,14491.0,11008.0,11933.285714285714,16302.0,15625.0,21850.0
8408,2022-08-13,Mid-Atlantic,2573.0,14491.0,11426.142857142857,11008.0,14724.0,15625.0
8417,2022-08-14,Mid-Atlantic,7156.0,2573.0,11768.42857142857,14491.0,6123.0,14724.0
8426,2022-08-15,Mid-Atlantic,11759.0,7156.0,11135.57142857143,2573.0,4760.0,6123.0
8435,2022-08-16,Mid-Atlantic,11092.0,11759.0,10625.857142857143,7156.0,16189.0,4760.0
8444,2022-08-17,Mid-Atlantic,18312.0,11092.0,10913.0,11759.0,14660.0,16189.0
8453,2022-08-18,Mid-Atlantic,9064.0,18312.0,10635.285714285714,11092.0,16302.0,14660.0
8462,2022-08-19,Mid-Atlantic,8424.0,9064.0,9768.57142857143,18312.0,11008.0,16302.0
8471,2022-08-20,Mid-Atlantic,5134.0,8424.0,10134.42857142857,9064.0,14491.0,11008.0
8480,2022-08-21,Mid-Atlantic,3989.0,5134.0,9682.0,8424.0,2573.0,14491.0
8489,2022-08-22,Mid-Atlantic,12618.0,3989.0,9804.714285714286,5134.0,7156.0,2573.0
8498,2022-08-23,Mid-Atlantic,6820.0,12618.0,9194.42857142857,3989.0,11759.0,7156.0
8507,2022-08-24,Mid-Atlantic,23785.0,6820.0,9976.285714285714,12618.0,11092.0,11759.0
8516,2022-08-25,Mid-Atlantic,8475.0,23785.0,9892.142857142857,6820.0,18312.0,11092.0
8525,2022-08-26,Mid-Atlantic,7445.0,8475.0,9752.285714285714,23785.0,9064.0,18312.0
8534,2022-08-27,Mid-Atlantic,4996.0,7445.0,9732.57142857143,8475.0,8424.0,9064.0
8543,2022-08-28,Mid-Atlantic,3804.0,4996.0,9706.142857142857,7445.0,5134.0,8424.0
8552,2022-08-29,Mid-Atlantic,10701.0,3804.0,9432.285714285714,4996.0,3989.0,5134.0
8561,2022-08-30,Mid-Atlantic,4018.0,10701.0,9032.0,3804.0,12618.0,3989.0
8570,2022-08-31,Mid-Atlantic,24482.0,4018.0,9131.57142857143,10701.0,6820.0,12618.0
8579,2022-09-01,Mid-Atlantic,7889.0,24482.0,9047.857142857143,4018.0,23785.0,6820.0
8588,2022-09-02,Mid-Atlantic,6349.0,7889.0,8891.285714285714,24482.0,8475.0,23785.0
8597,2022-09-03,Mid-Atlantic,4325.0,6349.0,8795.42857142857,7889.0,7445.0,8475.0
8606,2022-09-04,Mid-Atlantic,3478.0,4325.0,8748.857142857143,6349.0,4996.0,7445.0
8615,2022-09-05,Mid-Atlantic,2889.0,3478.0,7632.857142857143,4325.0,3804.0,4996.0
8624,2022-09-06,Mid-Atlantic,11117.0,2889.0,8647.0,3478.0,10701.0,3804.0
8633,2022-09-07,Mid-Atlantic,20690.0,11117.0,8105.285714285715,2889.0,4018.0,10701.0
8642,2022-09-08,Mid-Atlantic,5870.0,20690.0,7816.857142857143,11117.0,24482.0,4018.0
8651,2022-09-09,Mid-Atlantic,4947.0,5870.0,7616.571428571428,20690.0,7889.0,24482.0
8660,2022-09-10,Mid-Atlantic,2195.0,4947.0,7312.285714285715,5870.0,6349.0,7889.0
8669,2022-09-11,Mid-Atlantic,6472.0,2195.0,7740.0,4947.0,4325.0,6349.0
8678,2022-09-12,Mid-Atlantic,10649.0,6472.0,8848.57142857143,2195.0,3478.0,4325.0
8687,2022-09-13,Mid-Atlantic,5656.0,10649.0,8068.428571428572,6472.0,2889.0,3478.0
8696,2022-09-14,Mid-Atlantic,24632.0,5656.0,8631.57142857143,10649.0,11117.0,2889.0
8705,2022-09-15,Mid-Atlantic,5067.0,24632.0,8516.857142857143,5656.0,20690.0,11117.0
