,date,region,new_confirmed,1_day_shift,7_day_avg,7_day_shift
4,2020-01-22,New England,0.0,,,
13,2020-01-23,New England,0.0,0.0,,
22,2020-01-24,New England,0.0,0.0,,
31,2020-01-25,New England,0.0,0.0,,
40,2020-01-26,New England,0.0,0.0,,
49,2020-01-27,New England,0.0,0.0,,
58,2020-01-28,New England,0.0,0.0,0.0,
67,2020-01-29,New England,0.0,0.0,0.0,0.0
76,2020-01-30,New England,0.0,0.0,0.0,0.0
85,2020-01-31,New England,0.0,0.0,0.0,0.0
94,2020-02-01,New England,0.0,0.0,0.0,0.0
103,2020-02-02,New England,0.0,0.0,0.0,0.0
112,2020-02-03,New England,0.0,0.0,0.0,0.0
121,2020-02-04,New England,0.0,0.0,0.0,0.0
130,2020-02-05,New England,0.0,0.0,0.0,0.0
139,2020-02-06,New England,0.0,0.0,0.0,0.0
148,2020-02-07,New England,0.0,0.0,0.0,0.0
157,2020-02-08,New England,0.0,0.0,0.0,0.0
166,2020-02-09,New England,0.0,0.0,0.0,0.0
175,2020-02-10,New England,0.0,0.0,0.0,0.0
184,2020-02-11,New England,0.0,0.0,0.0,0.0
193,2020-02-12,New England,0.0,0.0,0.0,0.0
202,2020-02-13,New England,0.0,0.0,0.0,0.0
211,2020-02-14,New England,0.0,0.0,0.0,0.0
220,2020-02-15,New England,0.0,0.0,0.0,0.0
229,2020-02-16,New England,0.0,0.0,0.0,0.0
238,2020-02-17,New England,0.0,0.0,0.0,0.0
247,2020-02-18,New England,0.0,0.0,0.0,0.0
256,2020-02-19,New England,0.0,0.0,0.0,0.0
265,2020-02-20,New England,0.0,0.0,0.0,0.0
274,2020-02-21,New England,0.0,0.0,0.0,0.0
283,2020-02-22,New England,0.0,0.0,0.0,0.0
292,2020-02-23,New England,0.0,0.0,0.0,0.0
301,2020-02-24,New England,0.0,0.0,0.0,0.0
310,2020-02-25,New England,0.0,0.0,0.0,0.0
319,2020-02-26,New England,0.0,0.0,0.0,0.0
328,2020-02-27,New England,0.0,0.0,0.0,0.0
337,2020-02-28,New England,0.0,0.0,0.0,0.0
346,2020-02-29,New England,0.0,0.0,0.0,0.0
355,2020-03-01,New England,0.0,0.0,0.0,0.0
364,2020-03-02,New England,1.0,0.0,0.14285714285714285,0.0
373,2020-03-03,New England,1.0,1.0,0.2857142857142857,0.0
382,2020-03-04,New England,2.0,1.0,0.5714285714285714,0.0
391,2020-03-05,New England,1.0,2.0,0.7142857142857143,0.0
400,2020-03-06,New England,6.0,1.0,1.5714285714285714,0.0
409,2020-03-07,New England,5.0,6.0,2.2857142857142856,0.0
418,2020-03-08,New England,4.0,5.0,2.857142857142857,0.0
427,2020-03-09,New England,29.0,4.0,6.857142857142857,1.0
436,2020-03-10,New England,53.0,29.0,14.285714285714286,1.0
445,2020-03-11,New England,1.0,53.0,14.142857142857142,2.0
454,2020-03-12,New England,18.0,1.0,16.571428571428573,1.0
463,2020-03-13,New England,36.0,18.0,20.857142857142858,6.0
472,2020-03-14,New England,24.0,36.0,23.571428571428573,5.0
481,2020-03-15,New England,19.0,24.0,25.714285714285715,4.0
490,2020-03-16,New England,56.0,19.0,29.571428571428573,29.0
499,2020-03-17,New England,109.0,56.0,37.57142857142857,53.0
508,2020-03-18,New England,102.0,109.0,52.0,1.0
517,2020-03-19,New England,134.0,102.0,68.57142857142857,18.0
526,2020-03-20,New England,218.0,134.0,94.57142857142857,36.0
535,2020-03-21,New England,168.0,218.0,115.14285714285714,24.0
544,2020-03-22,New England,212.0,168.0,142.71428571428572,19.0
553,2020-03-23,New England,404.0,212.0,192.42857142857142,56.0
562,2020-03-24,New England,650.0,404.0,269.7142857142857,109.0
571,2020-03-25,New England,1045.0,650.0,404.42857142857144,102.0
580,2020-03-26,New England,819.0,1045.0,502.2857142857143,134.0
589,2020-03-27,New England,1200.0,819.0,642.5714285714286,218.0
598,2020-03-28,New England,1412.0,1200.0,820.2857142857143,168.0
607,2020-03-29,New England,1379.0,1412.0,987.0,212.0
616,2020-03-30,New England,1553.0,1379.0,1151.142857142857,404.0
625,2020-03-31,New England,1616.0,1553.0,1289.142857142857,650.0
634,2020-04-01,New England,1763.0,1616.0,1391.7142857142858,1045.0
643,2020-04-02,New England,1692.0,1763.0,1516.4285714285713,819.0
652,2020-04-03,New England,2775.0,1692.0,1741.4285714285713,1200.0
661,2020-04-04,New England,2008.0,2775.0,1826.5714285714287,1412.0
670,2020-04-05,New England,1459.0,2008.0,1838.0,1379.0
679,2020-04-06,New England,2880.0,1459.0,2027.5714285714287,1553.0
688,2020-04-07,New England,2585.0,2880.0,2166.0,1616.0
697,2020-04-08,New England,1953.0,2585.0,2193.1428571428573,1763.0
706,2020-04-09,New England,4510.0,1953.0,2595.714285714286,1692.0
715,2020-04-10,New England,3332.0,4510.0,2675.285714285714,2775.0
724,2020-04-11,New England,3245.0,3332.0,2852.0,2008.0
733,2020-04-12,New England,3522.0,3245.0,3146.714285714286,1459.0
742,2020-04-13,New England,3046.0,3522.0,3170.4285714285716,2880.0
751,2020-04-14,New England,2285.0,3046.0,3127.5714285714284,2585.0
760,2020-04-15,New England,2921.0,2285.0,3265.8571428571427,1953.0
769,2020-04-16,New England,3891.0,2921.0,3177.4285714285716,4510.0
778,2020-04-17,New England,3556.0,3891.0,3209.4285714285716,3332.0
787,2020-04-18,New England,2338.0,3556.0,3079.8571428571427,3245.0
796,2020-04-19,New England,2866.0,2338.0,2986.1428571428573,3522.0
805,2020-04-20,New England,2710.0,2866.0,2938.1428571428573,3046.0
814,2020-04-21,New England,4114.0,2710.0,3199.4285714285716,2285.0
823,2020-04-22,New England,4360.0,4114.0,3405.0,2921.0
832,2020-04-23,New England,4244.0,4360.0,3455.4285714285716,3891.0
841,2020-04-24,New England,1317.0,4244.0,3135.5714285714284,3556.0
850,2020-04-25,New England,8392.0,1317.0,4000.4285714285716,2338.0
859,2020-04-26,New England,2664.0,8392.0,3971.5714285714284,2866.0
868,2020-04-27,New England,1812.0,2664.0,3843.285714285714,2710.0
877,2020-04-28,New England,3303.0,1812.0,3727.4285714285716,4114.0
886,2020-04-29,New England,2850.0,3303.0,3511.714285714286,4360.0
895,2020-04-30,New England,3356.0,2850.0,3384.8571428571427,4244.0
904,2020-05-01,New England,3692.0,3356.0,3724.1428571428573,1317.0
913,2020-05-02,New England,2295.0,3692.0,2853.1428571428573,8392.0
922,2020-05-03,New England,2661.0,2295.0,2852.714285714286,2664.0
931,2020-05-04,New England,1386.0,2661.0,2791.8571428571427,1812.0
940,2020-05-05,New England,2895.0,1386.0,2733.5714285714284,3303.0
949,2020-05-06,New England,2605.0,2895.0,2698.5714285714284,2850.0
958,2020-05-07,New England,2940.0,2605.0,2639.1428571428573,3356.0
967,2020-05-08,New England,2620.0,2940.0,2486.0,3692.0
976,2020-05-09,New England,2369.0,2620.0,2496.5714285714284,2295.0
985,2020-05-10,New England,1902.0,2369.0,2388.1428571428573,2661.0
994,2020-05-11,New England,1170.0,1902.0,2357.285714285714,1386.0
1003,2020-05-12,New England,1752.0,1170.0,2194.0,2895.0
1012,2020-05-13,New England,1983.0,1752.0,2105.1428571428573,2605.0
1021,2020-05-14,New England,2656.0,1983.0,2064.5714285714284,2940.0
1030,2020-05-15,New England,2213.0,2656.0,2006.4285714285713,2620.0
1039,2020-05-16,New England,2520.0,2213.0,2028.0,2369.0
1048,2020-05-17,New England,2005.0,2520.0,2042.7142857142858,1902.0
1057,2020-05-18,New England,1958.0,2005.0,2155.285714285714,1170.0
1066,2020-05-19,New England,1503.0,1958.0,2119.714285714286,1752.0
1075,2020-05-20,New England,2045.0,1503.0,2128.5714285714284,1983.0
1084,2020-05-21,New England,1604.0,2045.0,1978.2857142857142,2656.0
1093,2020-05-22,New England,1590.0,1604.0,1889.2857142857142,2213.0
1102,2020-05-23,New England,1405.0,1590.0,1730.0,2520.0
1111,2020-05-24,New England,1648.0,1405.0,1679.0,2005.0
1120,2020-05-25,New England,1144.0,1648.0,1562.7142857142858,1958.0
1129,2020-05-26,New England,1080.0,1144.0,1502.2857142857142,1503.0
1138,2020-05-27,New England,730.0,1080.0,1314.4285714285713,2045.0
1147,2020-05-28,New England,1234.0,730.0,1261.5714285714287,1604.0
1156,2020-05-29,New England,1142.0,1234.0,1197.5714285714287,1590.0
1165,2020-05-30,New England,1264.0,1142.0,1177.4285714285713,1405.0
1174,2020-05-31,New England,1072.0,1264.0,1095.142857142857,1648.0
1183,2020-06-01,New England,4543.0,1072.0,1580.7142857142858,1144.0
1192,2020-06-02,New England,795.0,4543.0,1540.0,1080.0
1201,2020-06-03,New England,735.0,795.0,1540.7142857142858,730.0
1210,2020-06-04,New England,881.0,735.0,1490.2857142857142,1234.0
1219,2020-06-05,New England,935.0,881.0,1460.7142857142858,1142.0
1228,2020-06-06,New England,1126.0,935.0,1441.0,1264.0
1237,2020-06-07,New England,590.0,1126.0,1372.142857142857,1072.0
1246,2020-06-08,New England,425.0,590.0,783.8571428571429,4543.0
1255,2020-06-09,New England,497.0,425.0,741.2857142857143,795.0
1264,2020-06-10,New England,627.0,497.0,725.8571428571429,735.0
1273,2020-06-11,New England,789.0,627.0,712.7142857142857,881.0
1282,2020-06-12,New England,807.0,789.0,694.4285714285714,935.0
1291,2020-06-13,New England,779.0,807.0,644.8571428571429,1126.0
1300,2020-06-14,New England,391.0,779.0,616.4285714285714,590.0
1309,2020-06-15,New England,355.0,391.0,606.4285714285714,425.0
1318,2020-06-16,New England,392.0,355.0,591.4285714285714,497.0
1327,2020-06-17,New England,486.0,392.0,571.2857142857143,627.0
1336,2020-06-18,New England,415.0,486.0,517.8571428571429,789.0
1345,2020-06-19,New England,483.0,415.0,471.57142857142856,807.0
1354,2020-06-20,New England,541.0,483.0,437.57142857142856,779.0
1363,2020-06-21,New England,249.0,541.0,417.2857142857143,391.0
1372,2020-06-22,New England,267.0,249.0,404.7142857142857,355.0
1381,2020-06-23,New England,461.0,267.0,414.57142857142856,392.0
1390,2020-06-24,New England,307.0,461.0,389.0,486.0
1399,2020-06-25,New England,452.0,307.0,394.2857142857143,415.0
1408,2020-06-26,New England,439.0,452.0,388.0,483.0
1417,2020-06-27,New England,656.0,439.0,404.42857142857144,541.0
1426,2020-06-28,New England,413.0,656.0,427.85714285714283,249.0
1435,2020-06-29,New England,243.0,413.0,424.42857142857144,267.0
1444,2020-06-30,New England,362.0,243.0,410.2857142857143,461.0
1453,2020-07-01,New England,447.0,362.0,430.2857142857143,307.0
1462,2020-07-02,New England,399.0,447.0,422.7142857142857,452.0
1471,2020-07-03,New England,472.0,399.0,427.42857142857144,439.0
1480,2020-07-04,New England,263.0,472.0,371.2857142857143,656.0
1489,2020-07-05,New England,229.0,263.0,345.0,413.0
1498,2020-07-06,New England,504.0,229.0,382.2857142857143,243.0
1507,2020-07-07,New England,337.0,504.0,378.7142857142857,362.0
1516,2020-07-08,New England,381.0,337.0,369.2857142857143,447.0
1525,2020-07-09,New England,496.0,381.0,383.14285714285717,399.0
1534,2020-07-10,New England,396.0,496.0,372.2857142857143,472.0
1543,2020-07-11,New England,347.0,396.0,384.2857142857143,263.0
1552,2020-07-12,New England,261.0,347.0,388.85714285714283,229.0
1561,2020-07-13,New England,667.0,261.0,412.14285714285717,504.0
1570,2020-07-14,New England,459.0,667.0,429.57142857142856,337.0
1579,2020-07-15,New England,421.0,459.0,435.2857142857143,381.0
1588,2020-07-16,New England,475.0,421.0,432.2857142857143,496.0
1597,2020-07-17,New England,596.0,475.0,460.85714285714283,396.0
1606,2020-07-18,New England,395.0,596.0,467.7142857142857,347.0
1615,2020-07-19,New England,362.0,395.0,482.14285714285717,261.0
1624,2020-07-20,New England,608.0,362.0,473.7142857142857,667.0
1633,2020-07-21,New England,399.0,608.0,465.14285714285717,459.0
1642,2020-07-22,New England,525.0,399.0,480.0,421.0
1651,2020-07-23,New England,470.0,525.0,479.2857142857143,475.0
1660,2020-07-24,New England,1040.0,470.0,542.7142857142857,596.0
1669,2020-07-25,New England,369.0,1040.0,539.0,395.0
1678,2020-07-26,New England,418.0,369.0,547.0,362.0
1687,2020-07-27,New England,812.0,418.0,576.1428571428571,608.0
1696,2020-07-28,New England,628.0,812.0,608.8571428571429,399.0
1705,2020-07-29,New England,1082.0,628.0,688.4285714285714,525.0
1714,2020-07-30,New England,748.0,1082.0,728.1428571428571,470.0
1723,2020-07-31,New England,797.0,748.0,693.4285714285714,1040.0
1732,2020-08-01,New England,488.0,797.0,710.4285714285714,369.0
1741,2020-08-02,New England,464.0,488.0,717.0,418.0
1750,2020-08-03,New England,714.0,464.0,703.0,812.0
1759,2020-08-04,New England,781.0,714.0,724.8571428571429,628.0
1768,2020-08-05,New England,694.0,781.0,669.4285714285714,1082.0
1777,2020-08-06,New England,419.0,694.0,622.4285714285714,748.0
1786,2020-08-07,New England,674.0,419.0,604.8571428571429,797.0
1795,2020-08-08,New England,571.0,674.0,616.7142857142857,488.0
1804,2020-08-09,New England,437.0,571.0,612.8571428571429,464.0
1813,2020-08-10,New England,569.0,437.0,592.1428571428571,714.0
1822,2020-08-11,New England,662.0,569.0,575.1428571428571,781.0
1831,2020-08-12,New England,442.0,662.0,539.1428571428571,694.0
1840,2020-08-13,New England,565.0,442.0,560.0,419.0
1849,2020-08-14,New England,508.0,565.0,536.2857142857143,674.0
1858,2020-08-15,New England,524.0,508.0,529.5714285714286,571.0
1867,2020-08-16,New England,415.0,524.0,526.4285714285714,437.0
1876,2020-08-17,New England,698.0,415.0,544.8571428571429,569.0
1885,2020-08-18,New England,315.0,698.0,495.2857142857143,662.0
1894,2020-08-19,New England,1031.0,315.0,579.4285714285714,442.0
1903,2020-08-20,New England,544.0,1031.0,576.4285714285714,565.0
1912,2020-08-21,New England,783.0,544.0,615.7142857142857,508.0
1921,2020-08-22,New England,361.0,783.0,592.4285714285714,524.0
1930,2020-08-23,New England,126.0,361.0,551.1428571428571,415.0
1939,2020-08-24,New England,1249.0,126.0,629.8571428571429,698.0
1948,2020-08-25,New England,531.0,1249.0,660.7142857142857,315.0
1957,2020-08-26,New England,632.0,531.0,603.7142857142857,1031.0
1966,2020-08-27,New England,704.0,632.0,626.5714285714286,544.0
1975,2020-08-28,New England,747.0,704.0,621.4285714285714,783.0
1984,2020-08-29,New England,715.0,747.0,672.0,361.0
1993,2020-08-30,New England,287.0,715.0,695.0,126.0
2002,2020-08-31,New England,774.0,287.0,627.1428571428571,1249.0
2011,2020-09-01,New England,585.0,774.0,634.8571428571429,531.0
2020,2020-09-02,New England,-7546.0,585.0,-533.4285714285714,632.0
2029,2020-09-03,New England,674.0,-7546.0,-537.7142857142857,704.0
2038,2020-09-04,New England,514.0,674.0,-571.0,747.0
2047,2020-09-05,New England,775.0,514.0,-562.4285714285714,715.0
2056,2020-09-06,New England,440.0,775.0,-540.5714285714286,287.0
2065,2020-09-07,New England,334.0,440.0,-603.4285714285714,774.0
2074,2020-09-08,New England,640.0,334.0,-595.5714285714286,585.0
2083,2020-09-09,New England,403.0,640.0,540.0,-7546.0
2092,2020-09-10,New England,816.0,403.0,560.2857142857143,674.0
2101,2020-09-11,New England,883.0,816.0,613.0,514.0
2110,2020-09-12,New England,731.0,883.0,606.7142857142857,775.0
2119,2020-09-13,New England,465.0,731.0,610.2857142857143,440.0
2128,2020-09-14,New England,924.0,465.0,694.5714285714286,334.0
2137,2020-09-15,New England,625.0,924.0,692.4285714285714,640.0
2146,2020-09-16,New England,606.0,625.0,721.4285714285714,403.0
2155,2020-09-17,New England,837.0,606.0,724.4285714285714,816.0
2164,2020-09-18,New England,819.0,837.0,715.2857142857143,883.0
2173,2020-09-19,New England,870.0,819.0,735.1428571428571,731.0
2182,2020-09-20,New England,517.0,870.0,742.5714285714286,465.0
2191,2020-09-21,New England,841.0,517.0,730.7142857142857,924.0
2200,2020-09-22,New England,501.0,841.0,713.0,625.0
2209,2020-09-23,New England,874.0,501.0,751.2857142857143,606.0
2218,2020-09-24,New England,855.0,874.0,753.8571428571429,837.0
2227,2020-09-25,New England,541.0,855.0,714.1428571428571,819.0
2236,2020-09-26,New England,743.0,541.0,696.0,870.0
2245,2020-09-27,New England,787.0,743.0,734.5714285714286,517.0
2254,2020-09-28,New England,1067.0,787.0,766.8571428571429,841.0
2263,2020-09-29,New England,892.0,1067.0,822.7142857142857,501.0
2272,2020-09-30,New England,1035.0,892.0,845.7142857142857,874.0
2281,2020-10-01,New England,1206.0,1035.0,895.8571428571429,855.0
2290,2020-10-02,New England,1746.0,1206.0,1068.0,541.0
2299,2020-10-03,New England,931.0,1746.0,1094.857142857143,743.0
2308,2020-10-04,New England,855.0,931.0,1104.5714285714287,787.0
2317,2020-10-05,New England,1482.0,855.0,1163.857142857143,1067.0
2326,2020-10-06,New England,868.0,1482.0,1160.4285714285713,892.0
2335,2020-10-07,New England,953.0,868.0,1148.7142857142858,1035.0
2344,2020-10-08,New England,1221.0,953.0,1150.857142857143,1206.0
2353,2020-10-09,New England,1431.0,1221.0,1105.857142857143,1746.0
2362,2020-10-10,New England,1087.0,1431.0,1128.142857142857,931.0
2371,2020-10-11,New England,821.0,1087.0,1123.2857142857142,855.0
2380,2020-10-12,New England,2283.0,821.0,1237.7142857142858,1482.0
2389,2020-10-13,New England,1308.0,2283.0,1300.5714285714287,868.0
2398,2020-10-14,New England,1057.0,1308.0,1315.4285714285713,953.0
2407,2020-10-15,New England,1141.0,1057.0,1304.0,1221.0
2416,2020-10-16,New England,1952.0,1141.0,1378.4285714285713,1431.0
2425,2020-10-17,New England,1039.0,1952.0,1371.5714285714287,1087.0
2434,2020-10-18,New England,1120.0,1039.0,1414.2857142857142,821.0
2443,2020-10-19,New England,2187.0,1120.0,1400.5714285714287,2283.0
2452,2020-10-20,New England,1833.0,2187.0,1475.5714285714287,1308.0
2461,2020-10-21,New England,1739.0,1833.0,1573.0,1057.0
2470,2020-10-22,New England,2152.0,1739.0,1717.4285714285713,1141.0
2479,2020-10-23,New England,2452.0,2152.0,1788.857142857143,1952.0
2488,2020-10-24,New England,1864.0,2452.0,1906.7142857142858,1039.0
2497,2020-10-25,New England,1535.0,1864.0,1966.0,1120.0
2506,2020-10-26,New England,3557.0,1535.0,2161.714285714286,2187.0
2515,2020-10-27,New England,2441.0,3557.0,2248.5714285714284,1833.0
2524,2020-10-28,New England,2367.0,2441.0,2338.285714285714,1739.0
2533,2020-10-29,New England,3256.0,2367.0,2496.0,2152.0
2542,2020-10-30,New England,3143.0,3256.0,2594.714285714286,2452.0
2551,2020-10-31,New England,2284.0,3143.0,2654.714285714286,1864.0
2560,2020-11-01,New England,1805.0,2284.0,2693.285714285714,1535.0
2569,2020-11-02,New England,3938.0,1805.0,2747.714285714286,3557.0
2578,2020-11-03,New England,1736.0,3938.0,2647.0,2441.0
2587,2020-11-04,New England,4105.0,1736.0,2895.285714285714,2367.0
2596,2020-11-05,New England,4643.0,4105.0,3093.4285714285716,3256.0
2605,2020-11-06,New England,4224.0,4643.0,3247.8571428571427,3143.0
2614,2020-11-07,New England,3513.0,4224.0,3423.4285714285716,2284.0
2623,2020-11-08,New England,2782.0,3513.0,3563.0,1805.0
2632,2020-11-09,New England,5363.0,2782.0,3766.5714285714284,3938.0
2641,2020-11-10,New England,4911.0,5363.0,4220.142857142857,1736.0
2650,2020-11-11,New England,5852.0,4911.0,4469.714285714285,4105.0
2659,2020-11-12,New England,5434.0,5852.0,4582.714285714285,4643.0
2668,2020-11-13,New England,7222.0,5434.0,5011.0,4224.0
2677,2020-11-14,New England,4913.0,7222.0,5211.0,3513.0
2686,2020-11-15,New England,3369.0,4913.0,5294.857142857143,2782.0
2695,2020-11-16,New England,7939.0,3369.0,5662.857142857143,5363.0
2704,2020-11-17,New England,5458.0,7939.0,5741.0,4911.0
2713,2020-11-18,New England,6985.0,5458.0,5902.857142857143,5852.0
2722,2020-11-19,New England,6970.0,6985.0,6122.285714285715,5434.0
2731,2020-11-20,New England,6425.0,6970.0,6008.428571428572,7222.0
2740,2020-11-21,New England,5348.0,6425.0,6070.571428571428,4913.0
2749,2020-11-22,New England,4074.0,5348.0,6171.285714285715,3369.0
2758,2020-11-23,New England,8170.0,4074.0,6204.285714285715,7939.0
2767,2020-11-24,New England,4612.0,8170.0,6083.428571428572,5458.0
2776,2020-11-25,New England,6875.0,4612.0,6067.714285714285,6985.0
2785,2020-11-26,New England,1491.0,6875.0,5285.0,6970.0
2794,2020-11-27,New England,9185.0,1491.0,5679.285714285715,6425.0
2803,2020-11-28,New England,5032.0,9185.0,5634.142857142857,5348.0
2812,2020-11-29,New England,4318.0,5032.0,5669.0,4074.0
2821,2020-11-30,New England,7367.0,4318.0,5554.285714285715,8170.0
2830,2020-12-01,New England,6775.0,7367.0,5863.285714285715,4612.0
2839,2020-12-02,New England,9697.0,6775.0,6266.428571428572,6875.0
2848,2020-12-03,New England,14306.0,9697.0,8097.142857142857,1491.0
2857,2020-12-04,New England,9572.0,14306.0,8152.428571428572,9185.0
2866,2020-12-05,New England,8288.0,9572.0,8617.57142857143,5032.0
2875,2020-12-06,New England,6832.0,8288.0,8976.714285714286,4318.0
2884,2020-12-07,New England,12991.0,6832.0,9780.142857142857,7367.0
2893,2020-12-08,New England,8966.0,12991.0,10093.142857142857,6775.0
2902,2020-12-09,New England,10966.0,8966.0,10274.42857142857,9697.0
2911,2020-12-10,New England,9964.0,10966.0,9654.142857142857,14306.0
2920,2020-12-11,New England,12668.0,9964.0,10096.42857142857,9572.0
2929,2020-12-12,New England,8403.0,12668.0,10112.857142857143,8288.0
2938,2020-12-13,New England,6865.0,8403.0,10117.57142857143,6832.0
2947,2020-12-14,New England,12885.0,6865.0,10102.42857142857,12991.0
2956,2020-12-15,New England,7712.0,12885.0,9923.285714285714,8966.0
2965,2020-12-16,New England,10768.0,7712.0,9895.0,10966.0
2974,2020-12-17,New England,10098.0,10768.0,9914.142857142857,9964.0
2983,2020-12-18,New England,10107.0,10098.0,9548.285714285714,12668.0
2992,2020-12-19,New England,6466.0,10107.0,9271.57142857143,8403.0
3001,2020-12-20,New England,6530.0,6466.0,9223.714285714286,6865.0
3010,2020-12-21,New England,10133.0,6530.0,8830.57142857143,12885.0
3019,2020-12-22,New England,7491.0,10133.0,8799.0,7712.0
3028,2020-12-23,New England,8762.0,7491.0,8512.42857142857,10768.0
3037,2020-12-24,New England,10247.0,8762.0,8533.714285714286,10098.0
3046,2020-12-25,New England,1191.0,10247.0,7260.0,10107.0
3055,2020-12-26,New England,9119.0,1191.0,7639.0,6466.0
3064,2020-12-27,New England,5139.0,9119.0,7440.285714285715,6530.0
3073,2020-12-28,New England,14707.0,5139.0,8093.714285714285,10133.0
3082,2020-12-29,New England,7798.0,14707.0,8137.571428571428,7491.0
3091,2020-12-30,New England,10904.0,7798.0,8443.57142857143,8762.0
3100,2020-12-31,New England,12521.0,10904.0,8768.42857142857,10247.0
3109,2021-01-01,New England,863.0,12521.0,8721.57142857143,1191.0
3118,2021-01-02,New England,16675.0,863.0,9801.0,9119.0
3127,2021-01-03,New England,6086.0,16675.0,9936.285714285714,5139.0
3136,2021-01-04,New England,11389.0,6086.0,9462.285714285714,14707.0
3145,2021-01-05,New England,9536.0,11389.0,9710.57142857143,7798.0
3154,2021-01-06,New England,12439.0,9536.0,9929.857142857143,10904.0
3163,2021-01-07,New England,13183.0,12439.0,10024.42857142857,12521.0
3172,2021-01-08,New England,14268.0,13183.0,11939.42857142857,863.0
3181,2021-01-09,New England,10303.0,14268.0,11029.142857142857,16675.0
3190,2021-01-10,New England,7879.0,10303.0,11285.285714285714,6086.0
3199,2021-01-11,New England,13314.0,7879.0,11560.285714285714,11389.0
3208,2021-01-12,New England,11687.0,13314.0,11867.57142857143,9536.0
3217,2021-01-13,New England,12461.0,11687.0,11870.714285714286,12439.0
3226,2021-01-14,New England,9490.0,12461.0,11343.142857142857,13183.0
3235,2021-01-15,New England,10166.0,9490.0,10757.142857142857,14268.0
3244,2021-01-16,New England,7892.0,10166.0,10412.714285714286,10303.0
3253,2021-01-17,New England,6567.0,7892.0,10225.285714285714,7879.0
3262,2021-01-18,New England,11965.0,6567.0,10032.57142857143,13314.0
3271,2021-01-19,New England,6872.0,11965.0,9344.714285714286,11687.0
3280,2021-01-20,New England,8818.0,6872.0,8824.285714285714,12461.0
3289,2021-01-21,New England,9353.0,8818.0,8804.714285714286,9490.0
3298,2021-01-22,New England,9712.0,9353.0,8739.857142857143,10166.0
3307,2021-01-23,New England,6715.0,9712.0,8571.714285714286,7892.0
3316,2021-01-24,New England,5572.0,6715.0,8429.57142857143,6567.0
3325,2021-01-25,New England,10780.0,5572.0,8260.285714285714,11965.0
3334,2021-01-26,New England,5590.0,10780.0,8077.142857142857,6872.0
3343,2021-01-27,New England,7320.0,5590.0,7863.142857142857,8818.0
3352,2021-01-28,New England,7925.0,7320.0,7659.142857142857,9353.0
3361,2021-01-29,New England,6134.0,7925.0,7148.0,9712.0
3370,2021-01-30,New England,5860.0,6134.0,7025.857142857143,6715.0
3379,2021-01-31,New England,3857.0,5860.0,6780.857142857143,5572.0
3388,2021-02-01,New England,7278.0,3857.0,6280.571428571428,10780.0
3397,2021-02-02,New England,5898.0,7278.0,6324.571428571428,5590.0
3406,2021-02-03,New England,4193.0,5898.0,5877.857142857143,7320.0
3415,2021-02-04,New England,5199.0,4193.0,5488.428571428572,7925.0
3424,2021-02-05,New England,6170.0,5199.0,5493.571428571428,6134.0
3433,2021-02-06,New England,5134.0,6170.0,5389.857142857143,5860.0
3442,2021-02-07,New England,4085.0,5134.0,5422.428571428572,3857.0
3451,2021-02-08,New England,6414.0,4085.0,5299.0,7278.0
3460,2021-02-09,New England,3481.0,6414.0,4953.714285714285,5898.0
3469,2021-02-10,New England,3996.0,3481.0,4925.571428571428,4193.0
3478,2021-02-11,New England,4608.0,3996.0,4841.142857142857,5199.0
3487,2021-02-12,New England,4521.0,4608.0,4605.571428571428,6170.0
3496,2021-02-13,New England,3265.0,4521.0,4338.571428571428,5134.0
3505,2021-02-14,New England,2708.0,3265.0,4141.857142857143,4085.0
3514,2021-02-15,New England,5246.0,2708.0,3975.0,6414.0
3523,2021-02-16,New England,2435.0,5246.0,3825.5714285714284,3481.0
3532,2021-02-17,New England,3195.0,2435.0,3711.1428571428573,3996.0
3541,2021-02-18,New England,3811.0,3195.0,3597.285714285714,4608.0
3550,2021-02-19,New England,3906.0,3811.0,3509.4285714285716,4521.0
3559,2021-02-20,New England,3018.0,3906.0,3474.1428571428573,3265.0
3568,2021-02-21,New England,2309.0,3018.0,3417.1428571428573,2708.0
3577,2021-02-22,New England,4118.0,2309.0,3256.0,5246.0
3586,2021-02-23,New England,3359.0,4118.0,3388.0,2435.0
3595,2021-02-24,New England,4627.0,3359.0,3592.5714285714284,3195.0
3604,2021-02-25,New England,4149.0,4627.0,3640.8571428571427,3811.0
3613,2021-02-26,New England,3837.0,4149.0,3631.0,3906.0
3622,2021-02-27,New England,2776.0,3837.0,3596.4285714285716,3018.0
3631,2021-02-28,New England,2311.0,2776.0,3596.714285714286,2309.0
3640,2021-03-01,New England,4605.0,2311.0,3666.285714285714,4118.0
3649,2021-03-02,New England,1549.0,4605.0,3407.714285714286,3359.0
3658,2021-03-03,New England,3278.0,1549.0,3215.0,4627.0
3667,2021-03-04,New England,3410.0,3278.0,3109.4285714285716,4149.0
3676,2021-03-05,New England,3725.0,3410.0,3093.4285714285716,3837.0
3685,2021-03-06,New England,2718.0,3725.0,3085.1428571428573,2776.0
3694,2021-03-07,New England,2134.0,2718.0,3059.8571428571427,2311.0
3703,2021-03-08,New England,4361.0,2134.0,3025.0,4605.0
3712,2021-03-09,New England,2720.0,4361.0,3192.285714285714,1549.0
3721,2021-03-10,New England,2978.0,2720.0,3149.4285714285716,3278.0
3730,2021-03-11,New England,3686.0,2978.0,3188.8571428571427,3410.0
3739,2021-03-12,New England,3995.0,3686.0,3227.4285714285716,3725.0
3748,2021-03-13,New England,2283.0,3995.0,3165.285714285714,2718.0
3757,2021-03-14,New England,2349.0,2283.0,3196.0,2134.0
3766,2021-03-15,New England,5140.0,2349.0,3307.285714285714,4361.0
3775,2021-03-16,New England,2819.0,5140.0,3321.4285714285716,2720.0
3784,2021-03-17,New England,3077.0,2819.0,3335.5714285714284,2978.0
3793,2021-03-18,New England,4246.0,3077.0,3415.5714285714284,3686.0
3802,2021-03-19,New England,4471.0,4246.0,3483.5714285714284,3995.0
3811,2021-03-20,New England,3080.0,4471.0,3597.4285714285716,2283.0
3820,2021-03-21,New England,2395.0,3080.0,3604.0,2349.0
3829,2021-03-22,New England,5666.0,2395.0,3679.1428571428573,5140.0
3838,2021-03-23,New England,3623.0,5666.0,3794.0,2819.0
3847,2021-03-24,New England,4732.0,3623.0,4030.4285714285716,3077.0
3856,2021-03-25,New England,5304.0,4732.0,4181.571428571428,4246.0
3865,2021-03-26,New England,5816.0,5304.0,4373.714285714285,4471.0
3874,2021-03-27,New England,3276.0,5816.0,4401.714285714285,3080.0
3883,2021-03-28,New England,2651.0,3276.0,4438.285714285715,2395.0
3892,2021-03-29,New England,6048.0,2651.0,4492.857142857143,5666.0
3901,2021-03-30,New England,4717.0,6048.0,4649.142857142857,3623.0
3910,2021-03-31,New England,4774.0,4717.0,4655.142857142857,4732.0
3919,2021-04-01,New England,5753.0,4774.0,4719.285714285715,5304.0
3928,2021-04-02,New England,5439.0,5753.0,4665.428571428572,5816.0
3937,2021-04-03,New England,3320.0,5439.0,4671.714285714285,3276.0
3946,2021-04-04,New England,937.0,3320.0,4426.857142857143,2651.0
3955,2021-04-05,New England,7225.0,937.0,4595.0,6048.0
3964,2021-04-06,New England,4034.0,7225.0,4497.428571428572,4717.0
3973,2021-04-07,New England,4959.0,4034.0,4523.857142857143,4774.0
3982,2021-04-08,New England,4966.0,4959.0,4411.428571428572,5753.0
3991,2021-04-09,New England,5803.0,4966.0,4463.428571428572,5439.0
4000,2021-04-10,New England,3229.0,5803.0,4450.428571428572,3320.0
4009,2021-04-11,New England,2851.0,3229.0,4723.857142857143,937.0
4018,2021-04-12,New England,5277.0,2851.0,4445.571428571428,7225.0
4027,2021-04-13,New England,5437.0,5277.0,4646.0,4034.0
4036,2021-04-14,New England,5355.0,5437.0,4702.571428571428,4959.0
4045,2021-04-15,New England,4611.0,5355.0,4651.857142857143,4966.0
4054,2021-04-16,New England,4783.0,4611.0,4506.142857142857,5803.0
4063,2021-04-17,New England,2817.0,4783.0,4447.285714285715,3229.0
4072,2021-04-18,New England,2207.0,2817.0,4355.285714285715,2851.0
4081,2021-04-19,New England,5026.0,2207.0,4319.428571428572,5277.0
4090,2021-04-20,New England,3008.0,5026.0,3972.4285714285716,5437.0
4099,2021-04-21,New England,3709.0,3008.0,3737.285714285714,5355.0
4108,2021-04-22,New England,3752.0,3709.0,3614.5714285714284,4611.0
4117,2021-04-23,New England,3733.0,3752.0,3464.5714285714284,4783.0
4126,2021-04-24,New England,2310.0,3733.0,3392.1428571428573,2817.0
4135,2021-04-25,New England,1754.0,2310.0,3327.4285714285716,2207.0
4144,2021-04-26,New England,4068.0,1754.0,3190.5714285714284,5026.0
4153,2021-04-27,New England,2383.0,4068.0,3101.285714285714,3008.0
4162,2021-04-28,New England,3126.0,2383.0,3018.0,3709.0
4171,2021-04-29,New England,2803.0,3126.0,2882.4285714285716,3752.0
4180,2021-04-30,New England,3016.0,2803.0,2780.0,3733.0
4189,2021-05-01,New England,2066.0,3016.0,2745.1428571428573,2310.0
4198,2021-05-02,New England,1432.0,2066.0,2699.1428571428573,1754.0
4207,2021-05-03,New England,2764.0,1432.0,2512.8571428571427,4068.0
4216,2021-05-04,New England,2189.0,2764.0,2485.1428571428573,2383.0
4225,2021-05-05,New England,2467.0,2189.0,2391.0,3126.0
4234,2021-05-06,New England,2679.0,2467.0,2373.285714285714,2803.0
4243,2021-05-07,New England,2193.0,2679.0,2255.714285714286,3016.0
4252,2021-05-08,New England,1298.0,2193.0,2146.0,2066.0
4261,2021-05-09,New England,1266.0,1298.0,2122.285714285714,1432.0
4270,2021-05-10,New England,2118.0,1266.0,2030.0,2764.0
4279,2021-05-11,New England,1548.0,2118.0,1938.4285714285713,2189.0
4288,2021-05-12,New England,1609.0,1548.0,1815.857142857143,2467.0
4297,2021-05-13,New England,1750.0,1609.0,1683.142857142857,2679.0
4306,2021-05-14,New England,1447.0,1750.0,1576.5714285714287,2193.0
4315,2021-05-15,New England,1516.0,1447.0,1607.7142857142858,1298.0
4324,2021-05-16,New England,890.0,1516.0,1554.0,1266.0
4333,2021-05-17,New England,1550.0,890.0,1472.857142857143,2118.0
4342,2021-05-18,New England,970.0,1550.0,1390.2857142857142,1548.0
4351,2021-05-19,New England,1063.0,970.0,1312.2857142857142,1609.0
4360,2021-05-20,New England,1392.0,1063.0,1261.142857142857,1750.0
4369,2021-05-21,New England,1215.0,1392.0,1228.0,1447.0
4378,2021-05-22,New England,705.0,1215.0,1112.142857142857,1516.0
4387,2021-05-23,New England,543.0,705.0,1062.5714285714287,890.0
4396,2021-05-24,New England,955.0,543.0,977.5714285714286,1550.0
4405,2021-05-25,New England,620.0,955.0,927.5714285714286,970.0
4414,2021-05-26,New England,825.0,620.0,893.5714285714286,1063.0
4423,2021-05-27,New England,798.0,825.0,808.7142857142857,1392.0
4432,2021-05-28,New England,716.0,798.0,737.4285714285714,1215.0
4441,2021-05-29,New England,390.0,716.0,692.4285714285714,705.0
4450,2021-05-30,New England,285.0,390.0,655.5714285714286,543.0
4459,2021-05-31,New England,53.0,285.0,526.7142857142857,955.0
4468,2021-06-01,New England,593.0,53.0,522.8571428571429,620.0
4477,2021-06-02,New England,393.0,593.0,461.14285714285717,825.0
4486,2021-06-03,New England,532.0,393.0,423.14285714285717,798.0
4495,2021-06-04,New England,519.0,532.0,395.0,716.0
4504,2021-06-05,New England,314.0,519.0,384.14285714285717,390.0
4513,2021-06-06,New England,221.0,314.0,375.0,285.0
4522,2021-06-07,New England,515.0,221.0,441.0,53.0
4531,2021-06-08,New England,304.0,515.0,399.7142857142857,593.0
4540,2021-06-09,New England,408.0,304.0,401.85714285714283,393.0
4549,2021-06-10,New England,334.0,408.0,373.57142857142856,532.0
4558,2021-06-11,New England,260.0,334.0,336.57142857142856,519.0
4567,2021-06-12,New England,179.0,260.0,317.2857142857143,314.0
4576,2021-06-13,New England,89.0,179.0,298.42857142857144,221.0
4585,2021-06-14,New England,332.0,89.0,272.2857142857143,515.0
4594,2021-06-15,New England,240.0,332.0,263.14285714285717,304.0
4603,2021-06-16,New England,212.0,240.0,235.14285714285714,408.0
4612,2021-06-17,New England,240.0,212.0,221.71428571428572,334.0
4621,2021-06-18,New England,238.0,240.0,218.57142857142858,260.0
4630,2021-06-19,New England,132.0,238.0,211.85714285714286,179.0
4639,2021-06-20,New England,73.0,132.0,209.57142857142858,89.0
4648,2021-06-21,New England,287.0,73.0,203.14285714285714,332.0
4657,2021-06-22,New England,134.0,287.0,188.0,240.0
4666,2021-06-23,New England,183.0,134.0,183.85714285714286,212.0
4675,2021-06-24,New England,295.0,183.0,191.71428571428572,240.0
4684,2021-06-25,New England,253.0,295.0,193.85714285714286,238.0
4693,2021-06-26,New England,95.0,253.0,188.57142857142858,132.0
4702,2021-06-27,New England,44.0,95.0,184.42857142857142,73.0
4711,2021-06-28,New England,310.0,44.0,187.71428571428572,287.0
4720,2021-06-29,New England,187.0,310.0,195.28571428571428,134.0
4729,2021-06-30,New England,207.0,187.0,198.71428571428572,183.0
4738,2021-07-01,New England,169.0,207.0,180.71428571428572,295.0
4747,2021-07-02,New England,253.0,169.0,180.71428571428572,253.0
4756,2021-07-03,New England,30.0,253.0,171.42857142857142,95.0
4765,2021-07-04,New England,19.0,30.0,167.85714285714286,44.0
4774,2021-07-05,New England,0.0,19.0,123.57142857142857,310.0
4783,2021-07-06,New England,605.0,0.0,183.28571428571428,187.0
4792,2021-07-07,New England,294.0,605.0,195.71428571428572,207.0
4801,2021-07-08,New England,249.0,294.0,207.14285714285714,169.0
4810,2021-07-09,New England,397.0,249.0,227.71428571428572,253.0
4819,2021-07-10,New England,18.0,397.0,226.0,30.0
4828,2021-07-11,New England,0.0,18.0,223.28571428571428,19.0
4837,2021-07-12,New England,586.0,0.0,307.0,0.0
4846,2021-07-13,New England,616.0,586.0,308.57142857142856,605.0
4855,2021-07-14,New England,501.0,616.0,338.14285714285717,294.0
4864,2021-07-15,New England,568.0,501.0,383.7142857142857,249.0
4873,2021-07-16,New England,610.0,568.0,414.14285714285717,397.0
4882,2021-07-17,New England,56.0,610.0,419.57142857142856,18.0
4891,2021-07-18,New England,0.0,56.0,419.57142857142856,0.0
4900,2021-07-19,New England,1394.0,0.0,535.0,586.0
4909,2021-07-20,New England,958.0,1394.0,583.8571428571429,616.0
4918,2021-07-21,New England,967.0,958.0,650.4285714285714,501.0
4927,2021-07-22,New England,1101.0,967.0,726.5714285714286,568.0
4936,2021-07-23,New England,1057.0,1101.0,790.4285714285714,610.0
4945,2021-07-24,New England,70.0,1057.0,792.4285714285714,56.0
4954,2021-07-25,New England,0.0,70.0,792.4285714285714,0.0
4963,2021-07-26,New England,2317.0,0.0,924.2857142857143,1394.0
4972,2021-07-27,New England,1721.0,2317.0,1033.2857142857142,958.0
4981,2021-07-28,New England,1379.0,1721.0,1092.142857142857,967.0
4990,2021-07-29,New England,1678.0,1379.0,1174.5714285714287,1101.0
4999,2021-07-30,New England,1881.0,1678.0,1292.2857142857142,1057.0
5008,2021-07-31,New England,91.0,1881.0,1295.2857142857142,70.0
5017,2021-08-01,New England,0.0,91.0,1295.2857142857142,0.0
5026,2021-08-02,New England,4279.0,0.0,1575.5714285714287,2317.0
5035,2021-08-03,New England,2343.0,4279.0,1664.4285714285713,1721.0
5044,2021-08-04,New England,2171.0,2343.0,1777.5714285714287,1379.0
5053,2021-08-05,New England,2525.0,2171.0,1898.5714285714287,1678.0
5062,2021-08-06,New England,2638.0,2525.0,2006.7142857142858,1881.0
5071,2021-08-07,New England,165.0,2638.0,2017.2857142857142,91.0
5080,2021-08-08,New England,0.0,165.0,2017.2857142857142,0.0
5089,2021-08-09,New England,4644.0,0.0,2069.4285714285716,4279.0
5098,2021-08-10,New England,2864.0,4644.0,2143.8571428571427,2343.0
5107,2021-08-11,New England,3098.0,2864.0,2276.285714285714,2171.0
5116,2021-08-12,New England,3140.0,3098.0,2364.1428571428573,2525.0
5125,2021-08-13,New England,2855.0,3140.0,2395.1428571428573,2638.0
5134,2021-08-14,New England,188.0,2855.0,2398.4285714285716,165.0
5143,2021-08-15,New England,0.0,188.0,2398.4285714285716,0.0
5152,2021-08-16,New England,5929.0,0.0,2582.0,4644.0
5161,2021-08-17,New England,3683.0,5929.0,2699.0,2864.0
5170,2021-08-18,New England,3121.0,3683.0,2702.285714285714,3098.0
5179,2021-08-19,New England,3071.0,3121.0,2692.4285714285716,3140.0
5188,2021-08-20,New England,2927.0,3071.0,2702.714285714286,2855.0
5197,2021-08-21,New England,205.0,2927.0,2705.1428571428573,188.0
5206,2021-08-22,New England,272.0,205.0,2744.0,0.0
5215,2021-08-23,New England,6404.0,272.0,2811.8571428571427,5929.0
5224,2021-08-24,New England,3662.0,6404.0,2808.8571428571427,3683.0
5233,2021-08-25,New England,3228.0,3662.0,2824.1428571428573,3121.0
5242,2021-08-26,New England,3895.0,3228.0,2941.8571428571427,3071.0
5251,2021-08-27,New England,3573.0,3895.0,3034.1428571428573,2927.0
5260,2021-08-28,New England,602.0,3573.0,3090.8571428571427,205.0
5269,2021-08-29,New England,137.0,602.0,3071.5714285714284,272.0
5278,2021-08-30,New England,7305.0,137.0,3200.285714285714,6404.0
5287,2021-08-31,New England,3916.0,7305.0,3236.5714285714284,3662.0
5296,2021-09-01,New England,4065.0,3916.0,3356.1428571428573,3228.0
5305,2021-09-02,New England,3937.0,4065.0,3362.1428571428573,3895.0
5314,2021-09-03,New England,4150.0,3937.0,3444.5714285714284,3573.0
5323,2021-09-04,New England,672.0,4150.0,3454.5714285714284,602.0
5332,2021-09-05,New England,112.0,672.0,3451.0,137.0
5341,2021-09-06,New England,131.0,112.0,2426.1428571428573,7305.0
5350,2021-09-07,New England,9404.0,131.0,3210.1428571428573,3916.0
5359,2021-09-08,New England,4228.0,9404.0,3233.4285714285716,4065.0
5368,2021-09-09,New England,4699.0,4228.0,3342.285714285714,3937.0
5377,2021-09-10,New England,3878.0,4699.0,3303.4285714285716,4150.0
5386,2021-09-11,New England,780.0,3878.0,3318.8571428571427,672.0
5395,2021-09-12,New England,180.0,780.0,3328.5714285714284,112.0
5404,2021-09-13,New England,8760.0,180.0,4561.285714285715,131.0
5413,2021-09-14,New England,4327.0,8760.0,3836.0,9404.0
5422,2021-09-15,New England,5216.0,4327.0,3977.1428571428573,4228.0
5431,2021-09-16,New England,5138.0,5216.0,4039.8571428571427,4699.0
5440,2021-09-17,New England,5564.0,5138.0,4280.714285714285,3878.0
5449,2021-09-18,New England,792.0,5564.0,4282.428571428572,780.0
5458,2021-09-19,New England,274.0,792.0,4295.857142857143,180.0
5467,2021-09-20,New England,8146.0,274.0,4208.142857142857,8760.0
5476,2021-09-21,New England,3102.0,8146.0,4033.1428571428573,4327.0
5485,2021-09-22,New England,3920.0,3102.0,3848.0,5216.0
5494,2021-09-23,New England,4637.0,3920.0,3776.4285714285716,5138.0
5503,2021-09-24,New England,4497.0,4637.0,3624.0,5564.0
5512,2021-09-25,New England,783.0,4497.0,3622.714285714286,792.0
5521,2021-09-26,New England,241.0,783.0,3618.0,274.0
5530,2021-09-27,New England,8000.0,241.0,3597.1428571428573,8146.0
5539,2021-09-28,New England,3812.0,8000.0,3698.5714285714284,3102.0
5548,2021-09-29,New England,4037.0,3812.0,3715.285714285714,3920.0
5557,2021-09-30,New England,3791.0,4037.0,3594.4285714285716,4637.0
5566,2021-10-01,New England,4150.0,3791.0,3544.8571428571427,4497.0
5575,2021-10-02,New England,970.0,4150.0,3571.5714285714284,783.0
5584,2021-10-03,New England,140.0,970.0,3557.1428571428573,241.0
5593,2021-10-04,New England,6567.0,140.0,3352.4285714285716,8000.0
5602,2021-10-05,New England,3384.0,6567.0,3291.285714285714,3812.0
5611,2021-10-06,New England,3807.0,3384.0,3258.4285714285716,4037.0
5620,2021-10-07,New England,4103.0,3807.0,3303.0,3791.0
5629,2021-10-08,New England,4126.0,4103.0,3299.5714285714284,4150.0
5638,2021-10-09,New England,848.0,4126.0,3282.1428571428573,970.0
5647,2021-10-10,New England,213.0,848.0,3292.5714285714284,140.0
5656,2021-10-11,New England,1755.0,213.0,2605.1428571428573,6567.0
5665,2021-10-12,New England,7633.0,1755.0,3212.1428571428573,3384.0
5674,2021-10-13,New England,4057.0,7633.0,3247.8571428571427,3807.0
5683,2021-10-14,New England,4608.0,4057.0,3320.0,4103.0
5692,2021-10-15,New England,3862.0,4608.0,3282.285714285714,4126.0
5701,2021-10-16,New England,881.0,3862.0,3287.0,848.0
5710,2021-10-17,New England,249.0,881.0,3292.1428571428573,213.0
5719,2021-10-18,New England,6601.0,249.0,3984.4285714285716,1755.0
5728,2021-10-19,New England,4374.0,6601.0,3518.8571428571427,7633.0
5737,2021-10-20,New England,3423.0,4374.0,3428.285714285714,4057.0
5746,2021-10-21,New England,3600.0,3423.0,3284.285714285714,4608.0
5755,2021-10-22,New England,3441.0,3600.0,3224.1428571428573,3862.0
5764,2021-10-23,New England,838.0,3441.0,3218.0,881.0
5773,2021-10-24,New England,270.0,838.0,3221.0,249.0
5782,2021-10-25,New England,5544.0,270.0,3070.0,6601.0
5791,2021-10-26,New England,2879.0,5544.0,2856.4285714285716,4374.0
5800,2021-10-27,New England,2814.0,2879.0,2769.4285714285716,3423.0
5809,2021-10-28,New England,3189.0,2814.0,2710.714285714286,3600.0
5818,2021-10-29,New England,4984.0,3189.0,2931.1428571428573,3441.0
5827,2021-10-30,New England,723.0,4984.0,2914.714285714286,838.0
5836,2021-10-31,New England,268.0,723.0,2914.4285714285716,270.0
5845,2021-11-01,New England,7105.0,268.0,3137.4285714285716,5544.0
5854,2021-11-02,New England,3316.0,7105.0,3199.8571428571427,2879.0
5863,2021-11-03,New England,3653.0,3316.0,3319.714285714286,2814.0
5872,2021-11-04,New England,4458.0,3653.0,3501.0,3189.0
5881,2021-11-05,New England,4161.0,4458.0,3383.4285714285716,4984.0
5890,2021-11-06,New England,962.0,4161.0,3417.5714285714284,723.0
5899,2021-11-07,New England,405.0,962.0,3437.1428571428573,268.0
5908,2021-11-08,New England,8250.0,405.0,3600.714285714286,7105.0
5917,2021-11-09,New England,3685.0,8250.0,3653.4285714285716,3316.0
5926,2021-11-10,New England,4630.0,3685.0,3793.0,3653.0
5935,2021-11-11,New England,1905.0,4630.0,3428.285714285714,4458.0
5944,2021-11-12,New England,7883.0,1905.0,3960.0,4161.0
5953,2021-11-13,New England,1259.0,7883.0,4002.4285714285716,962.0
5962,2021-11-14,New England,311.0,1259.0,3989.0,405.0
5971,2021-11-15,New England,11418.0,311.0,4441.571428571428,8250.0
5980,2021-11-16,New England,5237.0,11418.0,4663.285714285715,3685.0
5989,2021-11-17,New England,6655.0,5237.0,4952.571428571428,4630.0
5998,2021-11-18,New England,7453.0,6655.0,5745.142857142857,1905.0
6007,2021-11-19,New England,6686.0,7453.0,5574.142857142857,7883.0
6016,2021-11-20,New England,1295.0,6686.0,5579.285714285715,1259.0
6025,2021-11-21,New England,480.0,1295.0,5603.428571428572,311.0
6034,2021-11-22,New England,13701.0,480.0,5929.571428571428,11418.0
6043,2021-11-23,New England,6399.0,13701.0,6095.571428571428,5237.0
6052,2021-11-24,New England,7129.0,6399.0,6163.285714285715,6655.0
6061,2021-11-25,New England,548.0,7129.0,5176.857142857143,7453.0
6070,2021-11-26,New England,7198.0,548.0,5250.0,6686.0
6079,2021-11-27,New England,0.0,7198.0,5065.0,1295.0
6088,2021-11-28,New England,0.0,0.0,4996.428571428572,480.0
6097,2021-11-29,New England,17032.0,0.0,5472.285714285715,13701.0
6106,2021-11-30,New England,7381.0,17032.0,5612.571428571428,6399.0
6115,2021-12-01,New England,10147.0,7381.0,6043.714285714285,7129.0
6124,2021-12-02,New England,11128.0,10147.0,7555.142857142857,548.0
6133,2021-12-03,New England,10675.0,11128.0,8051.857142857143,7198.0
6142,2021-12-04,New England,1442.0,10675.0,8257.857142857143,0.0
6151,2021-12-05,New England,694.0,1442.0,8357.0,0.0
6160,2021-12-06,New England,23078.0,694.0,9220.714285714286,17032.0
6169,2021-12-07,New England,9653.0,23078.0,9545.285714285714,7381.0
6178,2021-12-08,New England,10539.0,9653.0,9601.285714285714,10147.0
6187,2021-12-09,New England,13678.0,10539.0,9965.57142857143,11128.0
6196,2021-12-10,New England,14276.0,13678.0,10480.0,10675.0
6205,2021-12-11,New England,1275.0,14276.0,10456.142857142857,1442.0
6214,2021-12-12,New England,532.0,1275.0,10433.0,694.0
6223,2021-12-13,New England,25876.0,532.0,10832.714285714286,23078.0
6232,2021-12-14,New England,11414.0,25876.0,11084.285714285714,9653.0
6241,2021-12-15,New England,12008.0,11414.0,11294.142857142857,10539.0
6250,2021-12-16,New England,13355.0,12008.0,11248.0,13678.0
6259,2021-12-17,New England,12732.0,13355.0,11027.42857142857,14276.0
6268,2021-12-18,New England,1518.0,12732.0,11062.142857142857,1275.0
6277,2021-12-19,New England,449.0,1518.0,11050.285714285714,532.0
6286,2021-12-20,New England,28245.0,449.0,11388.714285714286,25876.0
6295,2021-12-21,New England,15922.0,28245.0,12032.714285714286,11414.0
6304,2021-12-22,New England,17196.0,15922.0,12773.857142857143,12008.0
6313,2021-12-23,New England,17791.0,17196.0,13407.57142857143,13355.0
6322,2021-12-24,New England,12241.0,17791.0,13337.42857142857,12732.0
6331,2021-12-25,New England,0.0,12241.0,13120.57142857143,1518.0
6340,2021-12-26,New England,0.0,0.0,13056.42857142857,449.0
6349,2021-12-27,New England,34408.0,0.0,13936.857142857143,28245.0
6358,2021-12-28,New England,25225.0,34408.0,15265.857142857143,15922.0
6367,2021-12-29,New England,30788.0,25225.0,17207.571428571428,17196.0
6376,2021-12-30,New England,38181.0,30788.0,20120.428571428572,17791.0
6385,2021-12-31,New England,23810.0,38181.0,21773.14285714286,12241.0
6394,2022-01-01,New England,0.0,23810.0,21773.14285714286,0.0
6403,2022-01-02,New England,0.0,0.0,21773.14285714286,0.0
6412,2022-01-03,New England,64629.0,0.0,26090.428571428572,34408.0
6421,2022-01-04,New England,50035.0,64629.0,29634.714285714286,25225.0
6430,2022-01-05,New England,52324.0,50035.0,32711.285714285714,30788.0
6439,2022-01-06,New England,50513.0,52324.0,34473.0,38181.0
6448,2022-01-07,New England,51003.0,50513.0,38357.71428571428,23810.0
6457,2022-01-08,New England,3822.0,51003.0,38903.71428571428,0.0
6466,2022-01-09,New England,252.0,3822.0,38939.71428571428,0.0
6475,2022-01-10,New England,118912.0,252.0,46694.42857142857,64629.0
6484,2022-01-11,New England,37104.0,118912.0,44847.142857142855,50035.0
6493,2022-01-12,New England,47273.0,37104.0,44125.57142857143,52324.0
6502,2022-01-13,New England,44680.0,47273.0,43292.28571428572,50513.0
6511,2022-01-14,New England,35376.0,44680.0,41059.857142857145,51003.0
6520,2022-01-15,New England,3152.0,35376.0,40964.142857142855,3822.0
6529,2022-01-16,New England,2564.0,3152.0,41294.42857142857,252.0
6538,2022-01-17,New England,27435.0,2564.0,28226.285714285714,118912.0
6547,2022-01-18,New England,85653.0,27435.0,35161.857142857145,37104.0
6556,2022-01-19,New England,27838.0,85653.0,32385.428571428572,47273.0
6565,2022-01-20,New England,29465.0,27838.0,30211.85714285714,44680.0
6574,2022-01-21,New England,30890.0,29465.0,29571.0,35376.0
6583,2022-01-22,New England,2786.0,30890.0,29518.714285714286,3152.0
6592,2022-01-23,New England,1116.0,2786.0,29311.85714285714,2564.0
6601,2022-01-24,New England,52831.0,1116.0,32939.857142857145,27435.0
6610,2022-01-25,New England,16951.0,52831.0,23125.285714285714,85653.0
6619,2022-01-26,New England,18681.0,16951.0,21817.14285714286,27838.0
6628,2022-01-27,New England,19966.0,18681.0,20460.14285714286,29465.0
6637,2022-01-28,New England,17439.0,19966.0,18538.571428571428,30890.0
6646,2022-01-29,New England,1756.0,17439.0,18391.428571428572,2786.0
6655,2022-01-30,New England,611.0,1756.0,18319.285714285714,1116.0
6664,2022-01-31,New England,23521.0,611.0,14132.142857142857,52831.0
6673,2022-02-01,New England,7748.0,23521.0,12817.42857142857,16951.0
6682,2022-02-02,New England,11815.0,7748.0,11836.57142857143,18681.0
6691,2022-02-03,New England,12244.0,11815.0,10733.42857142857,19966.0
6700,2022-02-04,New England,10275.0,12244.0,9710.0,17439.0
6709,2022-02-05,New England,1095.0,10275.0,9615.57142857143,1756.0
6718,2022-02-06,New England,0.0,1095.0,9528.285714285714,611.0
6727,2022-02-07,New England,14470.0,0.0,8235.285714285714,23521.0
6736,2022-02-08,New England,6031.0,14470.0,7990.0,7748.0
6745,2022-02-09,New England,7804.0,6031.0,7417.0,11815.0
6754,2022-02-10,New England,7241.0,7804.0,6702.285714285715,12244.0
6763,2022-02-11,New England,7268.0,7241.0,6272.714285714285,10275.0
6772,2022-02-12,New England,1924.0,7268.0,6391.142857142857,1095.0
6781,2022-02-13,New England,0.0,1924.0,6391.142857142857,0.0
6790,2022-02-14,New England,7309.0,0.0,5368.142857142857,14470.0
6799,2022-02-15,New England,17244.0,7309.0,6970.0,6031.0
6808,2022-02-16,New England,8447.0,17244.0,7061.857142857143,7804.0
6817,2022-02-17,New England,8283.0,8447.0,7210.714285714285,7241.0
6826,2022-02-18,New England,9189.0,8283.0,7485.142857142857,7268.0
6835,2022-02-19,New England,4011.0,9189.0,7783.285714285715,1924.0
6844,2022-02-20,New England,4597.0,4011.0,8440.0,0.0
6853,2022-02-21,New England,2293.0,4597.0,7723.428571428572,7309.0
6862,2022-02-22,New England,8167.0,2293.0,6426.714285714285,17244.0
6871,2022-02-23,New England,5561.0,8167.0,6014.428571428572,8447.0
6880,2022-02-24,New England,4860.0,5561.0,5525.428571428572,8283.0
6889,2022-02-25,New England,4283.0,4860.0,4824.571428571428,9189.0
6898,2022-02-26,New England,867.0,4283.0,4375.428571428572,4011.0
6907,2022-02-27,New England,23.0,867.0,3722.0,4597.0
6916,2022-02-28,New England,4107.0,23.0,3981.1428571428573,2293.0
6925,2022-03-01,New England,3088.0,4107.0,3255.5714285714284,8167.0
6934,2022-03-02,New England,3066.0,3088.0,2899.1428571428573,5561.0
6943,2022-03-03,New England,3343.0,3066.0,2682.4285714285716,4860.0
6952,2022-03-04,New England,2997.0,3343.0,2498.714285714286,4283.0
6961,2022-03-05,New England,447.0,2997.0,2438.714285714286,867.0
6970,2022-03-06,New England,0.0,447.0,2435.4285714285716,23.0
6979,2022-03-07,New England,5652.0,0.0,2656.1428571428573,4107.0
6988,2022-03-08,New England,2659.0,5652.0,2594.8571428571427,3088.0
6997,2022-03-09,New England,1796.0,2659.0,2413.4285714285716,3066.0
7006,2022-03-10,New England,1911.0,1796.0,2208.8571428571427,3343.0
7015,2022-03-11,New England,1875.0,1911.0,2048.5714285714284,2997.0
7024,2022-03-12,New England,282.0,1875.0,2025.0,447.0
7033,2022-03-13,New England,0.0,282.0,2025.0,0.0
7042,2022-03-14,New England,3820.0,0.0,1763.2857142857142,5652.0
7051,2022-03-15,New England,1532.0,3820.0,1602.2857142857142,2659.0
7060,2022-03-16,New England,2031.0,1532.0,1635.857142857143,1796.0
7069,2022-03-17,New England,2231.0,2031.0,1681.5714285714287,1911.0
7078,2022-03-18,New England,2003.0,2231.0,1699.857142857143,1875.0
7087,2022-03-19,New England,159.0,2003.0,1682.2857142857142,282.0
7096,2022-03-20,New England,0.0,159.0,1682.2857142857142,0.0
7105,2022-03-21,New England,3523.0,0.0,1639.857142857143,3820.0
7114,2022-03-22,New England,1844.0,3523.0,1684.4285714285713,1532.0
7123,2022-03-23,New England,2384.0,1844.0,1734.857142857143,2031.0
7132,2022-03-24,New England,2416.0,2384.0,1761.2857142857142,2231.0
7141,2022-03-25,New England,2281.0,2416.0,1801.0,2003.0
7150,2022-03-26,New England,188.0,2281.0,1805.142857142857,159.0
7159,2022-03-27,New England,0.0,188.0,1805.142857142857,0.0
7168,2022-03-28,New England,4772.0,0.0,1983.5714285714287,3523.0
7177,2022-03-29,New England,2094.0,4772.0,2019.2857142857142,1844.0
7186,2022-03-30,New England,2713.0,2094.0,2066.285714285714,2384.0
7195,2022-03-31,New England,3179.0,2713.0,2175.285714285714,2416.0
7204,2022-04-01,New England,2901.0,3179.0,2263.8571428571427,2281.0
7213,2022-04-02,New England,212.0,2901.0,2267.285714285714,188.0
7222,2022-04-03,New England,0.0,212.0,2267.285714285714,0.0
7231,2022-04-04,New England,5548.0,0.0,2378.1428571428573,4772.0
7240,2022-04-05,New England,2634.0,5548.0,2455.285714285714,2094.0
7249,2022-04-06,New England,2968.0,2634.0,2491.714285714286,2713.0
7258,2022-04-07,New England,3773.0,2968.0,2576.5714285714284,3179.0
7267,2022-04-08,New England,3589.0,3773.0,2674.8571428571427,2901.0
7276,2022-04-09,New England,236.0,3589.0,2678.285714285714,212.0
7285,2022-04-10,New England,0.0,236.0,2678.285714285714,0.0
7294,2022-04-11,New England,8054.0,0.0,3036.285714285714,5548.0
7303,2022-04-12,New England,3830.0,8054.0,3207.1428571428573,2634.0
7312,2022-04-13,New England,4495.0,3830.0,3425.285714285714,2968.0
7321,2022-04-14,New England,5229.0,4495.0,3633.285714285714,3773.0
7330,2022-04-15,New England,5337.0,5229.0,3883.0,3589.0
7339,2022-04-16,New England,437.0,5337.0,3911.714285714286,236.0
7348,2022-04-17,New England,0.0,437.0,3911.714285714286,0.0
7357,2022-04-18,New England,4341.0,0.0,3381.285714285714,8054.0
7366,2022-04-19,New England,8644.0,4341.0,4069.0,3830.0
7375,2022-04-20,New England,4737.0,8644.0,4103.571428571428,4495.0
7384,2022-04-21,New England,5132.0,4737.0,4089.714285714286,5229.0
7393,2022-04-22,New England,5200.0,5132.0,4070.1428571428573,5337.0
7402,2022-04-23,New England,317.0,5200.0,4053.0,437.0
7411,2022-04-24,New England,0.0,317.0,4053.0,0.0
7420,2022-04-25,New England,10488.0,0.0,4931.142857142857,4341.0
7429,2022-04-26,New England,4969.0,10488.0,4406.142857142857,8644.0
7438,2022-04-27,New England,6553.0,4969.0,4665.571428571428,4737.0
7447,2022-04-28,New England,6874.0,6553.0,4914.428571428572,5132.0
7456,2022-04-29,New England,6633.0,6874.0,5119.142857142857,5200.0
7465,2022-04-30,New England,1018.0,6633.0,5219.285714285715,317.0
7474,2022-05-01,New England,0.0,1018.0,5219.285714285715,0.0
7483,2022-05-02,New England,12711.0,0.0,5536.857142857143,10488.0
7492,2022-05-03,New England,7251.0,12711.0,5862.857142857143,4969.0
7501,2022-05-04,New England,7359.0,7251.0,5978.0,6553.0
7510,2022-05-05,New England,8937.0,7359.0,6272.714285714285,6874.0
7519,2022-05-06,New England,8838.0,8937.0,6587.714285714285,6633.0
7528,2022-05-07,New England,961.0,8838.0,6579.571428571428,1018.0
7537,2022-05-08,New England,0.0,961.0,6579.571428571428,0.0
7546,2022-05-09,New England,18084.0,0.0,7347.142857142857,12711.0
7555,2022-05-10,New England,7751.0,18084.0,7418.571428571428,7251.0
7564,2022-05-11,New England,9571.0,7751.0,7734.571428571428,7359.0
7573,2022-05-12,New England,11738.0,9571.0,8134.714285714285,8937.0
7582,2022-05-13,New England,10511.0,11738.0,8373.714285714286,8838.0
7591,2022-05-14,New England,428.0,10511.0,8297.57142857143,961.0
7600,2022-05-15,New England,0.0,428.0,8297.57142857143,0.0
7609,2022-05-16,New England,27614.0,0.0,9659.0,18084.0
7618,2022-05-17,New England,8242.0,27614.0,9729.142857142857,7751.0
7627,2022-05-18,New England,9522.0,8242.0,9722.142857142857,9571.0
7636,2022-05-19,New England,9966.0,9522.0,9469.0,11738.0
7645,2022-05-20,New England,8753.0,9966.0,9217.857142857143,10511.0
7654,2022-05-21,New England,791.0,8753.0,9269.714285714286,428.0
7663,2022-05-22,New England,0.0,791.0,9269.714285714286,0.0
7672,2022-05-23,New England,15374.0,0.0,7521.142857142857,27614.0
7681,2022-05-24,New England,6112.0,15374.0,7216.857142857143,8242.0
7690,2022-05-25,New England,6929.0,6112.0,6846.428571428572,9522.0
7699,2022-05-26,New England,9012.0,6929.0,6710.142857142857,9966.0
7708,2022-05-27,New England,6377.0,9012.0,6370.714285714285,8753.0
7717,2022-05-28,New England,475.0,6377.0,6325.571428571428,791.0
7726,2022-05-29,New England,0.0,475.0,6325.571428571428,0.0
7735,2022-05-30,New England,0.0,0.0,4129.285714285715,15374.0
7744,2022-05-31,New England,13527.0,0.0,5188.571428571428,6112.0
7753,2022-06-01,New England,5836.0,13527.0,5032.428571428572,6929.0
7762,2022-06-02,New England,4965.0,5836.0,4454.285714285715,9012.0
7771,2022-06-03,New England,5807.0,4965.0,4372.857142857143,6377.0
7780,2022-06-04,New England,315.0,5807.0,4350.0,475.0
7789,2022-06-05,New England,0.0,315.0,4350.0,0.0
7798,2022-06-06,New England,8846.0,0.0,5613.714285714285,0.0
7807,2022-06-07,New England,4368.0,8846.0,4305.285714285715,13527.0
7816,2022-06-08,New England,4699.0,4368.0,4142.857142857143,5836.0
7825,2022-06-09,New England,3948.0,4699.0,3997.5714285714284,4965.0
7834,2022-06-10,New England,4050.0,3948.0,3746.5714285714284,5807.0
7843,2022-06-11,New England,220.0,4050.0,3733.0,315.0
7852,2022-06-12,New England,0.0,220.0,3733.0,0.0
7861,2022-06-13,New England,7029.0,0.0,3473.4285714285716,8846.0
7870,2022-06-14,New England,3754.0,7029.0,3385.714285714286,4368.0
7879,2022-06-15,New England,4210.0,3754.0,3315.8571428571427,4699.0
7888,2022-06-16,New England,3230.0,4210.0,3213.285714285714,3948.0
7897,2022-06-17,New England,3342.0,3230.0,3112.1428571428573,4050.0
7906,2022-06-18,New England,307.0,3342.0,3124.5714285714284,220.0
7915,2022-06-19,New England,0.0,307.0,3124.5714285714284,0.0
7924,2022-06-20,New England,2459.0,0.0,2471.714285714286,7029.0
7933,2022-06-21,New England,5445.0,2459.0,2713.285714285714,3754.0
7942,2022-06-22,New England,3969.0,5445.0,2678.8571428571427,4210.0
7951,2022-06-23,New England,3461.0,3969.0,2711.8571428571427,3230.0
7960,2022-06-24,New England,3427.0,3461.0,2724.0,3342.0
7969,2022-06-25,New England,209.0,3427.0,2710.0,307.0
7978,2022-06-26,New England,0.0,209.0,2710.0,0.0
7987,2022-06-27,New England,6641.0,0.0,3307.4285714285716,2459.0
7996,2022-06-28,New England,3277.0,6641.0,2997.714285714286,5445.0
8005,2022-06-29,New England,3947.0,3277.0,2994.5714285714284,3969.0
8014,2022-06-30,New England,3641.0,3947.0,3020.285714285714,3461.0
8023,2022-07-01,New England,5477.0,3641.0,3313.1428571428573,3427.0
8032,2022-07-02,New England,208.0,5477.0,3313.0,209.0
8041,2022-07-03,New England,0.0,208.0,3313.0,0.0
8050,2022-07-04,New England,1380.0,0.0,2561.4285714285716,6641.0
8059,2022-07-05,New England,6119.0,1380.0,2967.4285714285716,3277.0
8068,2022-07-06,New England,3720.0,6119.0,2935.0,3947.0
8077,2022-07-07,New England,3693.0,3720.0,2942.4285714285716,3641.0
8086,2022-07-08,New England,4095.0,3693.0,2745.0,5477.0
8095,2022-07-09,New England,202.0,4095.0,2744.1428571428573,208.0
8104,2022-07-10,New England,1285.0,202.0,2927.714285714286,0.0
8113,2022-07-11,New England,992.0,1285.0,2872.285714285714,1380.0
8122,2022-07-12,New England,2700.0,992.0,2383.8571428571427,6119.0
8131,2022-07-13,New England,2369.0,2700.0,2190.8571428571427,3720.0
8140,2022-07-14,New England,9588.0,2369.0,3033.0,3693.0
8149,2022-07-15,New England,1492.0,9588.0,2661.1428571428573,4095.0
8158,2022-07-16,New England,218.0,1492.0,2663.4285714285716,202.0
8167,2022-07-17,New England,1288.0,218.0,2663.8571428571427,1285.0
8176,2022-07-18,New England,1608.0,1288.0,2751.8571428571427,992.0
8185,2022-07-19,New England,1917.0,1608.0,2640.0,2700.0
8194,2022-07-20,New England,2207.0,1917.0,2616.8571428571427,2369.0
8203,2022-07-21,New England,13086.0,2207.0,3116.5714285714284,9588.0
8212,2022-07-22,New England,1828.0,13086.0,3164.5714285714284,1492.0
8221,2022-07-23,New England,216.0,1828.0,3164.285714285714,218.0
8230,2022-07-24,New England,1293.0,216.0,3165.0,1288.0
8239,2022-07-25,New England,1097.0,1293.0,3092.0,1608.0
8248,2022-07-26,New England,2773.0,1097.0,3214.285714285714,1917.0
8257,2022-07-27,New England,2681.0,2773.0,3282.0,2207.0
8266,2022-07-28,New England,12931.0,2681.0,3259.8571428571427,13086.0
8275,2022-07-29,New England,1798.0,12931.0,3255.5714285714284,1828.0
8284,2022-07-30,New England,191.0,1798.0,3252.0,216.0
8293,2022-07-31,New England,1239.0,191.0,3244.285714285714,1293.0
8302,2022-08-01,New England,1660.0,1239.0,3324.714285714286,1097.0
8311,2022-08-02,New England,1959.0,1660.0,3208.4285714285716,2773.0
8320,2022-08-03,New England,2351.0,1959.0,3161.285714285714,2681.0
8329,2022-08-04,New England,12408.0,2351.0,3086.5714285714284,12931.0
8338,2022-08-05,New England,1624.0,12408.0,3061.714285714286,1798.0
8347,2022-08-06,New England,206.0,1624.0,3063.8571428571427,191.0
8356,2022-08-07,New England,0.0,206.0,2886.8571428571427,1239.0
8365,2022-08-08,New England,2094.0,0.0,2948.8571428571427,1660.0
8374,2022-08-09,New England,1707.0,2094.0,2912.8571428571427,1959.0
8383,2022-08-10,New England,2039.0,1707.0,2868.285714285714,2351.0
8392,2022-08-11,New England,11965.0,2039.0,2805.0,12408.0
8401,2022-08-12,New England,1328.0,11965.0,2762.714285714286,1624.0
8410,2022-08-13,New England,206.0,1328.0,2762.714285714286,206.0
8419,2022-08-14,New England,0.0,206.0,2762.714285714286,0.0
8428,2022-08-15,New England,1717.0,0.0,2708.8571428571427,2094.0
8437,2022-08-16,New England,1173.0,1717.0,2632.5714285714284,1707.0
8446,2022-08-17,New England,1807.0,1173.0,2599.4285714285716,2039.0
8455,2022-08-18,New England,11681.0,1807.0,2558.8571428571427,11965.0
8464,2022-08-19,New England,1701.0,11681.0,2612.1428571428573,1328.0
8473,2022-08-20,New England,198.0,1701.0,2611.0,206.0
8482,2022-08-21,New England,912.0,198.0,2741.285714285714,0.0
8491,2022-08-22,New England,722.0,912.0,2599.1428571428573,1717.0
8500,2022-08-23,New England,1142.0,722.0,2594.714285714286,1173.0
8509,2022-08-24,New England,2094.0,1142.0,2635.714285714286,1807.0
8518,2022-08-25,New England,11937.0,2094.0,2672.285714285714,11681.0
8527,2022-08-26,New England,1099.0,11937.0,2586.285714285714,1701.0
8536,2022-08-27,New England,299.0,1099.0,2600.714285714286,198.0
8545,2022-08-28,New England,670.0,299.0,2566.1428571428573,912.0
8554,2022-08-29,New England,710.0,670.0,2564.4285714285716,722.0
8563,2022-08-30,New England,1559.0,710.0,2624.0,1142.0
8572,2022-08-31,New England,1649.0,1559.0,2560.4285714285716,2094.0
8581,2022-09-01,New England,11844.0,1649.0,2547.1428571428573,11937.0
8590,2022-09-02,New England,1830.0,11844.0,2651.5714285714284,1099.0
8599,2022-09-03,New England,190.0,1830.0,2636.0,299.0
8608,2022-09-04,New England,0.0,190.0,2540.285714285714,670.0
8617,2022-09-05,New England,1100.0,0.0,2596.0,710.0
8626,2022-09-06,New England,831.0,1100.0,2492.0,1559.0
8635,2022-09-07,New England,1794.0,831.0,2512.714285714286,1649.0
8644,2022-09-08,New England,9938.0,1794.0,2240.4285714285716,11844.0
8653,2022-09-09,New England,1262.0,9938.0,2159.285714285714,1830.0
8662,2022-09-10,New England,257.0,1262.0,2168.8571428571427,190.0
8671,2022-09-11,New England,1199.0,257.0,2340.1428571428573,0.0
8680,2022-09-12,New England,748.0,1199.0,2289.8571428571427,1100.0
8689,2022-09-13,New England,3666.0,748.0,2694.8571428571427,831.0
8698,2022-09-14,New England,2054.0,3666.0,2732.0,1794.0
8707,2022-09-15,New England,11496.0,2054.0,2954.5714285714284,9938.0
