,date,region,new_confirmed,1_day_shift,7_day_avg,3_day_shift,7_day_shift,10_day_shift
5,2020-01-22,Pacific,0.0,,,,,
14,2020-01-23,Pacific,0.0,0.0,,,,
23,2020-01-24,Pacific,0.0,0.0,,,,
32,2020-01-25,Pacific,0.0,0.0,,0.0,,
41,2020-01-26,Pacific,1.0,0.0,,0.0,,
50,2020-01-27,Pacific,0.0,1.0,,0.0,,
59,2020-01-28,Pacific,0.0,0.0,0.14285714285714285,0.0,,
68,2020-01-29,Pacific,0.0,0.0,0.14285714285714285,1.0,0.0,
77,2020-01-30,Pacific,0.0,0.0,0.14285714285714285,0.0,0.0,
86,2020-01-31,Pacific,1.0,0.0,0.2857142857142857,0.0,0.0,
95,2020-02-01,Pacific,0.0,1.0,0.2857142857142857,0.0,0.0,0.0
104,2020-02-02,Pacific,3.0,0.0,0.5714285714285714,0.0,1.0,0.0
113,2020-02-03,Pacific,1.0,3.0,0.7142857142857143,1.0,0.0,0.0
122,2020-02-04,Pacific,0.0,1.0,0.7142857142857143,0.0,0.0,0.0
131,2020-02-05,Pacific,0.0,0.0,0.7142857142857143,3.0,0.0,1.0
140,2020-02-06,Pacific,2.0,0.0,1.0,1.0,0.0,0.0
149,2020-02-07,Pacific,0.0,2.0,0.8571428571428571,0.0,1.0,0.0
158,2020-02-08,Pacific,0.0,0.0,0.8571428571428571,0.0,0.0,0.0
167,2020-02-09,Pacific,0.0,0.0,0.42857142857142855,2.0,3.0,0.0
176,2020-02-10,Pacific,1.0,0.0,0.42857142857142855,0.0,1.0,1.0
185,2020-02-11,Pacific,0.0,1.0,0.42857142857142855,0.0,0.0,0.0
194,2020-02-12,Pacific,0.0,0.0,0.42857142857142855,0.0,0.0,3.0
203,2020-02-13,Pacific,1.0,0.0,0.2857142857142857,1.0,2.0,1.0
212,2020-02-14,Pacific,1.0,1.0,0.42857142857142855,0.0,0.0,0.0
221,2020-02-15,Pacific,0.0,1.0,0.42857142857142855,0.0,0.0,0.0
230,2020-02-16,Pacific,0.0,0.0,0.42857142857142855,1.0,0.0,2.0
239,2020-02-17,Pacific,0.0,0.0,0.2857142857142857,1.0,1.0,0.0
248,2020-02-18,Pacific,0.0,0.0,0.2857142857142857,0.0,0.0,0.0
257,2020-02-19,Pacific,0.0,0.0,0.2857142857142857,0.0,0.0,0.0
266,2020-02-20,Pacific,1.0,0.0,0.2857142857142857,0.0,1.0,1.0
275,2020-02-21,Pacific,1.0,1.0,0.2857142857142857,0.0,1.0,0.0
284,2020-02-22,Pacific,0.0,1.0,0.2857142857142857,0.0,0.0,0.0
293,2020-02-23,Pacific,1.0,0.0,0.42857142857142855,1.0,0.0,1.0
302,2020-02-24,Pacific,3.0,1.0,0.8571428571428571,1.0,0.0,1.0
311,2020-02-25,Pacific,1.0,3.0,1.0,0.0,0.0,0.0
320,2020-02-26,Pacific,17.0,1.0,3.4285714285714284,1.0,0.0,0.0
329,2020-02-27,Pacific,1.0,17.0,3.4285714285714284,3.0,1.0,0.0
338,2020-02-28,Pacific,3.0,1.0,3.7142857142857144,1.0,1.0,0.0
347,2020-02-29,Pacific,4.0,3.0,4.285714285714286,17.0,0.0,0.0
356,2020-03-01,Pacific,14.0,4.0,6.142857142857143,1.0,1.0,1.0
365,2020-03-02,Pacific,22.0,14.0,8.857142857142858,3.0,3.0,1.0
374,2020-03-03,Pacific,23.0,22.0,12.0,4.0,1.0,0.0
383,2020-03-04,Pacific,34.0,23.0,14.428571428571429,14.0,17.0,1.0
392,2020-03-05,Pacific,27.0,34.0,18.142857142857142,22.0,1.0,3.0
401,2020-03-06,Pacific,45.0,27.0,24.142857142857142,23.0,3.0,1.0
410,2020-03-07,Pacific,61.0,45.0,32.285714285714285,34.0,4.0,17.0
419,2020-03-08,Pacific,61.0,61.0,39.0,27.0,14.0,1.0
428,2020-03-09,Pacific,72.0,61.0,46.142857142857146,45.0,22.0,3.0
437,2020-03-10,Pacific,80.0,72.0,54.285714285714285,61.0,23.0,4.0
446,2020-03-11,Pacific,87.0,80.0,61.857142857142854,61.0,34.0,14.0
455,2020-03-12,Pacific,159.0,87.0,80.71428571428571,72.0,27.0,22.0
464,2020-03-13,Pacific,133.0,159.0,93.28571428571429,80.0,45.0,23.0
473,2020-03-14,Pacific,240.0,133.0,118.85714285714286,87.0,61.0,34.0
482,2020-03-15,Pacific,255.0,240.0,146.57142857142858,159.0,61.0,27.0
491,2020-03-16,Pacific,212.0,255.0,166.57142857142858,133.0,72.0,45.0
500,2020-03-17,Pacific,267.0,212.0,193.28571428571428,240.0,80.0,61.0
509,2020-03-18,Pacific,443.0,267.0,244.14285714285714,255.0,87.0,61.0
518,2020-03-19,Pacific,614.0,443.0,309.14285714285717,212.0,159.0,72.0
527,2020-03-20,Pacific,453.0,614.0,354.85714285714283,267.0,133.0,80.0
536,2020-03-21,Pacific,597.0,453.0,405.85714285714283,443.0,240.0,87.0
545,2020-03-22,Pacific,585.0,597.0,453.0,614.0,255.0,159.0
554,2020-03-23,Pacific,453.0,585.0,487.42857142857144,453.0,212.0,133.0
563,2020-03-24,Pacific,619.0,453.0,537.7142857142857,597.0,267.0,240.0
572,2020-03-25,Pacific,761.0,619.0,583.1428571428571,585.0,443.0,255.0
581,2020-03-26,Pacific,1105.0,761.0,653.2857142857143,453.0,614.0,212.0
590,2020-03-27,Pacific,1460.0,1105.0,797.1428571428571,619.0,453.0,267.0
599,2020-03-28,Pacific,1319.0,1460.0,900.2857142857143,761.0,597.0,443.0
608,2020-03-29,Pacific,1631.0,1319.0,1049.7142857142858,1105.0,585.0,614.0
617,2020-03-30,Pacific,1129.0,1631.0,1146.2857142857142,1460.0,453.0,453.0
626,2020-03-31,Pacific,1376.0,1129.0,1254.4285714285713,1319.0,619.0,597.0
635,2020-04-01,Pacific,1337.0,1376.0,1336.7142857142858,1631.0,761.0,585.0
644,2020-04-02,Pacific,1605.0,1337.0,1408.142857142857,1129.0,1105.0,453.0
653,2020-04-03,Pacific,2090.0,1605.0,1498.142857142857,1376.0,1460.0,619.0
662,2020-04-04,Pacific,1845.0,2090.0,1573.2857142857142,1337.0,1319.0,761.0
671,2020-04-05,Pacific,1966.0,1845.0,1621.142857142857,1605.0,1631.0,1105.0
680,2020-04-06,Pacific,1216.0,1966.0,1633.5714285714287,2090.0,1129.0,1460.0
689,2020-04-07,Pacific,1793.0,1216.0,1693.142857142857,1845.0,1376.0,1319.0
698,2020-04-08,Pacific,1568.0,1793.0,1726.142857142857,1966.0,1337.0,1631.0
707,2020-04-09,Pacific,1859.0,1568.0,1762.4285714285713,1216.0,1605.0,1129.0
716,2020-04-10,Pacific,1609.0,1859.0,1693.7142857142858,1793.0,2090.0,1376.0
725,2020-04-11,Pacific,1594.0,1609.0,1657.857142857143,1568.0,1845.0,1337.0
734,2020-04-12,Pacific,1590.0,1594.0,1604.142857142857,1859.0,1966.0,1605.0
743,2020-04-13,Pacific,810.0,1590.0,1546.142857142857,1609.0,1216.0,2090.0
752,2020-04-14,Pacific,1150.0,810.0,1454.2857142857142,1594.0,1793.0,1845.0
761,2020-04-15,Pacific,1526.0,1150.0,1448.2857142857142,1590.0,1568.0,1966.0
770,2020-04-16,Pacific,2112.0,1526.0,1484.4285714285713,810.0,1859.0,1216.0
779,2020-04-17,Pacific,1764.0,2112.0,1506.5714285714287,1150.0,1609.0,1793.0
788,2020-04-18,Pacific,1810.0,1764.0,1537.4285714285713,1526.0,1594.0,1568.0
797,2020-04-19,Pacific,1799.0,1810.0,1567.2857142857142,2112.0,1590.0,1859.0
806,2020-04-20,Pacific,901.0,1799.0,1580.2857142857142,1764.0,810.0,1609.0
815,2020-04-21,Pacific,2435.0,901.0,1763.857142857143,1810.0,1150.0,1594.0
824,2020-04-22,Pacific,2519.0,2435.0,1905.7142857142858,1799.0,1526.0,1590.0
833,2020-04-23,Pacific,2306.0,2519.0,1933.4285714285713,901.0,2112.0,810.0
842,2020-04-24,Pacific,2241.0,2306.0,2001.5714285714287,2435.0,1764.0,1150.0
851,2020-04-25,Pacific,2215.0,2241.0,2059.4285714285716,2519.0,1810.0,1526.0
860,2020-04-26,Pacific,1460.0,2215.0,2011.0,2306.0,1799.0,2112.0
869,2020-04-27,Pacific,1533.0,1460.0,2101.285714285714,2241.0,901.0,1764.0
878,2020-04-28,Pacific,1729.0,1533.0,2000.4285714285713,2215.0,2435.0,1810.0
887,2020-04-29,Pacific,1872.0,1729.0,1908.0,1460.0,2519.0,1799.0
896,2020-04-30,Pacific,2786.0,1872.0,1976.5714285714287,1533.0,2306.0,901.0
905,2020-05-01,Pacific,1923.0,2786.0,1931.142857142857,1729.0,2241.0,2435.0
914,2020-05-02,Pacific,2075.0,1923.0,1911.142857142857,1872.0,2215.0,2519.0
923,2020-05-03,Pacific,1796.0,2075.0,1959.142857142857,2786.0,1460.0,2306.0
932,2020-05-04,Pacific,1480.0,1796.0,1951.5714285714287,1923.0,1533.0,2241.0
941,2020-05-05,Pacific,1441.0,1480.0,1910.4285714285713,2075.0,1729.0,2215.0
950,2020-05-06,Pacific,3077.0,1441.0,2082.5714285714284,1796.0,1872.0,1460.0
959,2020-05-07,Pacific,2139.0,3077.0,1990.142857142857,1480.0,2786.0,1533.0
968,2020-05-08,Pacific,2264.0,2139.0,2038.857142857143,1441.0,1923.0,1729.0
977,2020-05-09,Pacific,2395.0,2264.0,2084.5714285714284,3077.0,2075.0,1872.0
986,2020-05-10,Pacific,2469.0,2395.0,2180.714285714286,2139.0,1796.0,2786.0
995,2020-05-11,Pacific,1456.0,2469.0,2177.285714285714,2264.0,1480.0,1923.0
1004,2020-05-12,Pacific,1565.0,1456.0,2195.0,2395.0,1441.0,2075.0
1013,2020-05-13,Pacific,2059.0,1565.0,2049.5714285714284,2469.0,3077.0,1796.0
1022,2020-05-14,Pacific,2408.0,2059.0,2088.0,1456.0,2139.0,1480.0
1031,2020-05-15,Pacific,2150.0,2408.0,2071.714285714286,1565.0,2264.0,1441.0
1040,2020-05-16,Pacific,2195.0,2150.0,2043.142857142857,2059.0,2395.0,3077.0
1049,2020-05-17,Pacific,2403.0,2195.0,2033.7142857142858,2408.0,2469.0,2139.0
1058,2020-05-18,Pacific,1721.0,2403.0,2071.5714285714284,2150.0,1456.0,2264.0
1067,2020-05-19,Pacific,1496.0,1721.0,2061.714285714286,2195.0,1565.0,2395.0
1076,2020-05-20,Pacific,2621.0,1496.0,2142.0,2403.0,2059.0,2469.0
1085,2020-05-21,Pacific,2518.0,2621.0,2157.714285714286,1721.0,2408.0,1456.0
1094,2020-05-22,Pacific,2539.0,2518.0,2213.285714285714,1496.0,2150.0,1565.0
1103,2020-05-23,Pacific,2526.0,2539.0,2260.5714285714284,2621.0,2195.0,2059.0
1112,2020-05-24,Pacific,2418.0,2526.0,2262.714285714286,2518.0,2403.0,2408.0
1121,2020-05-25,Pacific,2040.0,2418.0,2308.285714285714,2539.0,1721.0,2150.0
1130,2020-05-26,Pacific,2300.0,2040.0,2423.1428571428573,2526.0,1496.0,2195.0
1139,2020-05-27,Pacific,2427.0,2300.0,2395.4285714285716,2418.0,2621.0,2403.0
1148,2020-05-28,Pacific,3194.0,2427.0,2492.0,2040.0,2518.0,1721.0
1157,2020-05-29,Pacific,2594.0,3194.0,2499.8571428571427,2300.0,2539.0,1496.0
1166,2020-05-30,Pacific,3369.0,2594.0,2620.285714285714,2427.0,2526.0,2621.0
1175,2020-05-31,Pacific,4112.0,3369.0,2862.285714285714,3194.0,2418.0,2518.0
1184,2020-06-01,Pacific,2651.0,4112.0,2949.5714285714284,2594.0,2040.0,2539.0
1193,2020-06-02,Pacific,2481.0,2651.0,2975.4285714285716,3369.0,2300.0,2526.0
1202,2020-06-03,Pacific,2831.0,2481.0,3033.1428571428573,4112.0,2427.0,2418.0
1211,2020-06-04,Pacific,2612.0,2831.0,2950.0,2651.0,3194.0,2040.0
1220,2020-06-05,Pacific,3565.0,2612.0,3088.714285714286,2481.0,2594.0,2300.0
1229,2020-06-06,Pacific,3555.0,3565.0,3115.285714285714,2831.0,3369.0,2427.0
1238,2020-06-07,Pacific,3308.0,3555.0,3000.4285714285716,2612.0,4112.0,3194.0
1247,2020-06-08,Pacific,2829.0,3308.0,3025.8571428571427,3565.0,2651.0,2594.0
1256,2020-06-09,Pacific,2415.0,2829.0,3016.4285714285716,3555.0,2481.0,3369.0
1265,2020-06-10,Pacific,3302.0,2415.0,3083.714285714286,3308.0,2831.0,4112.0
1274,2020-06-11,Pacific,3588.0,3302.0,3223.1428571428573,2829.0,2612.0,2651.0
1283,2020-06-12,Pacific,3283.0,3588.0,3182.8571428571427,2415.0,3565.0,2481.0
1292,2020-06-13,Pacific,4223.0,3283.0,3278.285714285714,3302.0,3555.0,2831.0
1301,2020-06-14,Pacific,3780.0,4223.0,3345.714285714286,3588.0,3308.0,2612.0
1310,2020-06-15,Pacific,2909.0,3780.0,3357.1428571428573,3283.0,2829.0,3565.0
1319,2020-06-16,Pacific,2456.0,2909.0,3363.0,4223.0,2415.0,3555.0
1328,2020-06-17,Pacific,4269.0,2456.0,3501.1428571428573,3780.0,3302.0,3308.0
1337,2020-06-18,Pacific,4718.0,4269.0,3662.5714285714284,2909.0,3588.0,2829.0
1346,2020-06-19,Pacific,4964.0,4718.0,3902.714285714286,2456.0,3283.0,2415.0
1355,2020-06-20,Pacific,4679.0,4964.0,3967.8571428571427,4269.0,4223.0,3302.0
1364,2020-06-21,Pacific,5234.0,4679.0,4175.571428571428,4718.0,3780.0,3588.0
1373,2020-06-22,Pacific,4759.0,5234.0,4439.857142857143,4964.0,2909.0,3283.0
1382,2020-06-23,Pacific,5372.0,4759.0,4856.428571428572,4679.0,2456.0,4223.0
1391,2020-06-24,Pacific,8091.0,5372.0,5402.428571428572,5234.0,4269.0,3780.0
1400,2020-06-25,Pacific,6173.0,8091.0,5610.285714285715,4759.0,4718.0,2909.0
1409,2020-06-26,Pacific,5724.0,6173.0,5718.857142857143,5372.0,4964.0,2456.0
1418,2020-06-27,Pacific,6928.0,5724.0,6040.142857142857,8091.0,4679.0,4269.0
1427,2020-06-28,Pacific,5739.0,6928.0,6112.285714285715,6173.0,5234.0,4718.0
1436,2020-06-29,Pacific,8812.0,5739.0,6691.285714285715,5724.0,4759.0,4964.0
1445,2020-06-30,Pacific,9929.0,8812.0,7342.285714285715,6928.0,5372.0,4679.0
1454,2020-07-01,Pacific,8622.0,9929.0,7418.142857142857,5739.0,8091.0,5234.0
1463,2020-07-02,Pacific,7657.0,8622.0,7630.142857142857,8812.0,6173.0,4759.0
1472,2020-07-03,Pacific,7004.0,7657.0,7813.0,9929.0,5724.0,5372.0
1481,2020-07-04,Pacific,10439.0,7004.0,8314.57142857143,8622.0,6928.0,8091.0
1490,2020-07-05,Pacific,9395.0,10439.0,8836.857142857143,7657.0,5739.0,6173.0
1499,2020-07-06,Pacific,6282.0,9395.0,8475.42857142857,7004.0,8812.0,5724.0
1508,2020-07-07,Pacific,6603.0,6282.0,8000.285714285715,10439.0,9929.0,6928.0
1517,2020-07-08,Pacific,12977.0,6603.0,8622.42857142857,9395.0,8622.0,5739.0
1526,2020-07-09,Pacific,8378.0,12977.0,8725.42857142857,6282.0,7657.0,8812.0
1535,2020-07-10,Pacific,9240.0,8378.0,9044.857142857143,6603.0,7004.0,9929.0
1544,2020-07-11,Pacific,9299.0,9240.0,8882.0,12977.0,10439.0,8622.0
1553,2020-07-12,Pacific,9808.0,9299.0,8941.0,8378.0,9395.0,7657.0
1562,2020-07-13,Pacific,9282.0,9808.0,9369.57142857143,9240.0,6282.0,7004.0
1571,2020-07-14,Pacific,8032.0,9282.0,9573.714285714286,9299.0,6603.0,10439.0
1580,2020-07-15,Pacific,12670.0,8032.0,9529.857142857143,9808.0,12977.0,9395.0
1589,2020-07-16,Pacific,9859.0,12670.0,9741.42857142857,9282.0,8378.0,6282.0
1598,2020-07-17,Pacific,11495.0,9859.0,10063.57142857143,8032.0,9240.0,6603.0
1607,2020-07-18,Pacific,10459.0,11495.0,10229.285714285714,12670.0,9299.0,12977.0
1616,2020-07-19,Pacific,10677.0,10459.0,10353.42857142857,9859.0,9808.0,8378.0
1625,2020-07-20,Pacific,7928.0,10677.0,10160.0,11495.0,9282.0,9240.0
1634,2020-07-21,Pacific,9948.0,7928.0,10433.714285714286,10459.0,8032.0,9299.0
1643,2020-07-22,Pacific,14188.0,9948.0,10650.57142857143,10677.0,12670.0,9808.0
1652,2020-07-23,Pacific,13463.0,14188.0,11165.42857142857,7928.0,9859.0,9282.0
1661,2020-07-24,Pacific,11208.0,13463.0,11124.42857142857,9948.0,11495.0,8032.0
1670,2020-07-25,Pacific,11608.0,11208.0,11288.57142857143,14188.0,10459.0,12670.0
1679,2020-07-26,Pacific,9622.0,11608.0,11137.857142857143,13463.0,10677.0,9859.0
1688,2020-07-27,Pacific,7804.0,9622.0,11120.142857142857,11208.0,7928.0,11495.0
1697,2020-07-28,Pacific,6763.0,7804.0,10665.142857142857,11608.0,9948.0,10459.0
1706,2020-07-29,Pacific,10214.0,6763.0,10097.42857142857,9622.0,14188.0,10677.0
1715,2020-07-30,Pacific,11676.0,10214.0,9842.142857142857,7804.0,13463.0,7928.0
1724,2020-07-31,Pacific,9663.0,11676.0,9621.42857142857,6763.0,11208.0,9948.0
1733,2020-08-01,Pacific,7911.0,9663.0,9093.285714285714,10214.0,11608.0,14188.0
1742,2020-08-02,Pacific,10213.0,7911.0,9177.714285714286,11676.0,9622.0,13463.0
1751,2020-08-03,Pacific,6540.0,10213.0,8997.142857142857,9663.0,7804.0,11208.0
1760,2020-08-04,Pacific,5294.0,6540.0,8787.285714285714,7911.0,6763.0,11608.0
1769,2020-08-05,Pacific,6682.0,5294.0,8282.714285714286,10213.0,10214.0,9622.0
1778,2020-08-06,Pacific,6637.0,6682.0,7562.857142857143,6540.0,11676.0,7804.0
1787,2020-08-07,Pacific,9680.0,6637.0,7565.285714285715,5294.0,9663.0,6763.0
1796,2020-08-08,Pacific,8813.0,9680.0,7694.142857142857,6682.0,7911.0,10214.0
1805,2020-08-09,Pacific,9720.0,8813.0,7623.714285714285,6637.0,10213.0,11676.0
1814,2020-08-10,Pacific,8578.0,9720.0,7914.857142857143,9680.0,6540.0,9663.0
1823,2020-08-11,Pacific,13130.0,8578.0,9034.285714285714,8813.0,5294.0,7911.0
1832,2020-08-12,Pacific,13156.0,13130.0,9959.142857142857,9720.0,6682.0,10213.0
1841,2020-08-13,Pacific,8512.0,13156.0,10227.0,8578.0,6637.0,6540.0
1850,2020-08-14,Pacific,8928.0,8512.0,10119.57142857143,13130.0,9680.0,5294.0
1859,2020-08-15,Pacific,13888.0,8928.0,10844.57142857143,13156.0,8813.0,6682.0
1868,2020-08-16,Pacific,9283.0,13888.0,10782.142857142857,8512.0,9720.0,6637.0
1877,2020-08-17,Pacific,7355.0,9283.0,10607.42857142857,8928.0,8578.0,9680.0
1886,2020-08-18,Pacific,5235.0,7355.0,9479.57142857143,13888.0,13130.0,8813.0
1895,2020-08-19,Pacific,7536.0,5235.0,8676.714285714286,9283.0,13156.0,9720.0
1904,2020-08-20,Pacific,7042.0,7536.0,8466.714285714286,7355.0,8512.0,8578.0
1913,2020-08-21,Pacific,6596.0,7042.0,8133.571428571428,5235.0,8928.0,13130.0
1922,2020-08-22,Pacific,7615.0,6596.0,7237.428571428572,7536.0,13888.0,13156.0
1931,2020-08-23,Pacific,7973.0,7615.0,7050.285714285715,7042.0,9283.0,8512.0
1940,2020-08-24,Pacific,5724.0,7973.0,6817.285714285715,6596.0,7355.0,8928.0
1949,2020-08-25,Pacific,5351.0,5724.0,6833.857142857143,7615.0,5235.0,13888.0
1958,2020-08-26,Pacific,6957.0,5351.0,6751.142857142857,7973.0,7536.0,9283.0
1967,2020-08-27,Pacific,5611.0,6957.0,6546.714285714285,5724.0,7042.0,7355.0
1976,2020-08-28,Pacific,6516.0,5611.0,6535.285714285715,5351.0,6596.0,5235.0
1985,2020-08-29,Pacific,6114.0,6516.0,6320.857142857143,6957.0,7615.0,7536.0
1994,2020-08-30,Pacific,7153.0,6114.0,6203.714285714285,5611.0,7973.0,7042.0
2003,2020-08-31,Pacific,4997.0,7153.0,6099.857142857143,6516.0,5724.0,6596.0
2012,2020-09-01,Pacific,4231.0,4997.0,5939.857142857143,6114.0,5351.0,7615.0
2021,2020-09-02,Pacific,5351.0,4231.0,5710.428571428572,7153.0,6957.0,7973.0
2030,2020-09-03,Pacific,6260.0,5351.0,5803.142857142857,4997.0,5611.0,5724.0
2039,2020-09-04,Pacific,6193.0,6260.0,5757.0,4231.0,6516.0,5351.0
2048,2020-09-05,Pacific,6113.0,6193.0,5756.857142857143,5351.0,6114.0,6957.0
2057,2020-09-06,Pacific,5921.0,6113.0,5580.857142857143,6260.0,7153.0,5611.0
2066,2020-09-07,Pacific,3779.0,5921.0,5406.857142857143,6193.0,4997.0,6516.0
2075,2020-09-08,Pacific,3154.0,3779.0,5253.0,6113.0,4231.0,6114.0
2084,2020-09-09,Pacific,2311.0,3154.0,4818.714285714285,5921.0,5351.0,7153.0
2093,2020-09-10,Pacific,4205.0,2311.0,4525.142857142857,3779.0,6260.0,4997.0
2102,2020-09-11,Pacific,4317.0,4205.0,4257.142857142857,3154.0,6193.0,4231.0
2111,2020-09-12,Pacific,5025.0,4317.0,4101.714285714285,2311.0,6113.0,5351.0
2120,2020-09-13,Pacific,5597.0,5025.0,4055.4285714285716,4205.0,5921.0,6260.0
2129,2020-09-14,Pacific,3430.0,5597.0,4005.5714285714284,4317.0,3779.0,6193.0
2138,2020-09-15,Pacific,2649.0,3430.0,3933.4285714285716,5025.0,3154.0,6113.0
2147,2020-09-16,Pacific,3812.0,2649.0,4147.857142857143,5597.0,2311.0,5921.0
2156,2020-09-17,Pacific,4117.0,3812.0,4135.285714285715,3430.0,4205.0,3779.0
2165,2020-09-18,Pacific,4353.0,4117.0,4140.428571428572,2649.0,4317.0,3154.0
2174,2020-09-19,Pacific,5519.0,4353.0,4211.0,3812.0,5025.0,2311.0
2183,2020-09-20,Pacific,5236.0,5519.0,4159.428571428572,4117.0,5597.0,4205.0
2192,2020-09-21,Pacific,3953.0,5236.0,4234.142857142857,4353.0,3430.0,4317.0
2201,2020-09-22,Pacific,3152.0,3953.0,4306.0,5519.0,2649.0,5025.0
2210,2020-09-23,Pacific,4327.0,3152.0,4379.571428571428,5236.0,3812.0,5597.0
2219,2020-09-24,Pacific,4252.0,4327.0,4398.857142857143,3953.0,4117.0,3430.0
2228,2020-09-25,Pacific,4566.0,4252.0,4429.285714285715,3152.0,4353.0,2649.0
2237,2020-09-26,Pacific,5476.0,4566.0,4423.142857142857,4327.0,5519.0,3812.0
2246,2020-09-27,Pacific,5099.0,5476.0,4403.571428571428,4252.0,5236.0,4117.0
2255,2020-09-28,Pacific,3744.0,5099.0,4373.714285714285,4566.0,3953.0,4353.0
2264,2020-09-29,Pacific,2726.0,3744.0,4312.857142857143,5476.0,3152.0,5519.0
2273,2020-09-30,Pacific,4500.0,2726.0,4337.571428571428,5099.0,4327.0,5236.0
2282,2020-10-01,Pacific,4174.0,4500.0,4326.428571428572,3744.0,4252.0,3953.0
2291,2020-10-02,Pacific,4810.0,4174.0,4361.285714285715,2726.0,4566.0,3152.0
2300,2020-10-03,Pacific,3272.0,4810.0,4046.4285714285716,4500.0,5476.0,4327.0
2309,2020-10-04,Pacific,5597.0,3272.0,4117.571428571428,4174.0,5099.0,4252.0
2318,2020-10-05,Pacific,3933.0,5597.0,4144.571428571428,4810.0,3744.0,4566.0
2327,2020-10-06,Pacific,2380.0,3933.0,4095.1428571428573,3272.0,2726.0,5476.0
2336,2020-10-07,Pacific,4178.0,2380.0,4049.1428571428573,5597.0,4500.0,5099.0
2345,2020-10-08,Pacific,4889.0,4178.0,4151.285714285715,3933.0,4174.0,3744.0
2354,2020-10-09,Pacific,5345.0,4889.0,4227.714285714285,2380.0,4810.0,2726.0
2363,2020-10-10,Pacific,5721.0,5345.0,4577.571428571428,4178.0,3272.0,4500.0
2372,2020-10-11,Pacific,5174.0,5721.0,4517.142857142857,4889.0,5597.0,4174.0
2381,2020-10-12,Pacific,4418.0,5174.0,4586.428571428572,5345.0,3933.0,4810.0
2390,2020-10-13,Pacific,3034.0,4418.0,4679.857142857143,5721.0,2380.0,3272.0
2399,2020-10-14,Pacific,4072.0,3034.0,4664.714285714285,5174.0,4178.0,5597.0
2408,2020-10-15,Pacific,4797.0,4072.0,4651.571428571428,4418.0,4889.0,3933.0
2417,2020-10-16,Pacific,4511.0,4797.0,4532.428571428572,3034.0,5345.0,2380.0
2426,2020-10-17,Pacific,4455.0,4511.0,4351.571428571428,4072.0,5721.0,4178.0
2435,2020-10-18,Pacific,4204.0,4455.0,4213.0,4797.0,5174.0,4889.0
2444,2020-10-19,Pacific,4413.0,4204.0,4212.285714285715,4511.0,4418.0,5345.0
2453,2020-10-20,Pacific,4107.0,4413.0,4365.571428571428,4455.0,3034.0,5721.0
2462,2020-10-21,Pacific,5289.0,4107.0,4539.428571428572,4204.0,4072.0,5174.0
2471,2020-10-22,Pacific,4490.0,5289.0,4495.571428571428,4413.0,4797.0,4418.0
2480,2020-10-23,Pacific,7752.0,4490.0,4958.571428571428,4107.0,4511.0,3034.0
2489,2020-10-24,Pacific,7988.0,7752.0,5463.285714285715,5289.0,4455.0,4072.0
2498,2020-10-25,Pacific,6884.0,7988.0,5846.142857142857,4490.0,4204.0,4797.0
2507,2020-10-26,Pacific,4440.0,6884.0,5850.0,7752.0,4413.0,4511.0
2516,2020-10-27,Pacific,4292.0,4440.0,5876.428571428572,7988.0,4107.0,4455.0
2525,2020-10-28,Pacific,6454.0,4292.0,6042.857142857143,6884.0,5289.0,4204.0
2534,2020-10-29,Pacific,6145.0,6454.0,6279.285714285715,4440.0,4490.0,4413.0
2543,2020-10-30,Pacific,6224.0,6145.0,6061.0,4292.0,7752.0,4107.0
2552,2020-10-31,Pacific,7385.0,6224.0,5974.857142857143,6454.0,7988.0,5289.0
2561,2020-11-01,Pacific,6628.0,7385.0,5938.285714285715,6145.0,6884.0,4490.0
2570,2020-11-02,Pacific,5877.0,6628.0,6143.571428571428,6224.0,4440.0,7752.0
2579,2020-11-03,Pacific,5635.0,5877.0,6335.428571428572,7385.0,4292.0,7988.0
2588,2020-11-04,Pacific,7940.0,5635.0,6547.714285714285,6628.0,6454.0,6884.0
2597,2020-11-05,Pacific,7416.0,7940.0,6729.285714285715,5877.0,6145.0,4440.0
2606,2020-11-06,Pacific,9886.0,7416.0,7252.428571428572,5635.0,6224.0,4292.0
2615,2020-11-07,Pacific,9403.0,9886.0,7540.714285714285,7940.0,7385.0,6454.0
2624,2020-11-08,Pacific,11177.0,9403.0,8190.571428571428,7416.0,6628.0,6145.0
2633,2020-11-09,Pacific,10158.0,11177.0,8802.142857142857,9886.0,5877.0,6224.0
2642,2020-11-10,Pacific,7404.0,10158.0,9054.857142857143,9403.0,5635.0,7385.0
2651,2020-11-11,Pacific,11483.0,7404.0,9561.0,11177.0,7940.0,6628.0
2660,2020-11-12,Pacific,10904.0,11483.0,10059.285714285714,10158.0,7416.0,5877.0
2669,2020-11-13,Pacific,11017.0,10904.0,10220.857142857143,7404.0,9886.0,5635.0
2678,2020-11-14,Pacific,14587.0,11017.0,10961.42857142857,11483.0,9403.0,7940.0
2687,2020-11-15,Pacific,15325.0,14587.0,11554.0,10904.0,11177.0,7416.0
2696,2020-11-16,Pacific,13368.0,15325.0,12012.57142857143,11017.0,10158.0,9886.0
2705,2020-11-17,Pacific,11307.0,13368.0,12570.142857142857,14587.0,7404.0,9403.0
2714,2020-11-18,Pacific,14801.0,11307.0,13044.142857142857,15325.0,11483.0,11177.0
2723,2020-11-19,Pacific,16375.0,14801.0,13825.714285714286,13368.0,10904.0,10158.0
2732,2020-11-20,Pacific,18069.0,16375.0,14833.142857142857,11307.0,11017.0,7404.0
2741,2020-11-21,Pacific,20510.0,18069.0,15679.285714285714,14801.0,14587.0,11483.0
2750,2020-11-22,Pacific,19633.0,20510.0,16294.714285714286,16375.0,15325.0,10904.0
2759,2020-11-23,Pacific,12446.0,19633.0,16163.0,18069.0,13368.0,11017.0
2768,2020-11-24,Pacific,18657.0,12446.0,17213.0,20510.0,11307.0,14587.0
2777,2020-11-25,Pacific,23769.0,18657.0,18494.14285714286,19633.0,14801.0,15325.0
2786,2020-11-26,Pacific,19805.0,23769.0,18984.14285714286,12446.0,16375.0,13368.0
2795,2020-11-27,Pacific,17851.0,19805.0,18953.0,18657.0,18069.0,11307.0
2804,2020-11-28,Pacific,14067.0,17851.0,18032.571428571428,23769.0,20510.0,14801.0
2813,2020-11-29,Pacific,20452.0,14067.0,18149.571428571428,19805.0,19633.0,16375.0
2822,2020-11-30,Pacific,18452.0,20452.0,19007.571428571428,17851.0,12446.0,18069.0
2831,2020-12-01,Pacific,15598.0,18452.0,18570.571428571428,14067.0,18657.0,20510.0
2840,2020-12-02,Pacific,27539.0,15598.0,19109.14285714286,20452.0,23769.0,19633.0
2849,2020-12-03,Pacific,24399.0,27539.0,19765.428571428572,18452.0,19805.0,12446.0
2858,2020-12-04,Pacific,27439.0,24399.0,21135.14285714286,15598.0,17851.0,18657.0
2867,2020-12-05,Pacific,31204.0,27439.0,23583.285714285714,27539.0,14067.0,23769.0
2876,2020-12-06,Pacific,35620.0,31204.0,25750.14285714286,24399.0,20452.0,19805.0
2885,2020-12-07,Pacific,28395.0,35620.0,27170.571428571428,27439.0,18452.0,17851.0
2894,2020-12-08,Pacific,26372.0,28395.0,28709.714285714286,31204.0,15598.0,14067.0
2903,2020-12-09,Pacific,36481.0,26372.0,29987.14285714286,35620.0,27539.0,20452.0
2912,2020-12-10,Pacific,34577.0,36481.0,31441.14285714286,28395.0,24399.0,18452.0
2921,2020-12-11,Pacific,40237.0,34577.0,33269.42857142857,26372.0,27439.0,15598.0
2930,2020-12-12,Pacific,40570.0,40237.0,34607.42857142857,36481.0,31204.0,27539.0
2939,2020-12-13,Pacific,34479.0,40570.0,34444.42857142857,34577.0,35620.0,24399.0
2948,2020-12-14,Pacific,36163.0,34479.0,35554.142857142855,40237.0,28395.0,27439.0
2957,2020-12-15,Pacific,34803.0,36163.0,36758.57142857143,40570.0,26372.0,31204.0
2966,2020-12-16,Pacific,55931.0,34803.0,39537.142857142855,34479.0,36481.0,35620.0
2975,2020-12-17,Pacific,54502.0,55931.0,42383.57142857143,36163.0,34577.0,28395.0
2984,2020-12-18,Pacific,45753.0,54502.0,43171.57142857143,34803.0,40237.0,26372.0
2993,2020-12-19,Pacific,48379.0,45753.0,44287.142857142855,55931.0,40570.0,36481.0
3002,2020-12-20,Pacific,50662.0,48379.0,46599.0,54502.0,34479.0,34577.0
3011,2020-12-21,Pacific,39588.0,50662.0,47088.28571428572,45753.0,36163.0,40237.0
3020,2020-12-22,Pacific,37948.0,39588.0,47537.57142857143,48379.0,34803.0,40570.0
3029,2020-12-23,Pacific,42016.0,37948.0,45549.71428571428,50662.0,55931.0,34479.0
3038,2020-12-24,Pacific,42559.0,42016.0,43843.57142857143,39588.0,54502.0,36163.0
3047,2020-12-25,Pacific,43230.0,42559.0,43483.142857142855,37948.0,45753.0,34803.0
3056,2020-12-26,Pacific,31700.0,43230.0,41100.42857142857,42016.0,48379.0,55931.0
3065,2020-12-27,Pacific,54593.0,31700.0,41662.0,42559.0,50662.0,54502.0
3074,2020-12-28,Pacific,34824.0,54593.0,40981.42857142857,43230.0,39588.0,45753.0
3083,2020-12-29,Pacific,34463.0,34824.0,40483.57142857143,31700.0,37948.0,48379.0
3092,2020-12-30,Pacific,34258.0,34463.0,39375.28571428572,54593.0,42016.0,50662.0
3101,2020-12-31,Pacific,30411.0,34258.0,37639.857142857145,34824.0,42559.0,39588.0
3110,2021-01-01,Pacific,53836.0,30411.0,39155.0,34463.0,43230.0,37948.0
3119,2021-01-02,Pacific,55109.0,53836.0,42499.142857142855,34258.0,31700.0,42016.0
3128,2021-01-03,Pacific,46724.0,55109.0,41375.0,30411.0,54593.0,42559.0
3137,2021-01-04,Pacific,39972.0,46724.0,42110.42857142857,53836.0,34824.0,43230.0
3146,2021-01-05,Pacific,33649.0,39972.0,41994.142857142855,55109.0,34463.0,31700.0
3155,2021-01-06,Pacific,33739.0,33649.0,41920.0,46724.0,34258.0,54593.0
3164,2021-01-07,Pacific,39825.0,33739.0,43264.857142857145,39972.0,30411.0,34824.0
3173,2021-01-08,Pacific,54833.0,39825.0,43407.28571428572,33649.0,53836.0,34463.0
3182,2021-01-09,Pacific,59488.0,54833.0,44032.857142857145,33739.0,55109.0,34258.0
3191,2021-01-10,Pacific,54674.0,59488.0,45168.57142857143,39825.0,46724.0,30411.0
3200,2021-01-11,Pacific,41374.0,54674.0,45368.857142857145,54833.0,39972.0,53836.0
3209,2021-01-12,Pacific,42910.0,41374.0,46691.857142857145,59488.0,33649.0,55109.0
3218,2021-01-13,Pacific,37218.0,42910.0,47188.857142857145,54674.0,33739.0,46724.0
3227,2021-01-14,Pacific,40383.0,37218.0,47268.57142857143,41374.0,39825.0,39972.0
3236,2021-01-15,Pacific,46711.0,40383.0,46108.28571428572,42910.0,54833.0,33649.0
3245,2021-01-16,Pacific,44313.0,46711.0,43940.42857142857,37218.0,59488.0,33739.0
3254,2021-01-17,Pacific,43661.0,44313.0,42367.142857142855,40383.0,54674.0,39825.0
3263,2021-01-18,Pacific,35717.0,43661.0,41559.0,46711.0,41374.0,54833.0
3272,2021-01-19,Pacific,24666.0,35717.0,38952.71428571428,44313.0,42910.0,59488.0
3281,2021-01-20,Pacific,25342.0,24666.0,37256.142857142855,43661.0,37218.0,54674.0
3290,2021-01-21,Pacific,22763.0,25342.0,34739.0,35717.0,40383.0,41374.0
3299,2021-01-22,Pacific,26336.0,22763.0,31828.285714285714,24666.0,46711.0,42910.0
3308,2021-01-23,Pacific,26297.0,26336.0,29254.571428571428,25342.0,44313.0,37218.0
3317,2021-01-24,Pacific,27053.0,26297.0,26882.0,22763.0,43661.0,40383.0
3326,2021-01-25,Pacific,27780.0,27053.0,25748.14285714286,26336.0,35717.0,46711.0
3335,2021-01-26,Pacific,19621.0,27780.0,25027.428571428572,26297.0,24666.0,44313.0
3344,2021-01-27,Pacific,19114.0,19621.0,24137.714285714286,27053.0,25342.0,43661.0
3353,2021-01-28,Pacific,19487.0,19114.0,23669.714285714286,27780.0,22763.0,35717.0
3362,2021-01-29,Pacific,22857.0,19487.0,23172.714285714286,19621.0,26336.0,24666.0
3371,2021-01-30,Pacific,21606.0,22857.0,22502.571428571428,19114.0,26297.0,25342.0
3380,2021-01-31,Pacific,21605.0,21606.0,21724.285714285714,19487.0,27053.0,22763.0
3389,2021-02-01,Pacific,15562.0,21605.0,19978.85714285714,22857.0,27780.0,26336.0
3398,2021-02-02,Pacific,15001.0,15562.0,19318.85714285714,21606.0,19621.0,26297.0
3407,2021-02-03,Pacific,12694.0,15001.0,18401.714285714286,21605.0,19114.0,27053.0
3416,2021-02-04,Pacific,15672.0,12694.0,17856.714285714286,15562.0,19487.0,27780.0
3425,2021-02-05,Pacific,16573.0,15672.0,16959.0,15001.0,22857.0,19621.0
3434,2021-02-06,Pacific,15024.0,16573.0,16018.714285714286,12694.0,21606.0,19114.0
3443,2021-02-07,Pacific,16602.0,15024.0,15304.0,15672.0,21605.0,19487.0
3452,2021-02-08,Pacific,10933.0,16602.0,14642.714285714286,16573.0,15562.0,22857.0
3461,2021-02-09,Pacific,11816.0,10933.0,14187.714285714286,15024.0,15001.0,21606.0
3470,2021-02-10,Pacific,9899.0,11816.0,13788.42857142857,16602.0,12694.0,21605.0
3479,2021-02-11,Pacific,10022.0,9899.0,12981.285714285714,10933.0,15672.0,15562.0
3488,2021-02-12,Pacific,12303.0,10022.0,12371.285714285714,11816.0,16573.0,15001.0
3497,2021-02-13,Pacific,11176.0,12303.0,11821.57142857143,9899.0,15024.0,12694.0
3506,2021-02-14,Pacific,10310.0,11176.0,10922.714285714286,10022.0,16602.0,15672.0
3515,2021-02-15,Pacific,6827.0,10310.0,10336.142857142857,12303.0,10933.0,16573.0
3524,2021-02-16,Pacific,5931.0,6827.0,9495.42857142857,11176.0,11816.0,15024.0
3533,2021-02-17,Pacific,6441.0,5931.0,9001.42857142857,10310.0,9899.0,16602.0
3542,2021-02-18,Pacific,7265.0,6441.0,8607.57142857143,6827.0,10022.0,10933.0
3551,2021-02-19,Pacific,8650.0,7265.0,8085.714285714285,5931.0,12303.0,11816.0
3560,2021-02-20,Pacific,8214.0,8650.0,7662.571428571428,6441.0,11176.0,9899.0
3569,2021-02-21,Pacific,8302.0,8214.0,7375.714285714285,7265.0,10310.0,10022.0
3578,2021-02-22,Pacific,4882.0,8302.0,7097.857142857143,8650.0,6827.0,12303.0
3587,2021-02-23,Pacific,5154.0,4882.0,6986.857142857143,8214.0,5931.0,11176.0
3596,2021-02-24,Pacific,6747.0,5154.0,7030.571428571428,8302.0,6441.0,10310.0
3605,2021-02-25,Pacific,6394.0,6747.0,6906.142857142857,4882.0,7265.0,6827.0
3614,2021-02-26,Pacific,7219.0,6394.0,6701.714285714285,5154.0,8650.0,5931.0
3623,2021-02-27,Pacific,6868.0,7219.0,6509.428571428572,6747.0,8214.0,6441.0
3632,2021-02-28,Pacific,6196.0,6868.0,6208.571428571428,6394.0,8302.0,7265.0
3641,2021-03-01,Pacific,3953.0,6196.0,6075.857142857143,7219.0,4882.0,8650.0
3650,2021-03-02,Pacific,3866.0,3953.0,5891.857142857143,6868.0,5154.0,8214.0
3659,2021-03-03,Pacific,4479.0,3866.0,5567.857142857143,6196.0,6747.0,8302.0
3668,2021-03-04,Pacific,4744.0,4479.0,5332.142857142857,3953.0,6394.0,4882.0
3677,2021-03-05,Pacific,6124.0,4744.0,5175.714285714285,3866.0,7219.0,5154.0
3686,2021-03-06,Pacific,5628.0,6124.0,4998.571428571428,4479.0,6868.0,6747.0
3695,2021-03-07,Pacific,4818.0,5628.0,4801.714285714285,4744.0,6196.0,6394.0
3704,2021-03-08,Pacific,5663.0,4818.0,5046.0,6124.0,3953.0,7219.0
3713,2021-03-09,Pacific,5458.0,5663.0,5273.428571428572,5628.0,3866.0,6868.0
3722,2021-03-10,Pacific,4740.0,5458.0,5310.714285714285,4818.0,4479.0,6196.0
3731,2021-03-11,Pacific,4793.0,4740.0,5317.714285714285,5663.0,4744.0,3953.0
3740,2021-03-12,Pacific,3871.0,4793.0,4995.857142857143,5458.0,6124.0,3866.0
3749,2021-03-13,Pacific,4901.0,3871.0,4892.0,4740.0,5628.0,4479.0
3758,2021-03-14,Pacific,2693.0,4901.0,4588.428571428572,4793.0,4818.0,4744.0
3767,2021-03-15,Pacific,4485.0,2693.0,4420.142857142857,3871.0,5663.0,6124.0
3776,2021-03-16,Pacific,3131.0,4485.0,4087.714285714286,4901.0,5458.0,5628.0
3785,2021-03-17,Pacific,4775.0,3131.0,4092.714285714286,2693.0,4740.0,4818.0
3794,2021-03-18,Pacific,4815.0,4775.0,4095.8571428571427,4485.0,4793.0,5663.0
3803,2021-03-19,Pacific,4923.0,4815.0,4246.142857142857,3131.0,3871.0,5458.0
3812,2021-03-20,Pacific,3404.0,4923.0,4032.285714285714,4775.0,4901.0,4740.0
3821,2021-03-21,Pacific,2303.0,3404.0,3976.5714285714284,4815.0,2693.0,4793.0
3830,2021-03-22,Pacific,4732.0,2303.0,4011.8571428571427,4923.0,4485.0,3871.0
3839,2021-03-23,Pacific,3609.0,4732.0,4080.1428571428573,3404.0,3131.0,4901.0
3848,2021-03-24,Pacific,4251.0,3609.0,4005.285714285714,2303.0,4775.0,2693.0
3857,2021-03-25,Pacific,4297.0,4251.0,3931.285714285714,4732.0,4815.0,4485.0
3866,2021-03-26,Pacific,5367.0,4297.0,3994.714285714286,3609.0,4923.0,3131.0
3875,2021-03-27,Pacific,3967.0,5367.0,4075.1428571428573,4251.0,3404.0,4775.0
3884,2021-03-28,Pacific,2687.0,3967.0,4130.0,4297.0,2303.0,4815.0
3893,2021-03-29,Pacific,4923.0,2687.0,4157.285714285715,5367.0,4732.0,4923.0
3902,2021-03-30,Pacific,3716.0,4923.0,4172.571428571428,3967.0,3609.0,3404.0
3911,2021-03-31,Pacific,4349.0,3716.0,4186.571428571428,2687.0,4251.0,2303.0
3920,2021-04-01,Pacific,4603.0,4349.0,4230.285714285715,4923.0,4297.0,4732.0
3929,2021-04-02,Pacific,6011.0,4603.0,4322.285714285715,3716.0,5367.0,3609.0
3938,2021-04-03,Pacific,4634.0,6011.0,4417.571428571428,4349.0,3967.0,4251.0
3947,2021-04-04,Pacific,2282.0,4634.0,4359.714285714285,4603.0,2687.0,4297.0
3956,2021-04-05,Pacific,5844.0,2282.0,4491.285714285715,6011.0,4923.0,5367.0
3965,2021-04-06,Pacific,3594.0,5844.0,4473.857142857143,4634.0,3716.0,3967.0
3974,2021-04-07,Pacific,4334.0,3594.0,4471.714285714285,2282.0,4349.0,2687.0
3983,2021-04-08,Pacific,4559.0,4334.0,4465.428571428572,5844.0,4603.0,4923.0
3992,2021-04-09,Pacific,5937.0,4559.0,4454.857142857143,3594.0,6011.0,3716.0
4001,2021-04-10,Pacific,5101.0,5937.0,4521.571428571428,4334.0,4634.0,4349.0
4010,2021-04-11,Pacific,4618.0,5101.0,4855.285714285715,4559.0,2282.0,4603.0
4019,2021-04-12,Pacific,6571.0,4618.0,4959.142857142857,5937.0,5844.0,6011.0
4028,2021-04-13,Pacific,4319.0,6571.0,5062.714285714285,5101.0,3594.0,4634.0
4037,2021-04-14,Pacific,4634.0,4319.0,5105.571428571428,4618.0,4334.0,2282.0
4046,2021-04-15,Pacific,4654.0,4634.0,5119.142857142857,6571.0,4559.0,5844.0
4055,2021-04-16,Pacific,5693.0,4654.0,5084.285714285715,4319.0,5937.0,3594.0
4064,2021-04-17,Pacific,4865.0,5693.0,5050.571428571428,4634.0,5101.0,4334.0
4073,2021-04-18,Pacific,2523.0,4865.0,4751.285714285715,4654.0,4618.0,4559.0
4082,2021-04-19,Pacific,4735.0,2523.0,4489.0,5693.0,6571.0,5937.0
4091,2021-04-20,Pacific,4792.0,4735.0,4556.571428571428,4865.0,4319.0,5101.0
4100,2021-04-21,Pacific,4808.0,4792.0,4581.428571428572,2523.0,4634.0,4618.0
4109,2021-04-22,Pacific,5263.0,4808.0,4668.428571428572,4735.0,4654.0,6571.0
4118,2021-04-23,Pacific,5390.0,5263.0,4625.142857142857,4792.0,5693.0,4319.0
4127,2021-04-24,Pacific,2965.0,5390.0,4353.714285714285,4808.0,4865.0,4634.0
4136,2021-04-25,Pacific,2439.0,2965.0,4341.714285714285,5263.0,2523.0,4654.0
4145,2021-04-26,Pacific,5962.0,2439.0,4517.0,5390.0,4735.0,5693.0
4154,2021-04-27,Pacific,4043.0,5962.0,4410.0,2965.0,4792.0,4865.0
4163,2021-04-28,Pacific,4570.0,4043.0,4376.0,2439.0,4808.0,2523.0
4172,2021-04-29,Pacific,4044.0,4570.0,4201.857142857143,5962.0,5263.0,4735.0
4181,2021-04-30,Pacific,4999.0,4044.0,4146.0,4043.0,5390.0,4792.0
4190,2021-05-01,Pacific,4133.0,4999.0,4312.857142857143,4570.0,2965.0,4808.0
4199,2021-05-02,Pacific,2369.0,4133.0,4302.857142857143,4044.0,2439.0,5263.0
4208,2021-05-03,Pacific,5487.0,2369.0,4235.0,4999.0,5962.0,5390.0
4217,2021-05-04,Pacific,4436.0,5487.0,4291.142857142857,4133.0,4043.0,2965.0
4226,2021-05-05,Pacific,4018.0,4436.0,4212.285714285715,2369.0,4570.0,2439.0
4235,2021-05-06,Pacific,4652.0,4018.0,4299.142857142857,5487.0,4044.0,5962.0
4244,2021-05-07,Pacific,4760.0,4652.0,4265.0,4436.0,4999.0,4043.0
4253,2021-05-08,Pacific,3616.0,4760.0,4191.142857142857,4018.0,4133.0,4570.0
4262,2021-05-09,Pacific,1839.0,3616.0,4115.428571428572,4652.0,2369.0,4044.0
4271,2021-05-10,Pacific,4359.0,1839.0,3954.285714285714,4760.0,5487.0,4999.0
4280,2021-05-11,Pacific,3516.0,4359.0,3822.8571428571427,3616.0,4436.0,4133.0
4289,2021-05-12,Pacific,3420.0,3516.0,3737.4285714285716,1839.0,4018.0,2369.0
4298,2021-05-13,Pacific,3964.0,3420.0,3639.1428571428573,4359.0,4652.0,5487.0
4307,2021-05-14,Pacific,5022.0,3964.0,3676.5714285714284,3516.0,4760.0,4436.0
4316,2021-05-15,Pacific,2866.0,5022.0,3569.4285714285716,3420.0,3616.0,4018.0
4325,2021-05-16,Pacific,1553.0,2866.0,3528.5714285714284,3964.0,1839.0,4652.0
4334,2021-05-17,Pacific,2529.0,1553.0,3267.1428571428573,5022.0,4359.0,4760.0
4343,2021-05-18,Pacific,2296.0,2529.0,3092.8571428571427,2866.0,3516.0,3616.0
4352,2021-05-19,Pacific,3091.0,2296.0,3045.8571428571427,1553.0,3420.0,1839.0
4361,2021-05-20,Pacific,3177.0,3091.0,2933.4285714285716,2529.0,3964.0,4359.0
4370,2021-05-21,Pacific,3522.0,3177.0,2719.1428571428573,2296.0,5022.0,3516.0
4379,2021-05-22,Pacific,1399.0,3522.0,2509.5714285714284,3091.0,2866.0,3420.0
4388,2021-05-23,Pacific,1133.0,1399.0,2449.5714285714284,3177.0,1553.0,3964.0
4397,2021-05-24,Pacific,3781.0,1133.0,2628.4285714285716,3522.0,2529.0,5022.0
4406,2021-05-25,Pacific,2776.0,3781.0,2697.0,1399.0,2296.0,2866.0
4415,2021-05-26,Pacific,3462.0,2776.0,2750.0,1133.0,3091.0,1553.0
4424,2021-05-27,Pacific,7270.0,3462.0,3334.714285714286,3781.0,3177.0,2529.0
4433,2021-05-28,Pacific,3000.0,7270.0,3260.1428571428573,2776.0,3522.0,2296.0
4442,2021-05-29,Pacific,1959.0,3000.0,3340.1428571428573,3462.0,1399.0,3091.0
4451,2021-05-30,Pacific,1005.0,1959.0,3321.8571428571427,7270.0,1133.0,3177.0
4460,2021-05-31,Pacific,744.0,1005.0,2888.0,3000.0,3781.0,3522.0
4469,2021-06-01,Pacific,2950.0,744.0,2912.8571428571427,1959.0,2776.0,1399.0
4478,2021-06-02,Pacific,2123.0,2950.0,2721.5714285714284,1005.0,3462.0,1133.0
4487,2021-06-03,Pacific,2251.0,2123.0,2004.5714285714287,744.0,7270.0,3781.0
4496,2021-06-04,Pacific,2473.0,2251.0,1929.2857142857142,2950.0,3000.0,2776.0
4505,2021-06-05,Pacific,1841.0,2473.0,1912.4285714285713,2123.0,1959.0,3462.0
4514,2021-06-06,Pacific,1143.0,1841.0,1932.142857142857,2251.0,1005.0,7270.0
4523,2021-06-07,Pacific,2155.0,1143.0,2133.714285714286,2473.0,744.0,3000.0
4532,2021-06-08,Pacific,2211.0,2155.0,2028.142857142857,1841.0,2950.0,1959.0
4541,2021-06-09,Pacific,1946.0,2211.0,2002.857142857143,1143.0,2123.0,1005.0
4550,2021-06-10,Pacific,2191.0,1946.0,1994.2857142857142,2155.0,2251.0,744.0
4559,2021-06-11,Pacific,1979.0,2191.0,1923.7142857142858,2211.0,2473.0,2950.0
4568,2021-06-12,Pacific,1509.0,1979.0,1876.2857142857142,1946.0,1841.0,2123.0
4577,2021-06-13,Pacific,816.0,1509.0,1829.5714285714287,2191.0,1143.0,2251.0
4586,2021-06-14,Pacific,1974.0,816.0,1803.7142857142858,1979.0,2155.0,2473.0
4595,2021-06-15,Pacific,1887.0,1974.0,1757.4285714285713,1509.0,2211.0,1841.0
4604,2021-06-16,Pacific,1771.0,1887.0,1732.4285714285713,816.0,1946.0,1143.0
4613,2021-06-17,Pacific,1820.0,1771.0,1679.4285714285713,1974.0,2191.0,2155.0
4622,2021-06-18,Pacific,1934.0,1820.0,1673.0,1887.0,1979.0,2211.0
4631,2021-06-19,Pacific,1321.0,1934.0,1646.142857142857,1771.0,1509.0,1946.0
4640,2021-06-20,Pacific,985.0,1321.0,1670.2857142857142,1820.0,816.0,2191.0
4649,2021-06-21,Pacific,2067.0,985.0,1683.5714285714287,1934.0,1974.0,1979.0
4658,2021-06-22,Pacific,1817.0,2067.0,1673.5714285714287,1321.0,1887.0,1509.0
4667,2021-06-23,Pacific,2006.0,1817.0,1707.142857142857,985.0,1771.0,816.0
4676,2021-06-24,Pacific,1871.0,2006.0,1714.4285714285713,2067.0,1820.0,1974.0
4685,2021-06-25,Pacific,2159.0,1871.0,1746.5714285714287,1817.0,1934.0,1887.0
4694,2021-06-26,Pacific,1406.0,2159.0,1758.7142857142858,2006.0,1321.0,1771.0
4703,2021-06-27,Pacific,1114.0,1406.0,1777.142857142857,1871.0,985.0,1820.0
4712,2021-06-28,Pacific,2347.0,1114.0,1817.142857142857,2159.0,2067.0,1934.0
4721,2021-06-29,Pacific,1275.0,2347.0,1739.7142857142858,1406.0,1817.0,1321.0
4730,2021-06-30,Pacific,-1005.0,1275.0,1309.5714285714287,1114.0,2006.0,985.0
4739,2021-07-01,Pacific,50671.0,-1005.0,8281.0,2347.0,1871.0,2067.0
4748,2021-07-02,Pacific,2485.0,50671.0,8327.57142857143,1275.0,2159.0,1817.0
4757,2021-07-03,Pacific,84.0,2485.0,8138.714285714285,-1005.0,1406.0,2006.0
4766,2021-07-04,Pacific,85.0,84.0,7991.714285714285,50671.0,1114.0,1871.0
4775,2021-07-05,Pacific,67.0,85.0,7666.0,2485.0,2347.0,2159.0
4784,2021-07-06,Pacific,7447.0,67.0,8547.714285714286,84.0,1275.0,1406.0
4793,2021-07-07,Pacific,2160.0,7447.0,8999.857142857143,85.0,-1005.0,1114.0
4802,2021-07-08,Pacific,28951.0,2160.0,5897.0,67.0,50671.0,2347.0
4811,2021-07-09,Pacific,3189.0,28951.0,5997.571428571428,7447.0,2485.0,1275.0
4820,2021-07-10,Pacific,585.0,3189.0,6069.142857142857,2160.0,84.0,-1005.0
4829,2021-07-11,Pacific,1230.0,585.0,6232.714285714285,28951.0,85.0,50671.0
4838,2021-07-12,Pacific,8959.0,1230.0,7503.0,3189.0,67.0,2485.0
4847,2021-07-13,Pacific,5773.0,8959.0,7263.857142857143,585.0,7447.0,84.0
4856,2021-07-14,Pacific,4248.0,5773.0,7562.142857142857,1230.0,2160.0,85.0
4865,2021-07-15,Pacific,4984.0,4248.0,4138.285714285715,8959.0,28951.0,67.0
4874,2021-07-16,Pacific,6277.0,4984.0,4579.428571428572,5773.0,3189.0,7447.0
4883,2021-07-17,Pacific,2096.0,6277.0,4795.285714285715,4248.0,585.0,2160.0
4892,2021-07-18,Pacific,1857.0,2096.0,4884.857142857143,4984.0,1230.0,28951.0
4901,2021-07-19,Pacific,14165.0,1857.0,5628.571428571428,6277.0,8959.0,3189.0
4910,2021-07-20,Pacific,7603.0,14165.0,5890.0,2096.0,5773.0,585.0
4919,2021-07-21,Pacific,8149.0,7603.0,6447.285714285715,1857.0,4248.0,1230.0
4928,2021-07-22,Pacific,11388.0,8149.0,7362.142857142857,14165.0,4984.0,8959.0
4937,2021-07-23,Pacific,10975.0,11388.0,8033.285714285715,7603.0,6277.0,5773.0
4946,2021-07-24,Pacific,2999.0,10975.0,8162.285714285715,8149.0,2096.0,4248.0
4955,2021-07-25,Pacific,2462.0,2999.0,8248.714285714286,11388.0,1857.0,4984.0
4964,2021-07-26,Pacific,20650.0,2462.0,9175.142857142857,10975.0,14165.0,6277.0
4973,2021-07-27,Pacific,11080.0,20650.0,9671.857142857143,2999.0,7603.0,2096.0
4982,2021-07-28,Pacific,10230.0,11080.0,9969.142857142857,2462.0,8149.0,1857.0
4991,2021-07-29,Pacific,12482.0,10230.0,10125.42857142857,20650.0,11388.0,14165.0
5000,2021-07-30,Pacific,13940.0,12482.0,10549.0,11080.0,10975.0,7603.0
5009,2021-07-31,Pacific,4073.0,13940.0,10702.42857142857,10230.0,2999.0,8149.0
5018,2021-08-01,Pacific,3991.0,4073.0,10920.857142857143,12482.0,2462.0,11388.0
5027,2021-08-02,Pacific,30965.0,3991.0,12394.42857142857,13940.0,20650.0,10975.0
5036,2021-08-03,Pacific,14882.0,30965.0,12937.57142857143,4073.0,11080.0,2999.0
5045,2021-08-04,Pacific,14461.0,14882.0,13542.0,3991.0,10230.0,2462.0
5054,2021-08-05,Pacific,17743.0,14461.0,14293.57142857143,30965.0,12482.0,20650.0
5063,2021-08-06,Pacific,18974.0,17743.0,15012.714285714286,14882.0,13940.0,11080.0
5072,2021-08-07,Pacific,5070.0,18974.0,15155.142857142857,14461.0,4073.0,10230.0
5081,2021-08-08,Pacific,19670.0,5070.0,17395.0,17743.0,3991.0,12482.0
5090,2021-08-09,Pacific,23271.0,19670.0,16295.857142857143,18974.0,30965.0,13940.0
5099,2021-08-10,Pacific,14190.0,23271.0,16197.0,5070.0,14882.0,4073.0
5108,2021-08-11,Pacific,18443.0,14190.0,16765.85714285714,19670.0,14461.0,3991.0
5117,2021-08-12,Pacific,18142.0,18443.0,16822.85714285714,23271.0,17743.0,30965.0
5126,2021-08-13,Pacific,21348.0,18142.0,17162.0,14190.0,18974.0,14882.0
5135,2021-08-14,Pacific,14473.0,21348.0,18505.285714285714,18443.0,5070.0,14461.0
5144,2021-08-15,Pacific,12492.0,14473.0,17479.85714285714,18142.0,19670.0,17743.0
5153,2021-08-16,Pacific,26166.0,12492.0,17893.428571428572,21348.0,23271.0,18974.0
5162,2021-08-17,Pacific,17267.0,26166.0,18333.0,14473.0,14190.0,5070.0
5171,2021-08-18,Pacific,22873.0,17267.0,18965.85714285714,12492.0,18443.0,19670.0
5180,2021-08-19,Pacific,26147.0,22873.0,20109.428571428572,26166.0,18142.0,23271.0
5189,2021-08-20,Pacific,33379.0,26147.0,21828.14285714286,17267.0,21348.0,14190.0
5198,2021-08-21,Pacific,13912.0,33379.0,21748.0,22873.0,14473.0,18443.0
5207,2021-08-22,Pacific,13066.0,13912.0,21830.0,26147.0,12492.0,18142.0
5216,2021-08-23,Pacific,26867.0,13066.0,21930.14285714286,33379.0,26166.0,21348.0
5225,2021-08-24,Pacific,18505.0,26867.0,22107.0,13912.0,17267.0,14473.0
5234,2021-08-25,Pacific,19993.0,18505.0,21695.571428571428,13066.0,22873.0,12492.0
5243,2021-08-26,Pacific,23467.0,19993.0,21312.714285714286,26867.0,26147.0,26166.0
5252,2021-08-27,Pacific,23892.0,23467.0,19957.428571428572,18505.0,33379.0,17267.0
5261,2021-08-28,Pacific,15333.0,23892.0,20160.428571428572,19993.0,13912.0,22873.0
5270,2021-08-29,Pacific,13705.0,15333.0,20251.714285714286,23467.0,13066.0,26147.0
5279,2021-08-30,Pacific,30610.0,13705.0,20786.428571428572,23892.0,26867.0,33379.0
5288,2021-08-31,Pacific,18541.0,30610.0,20791.571428571428,15333.0,18505.0,13912.0
5297,2021-09-01,Pacific,30750.0,18541.0,22328.285714285714,13705.0,19993.0,13066.0
5306,2021-09-02,Pacific,23284.0,30750.0,22302.14285714286,30610.0,23467.0,26867.0
5315,2021-09-03,Pacific,19930.0,23284.0,21736.14285714286,18541.0,23892.0,18505.0
5324,2021-09-04,Pacific,11108.0,19930.0,21132.571428571428,30750.0,15333.0,19993.0
5333,2021-09-05,Pacific,11694.0,11108.0,20845.285714285714,23284.0,13705.0,23467.0
5342,2021-09-06,Pacific,8408.0,11694.0,17673.571428571428,19930.0,30610.0,23892.0
5351,2021-09-07,Pacific,29120.0,8408.0,19184.85714285714,11108.0,18541.0,15333.0
5360,2021-09-08,Pacific,16238.0,29120.0,17111.714285714286,11694.0,30750.0,13705.0
5369,2021-09-09,Pacific,18586.0,16238.0,16440.571428571428,8408.0,23284.0,30610.0
5378,2021-09-10,Pacific,17299.0,18586.0,16064.714285714286,29120.0,19930.0,18541.0
5387,2021-09-11,Pacific,10353.0,17299.0,15956.857142857143,16238.0,11108.0,30750.0
5396,2021-09-12,Pacific,8595.0,10353.0,15514.142857142857,18586.0,11694.0,23284.0
5405,2021-09-13,Pacific,30976.0,8595.0,18738.14285714286,17299.0,8408.0,19930.0
5414,2021-09-14,Pacific,15340.0,30976.0,16769.571428571428,10353.0,29120.0,11108.0
5423,2021-09-15,Pacific,16063.0,15340.0,16744.571428571428,8595.0,16238.0,11694.0
5432,2021-09-16,Pacific,19446.0,16063.0,16867.428571428572,30976.0,18586.0,8408.0
5441,2021-09-17,Pacific,17246.0,19446.0,16859.85714285714,15340.0,17299.0,29120.0
5450,2021-09-18,Pacific,9453.0,17246.0,16731.285714285714,16063.0,10353.0,16238.0
5459,2021-09-19,Pacific,8041.0,9453.0,16652.14285714286,19446.0,8595.0,18586.0
5468,2021-09-20,Pacific,20618.0,8041.0,15172.42857142857,17246.0,30976.0,17299.0
5477,2021-09-21,Pacific,12769.0,20618.0,14805.142857142857,9453.0,15340.0,10353.0
5486,2021-09-22,Pacific,13529.0,12769.0,14443.142857142857,8041.0,16063.0,8595.0
5495,2021-09-23,Pacific,18148.0,13529.0,14257.714285714286,20618.0,19446.0,30976.0
5504,2021-09-24,Pacific,14058.0,18148.0,13802.285714285714,12769.0,17246.0,15340.0
5513,2021-09-25,Pacific,3236.0,14058.0,12914.142857142857,13529.0,9453.0,16063.0
5522,2021-09-26,Pacific,3196.0,3236.0,12222.0,18148.0,8041.0,19446.0
5531,2021-09-27,Pacific,32702.0,3196.0,13948.285714285714,14058.0,20618.0,17246.0
5540,2021-09-28,Pacific,11150.0,32702.0,13717.0,3236.0,12769.0,9453.0
5549,2021-09-29,Pacific,13312.0,11150.0,13686.0,3196.0,13529.0,8041.0
5558,2021-09-30,Pacific,15621.0,13312.0,13325.0,32702.0,18148.0,20618.0
5567,2021-10-01,Pacific,14186.0,15621.0,13343.285714285714,11150.0,14058.0,12769.0
5576,2021-10-02,Pacific,2406.0,14186.0,13224.714285714286,13312.0,3236.0,13529.0
5585,2021-10-03,Pacific,1836.0,2406.0,13030.42857142857,15621.0,3196.0,18148.0
5594,2021-10-04,Pacific,26327.0,1836.0,12119.714285714286,14186.0,32702.0,14058.0
5603,2021-10-05,Pacific,9636.0,26327.0,11903.42857142857,2406.0,11150.0,3236.0
5612,2021-10-06,Pacific,11549.0,9636.0,11651.57142857143,1836.0,13312.0,3196.0
5621,2021-10-07,Pacific,12548.0,11549.0,11212.57142857143,26327.0,15621.0,32702.0
5630,2021-10-08,Pacific,11839.0,12548.0,10877.285714285714,9636.0,14186.0,11150.0
5639,2021-10-09,Pacific,2434.0,11839.0,10881.285714285714,11549.0,2406.0,13312.0
5648,2021-10-10,Pacific,2073.0,2434.0,10915.142857142857,12548.0,1836.0,15621.0
5657,2021-10-11,Pacific,22462.0,2073.0,10363.0,11839.0,26327.0,14186.0
5666,2021-10-12,Pacific,10401.0,22462.0,10472.285714285714,2434.0,9636.0,2406.0
5675,2021-10-13,Pacific,9901.0,10401.0,10236.857142857143,2073.0,11549.0,1836.0
5684,2021-10-14,Pacific,11714.0,9901.0,10117.714285714286,22462.0,12548.0,26327.0
5693,2021-10-15,Pacific,10953.0,11714.0,9991.142857142857,10401.0,11839.0,9636.0
5702,2021-10-16,Pacific,2222.0,10953.0,9960.857142857143,9901.0,2434.0,11549.0
5711,2021-10-17,Pacific,1655.0,2222.0,9901.142857142857,11714.0,2073.0,12548.0
5720,2021-10-18,Pacific,20647.0,1655.0,9641.857142857143,10953.0,22462.0,11839.0
5729,2021-10-19,Pacific,11806.0,20647.0,9842.57142857143,2222.0,10401.0,2434.0
5738,2021-10-20,Pacific,9172.0,11806.0,9738.42857142857,1655.0,9901.0,2073.0
5747,2021-10-21,Pacific,12952.0,9172.0,9915.285714285714,20647.0,11714.0,22462.0
5756,2021-10-22,Pacific,10753.0,12952.0,9886.714285714286,11806.0,10953.0,10401.0
5765,2021-10-23,Pacific,2119.0,10753.0,9872.0,9172.0,2222.0,9901.0
5774,2021-10-24,Pacific,1476.0,2119.0,9846.42857142857,12952.0,1655.0,11714.0
5783,2021-10-25,Pacific,11923.0,1476.0,8600.142857142857,10753.0,20647.0,10953.0
5792,2021-10-26,Pacific,21451.0,11923.0,9978.0,2119.0,11806.0,2222.0
5801,2021-10-27,Pacific,9324.0,21451.0,9999.714285714286,1476.0,9172.0,1655.0
5810,2021-10-28,Pacific,18308.0,9324.0,10764.857142857143,11923.0,12952.0,20647.0
5819,2021-10-29,Pacific,11412.0,18308.0,10859.0,21451.0,10753.0,11806.0
5828,2021-10-30,Pacific,2118.0,11412.0,10858.857142857143,9324.0,2119.0,9172.0
5837,2021-10-31,Pacific,1603.0,2118.0,10877.0,18308.0,1476.0,12952.0
5846,2021-11-01,Pacific,24315.0,1603.0,12647.285714285714,11412.0,11923.0,10753.0
5855,2021-11-02,Pacific,7710.0,24315.0,10684.285714285714,2118.0,21451.0,2119.0
5864,2021-11-03,Pacific,8715.0,7710.0,10597.285714285714,1603.0,9324.0,1476.0
5873,2021-11-04,Pacific,12807.0,8715.0,9811.42857142857,24315.0,18308.0,11923.0
5882,2021-11-05,Pacific,10764.0,12807.0,9718.857142857143,7710.0,11412.0,21451.0
5891,2021-11-06,Pacific,2292.0,10764.0,9743.714285714286,8715.0,2118.0,9324.0
5900,2021-11-07,Pacific,1631.0,2292.0,9747.714285714286,12807.0,1603.0,18308.0
5909,2021-11-08,Pacific,24287.0,1631.0,9743.714285714286,10764.0,24315.0,11412.0
5918,2021-11-09,Pacific,7556.0,24287.0,9721.714285714286,2292.0,7710.0,2118.0
5927,2021-11-10,Pacific,8311.0,7556.0,9664.0,1631.0,8715.0,1603.0
5936,2021-11-11,Pacific,7150.0,8311.0,8855.857142857143,24287.0,12807.0,24315.0
5945,2021-11-12,Pacific,9206.0,7150.0,8633.285714285714,7556.0,10764.0,7710.0
5954,2021-11-13,Pacific,9462.0,9206.0,9657.57142857143,8311.0,2292.0,8715.0
5963,2021-11-14,Pacific,1396.0,9462.0,9624.0,7150.0,1631.0,12807.0
5972,2021-11-15,Pacific,14086.0,1396.0,8166.714285714285,9206.0,24287.0,10764.0
5981,2021-11-16,Pacific,8384.0,14086.0,8285.0,9462.0,7556.0,2292.0
5990,2021-11-17,Pacific,8723.0,8384.0,8343.857142857143,1396.0,8311.0,1631.0
5999,2021-11-18,Pacific,10399.0,8723.0,8808.0,14086.0,7150.0,24287.0
6008,2021-11-19,Pacific,9222.0,10399.0,8810.285714285714,8384.0,9206.0,7556.0
6017,2021-11-20,Pacific,2375.0,9222.0,7797.857142857143,8723.0,9462.0,8311.0
6026,2021-11-21,Pacific,1321.0,2375.0,7787.142857142857,10399.0,1396.0,7150.0
6035,2021-11-22,Pacific,17169.0,1321.0,8227.57142857143,9222.0,14086.0,9206.0
6044,2021-11-23,Pacific,7084.0,17169.0,8041.857142857143,2375.0,8384.0,9462.0
6053,2021-11-24,Pacific,6685.0,7084.0,7750.714285714285,1321.0,8723.0,1396.0
6062,2021-11-25,Pacific,216.0,6685.0,6296.0,17169.0,10399.0,14086.0
6071,2021-11-26,Pacific,2381.0,216.0,5318.714285714285,7084.0,9222.0,8384.0
6080,2021-11-27,Pacific,985.0,2381.0,5120.142857142857,6685.0,2375.0,8723.0
6089,2021-11-28,Pacific,830.0,985.0,5050.0,216.0,1321.0,10399.0
6098,2021-11-29,Pacific,24772.0,830.0,6136.142857142857,2381.0,17169.0,9222.0
6107,2021-11-30,Pacific,7785.0,24772.0,6236.285714285715,985.0,7084.0,2375.0
6116,2021-12-01,Pacific,7701.0,7785.0,6381.428571428572,830.0,6685.0,1321.0
6125,2021-12-02,Pacific,14386.0,7701.0,8405.714285714286,24772.0,216.0,17169.0
6134,2021-12-03,Pacific,11361.0,14386.0,9688.57142857143,7785.0,2381.0,7084.0
6143,2021-12-04,Pacific,2459.0,11361.0,9899.142857142857,7701.0,985.0,6685.0
6152,2021-12-05,Pacific,1991.0,2459.0,10065.0,14386.0,830.0,216.0
6161,2021-12-06,Pacific,22855.0,1991.0,9791.142857142857,11361.0,24772.0,2381.0
6170,2021-12-07,Pacific,9428.0,22855.0,10025.857142857143,2459.0,7785.0,985.0
6179,2021-12-08,Pacific,8287.0,9428.0,10109.57142857143,1991.0,7701.0,830.0
6188,2021-12-09,Pacific,11057.0,8287.0,9634.0,22855.0,14386.0,24772.0
6197,2021-12-10,Pacific,9047.0,11057.0,9303.42857142857,9428.0,11361.0,7785.0
6206,2021-12-11,Pacific,2118.0,9047.0,9254.714285714286,8287.0,2459.0,7701.0
6215,2021-12-12,Pacific,1762.0,2118.0,9222.0,11057.0,1991.0,14386.0
6224,2021-12-13,Pacific,19840.0,1762.0,8791.285714285714,9047.0,22855.0,11361.0
6233,2021-12-14,Pacific,8060.0,19840.0,8595.857142857143,2118.0,9428.0,2459.0
6242,2021-12-15,Pacific,8348.0,8060.0,8604.57142857143,1762.0,8287.0,1991.0
6251,2021-12-16,Pacific,11694.0,8348.0,8695.57142857143,19840.0,11057.0,22855.0
6260,2021-12-17,Pacific,12723.0,11694.0,9220.714285714286,8060.0,9047.0,9428.0
6269,2021-12-18,Pacific,4495.0,12723.0,9560.285714285714,8348.0,2118.0,8287.0
6278,2021-12-19,Pacific,4608.0,4495.0,9966.857142857143,11694.0,1762.0,11057.0
6287,2021-12-20,Pacific,27181.0,4608.0,11015.57142857143,12723.0,19840.0,9047.0
6296,2021-12-21,Pacific,14566.0,27181.0,11945.0,4495.0,8060.0,2118.0
6305,2021-12-22,Pacific,16750.0,14566.0,13145.285714285714,4608.0,8348.0,1762.0
6314,2021-12-23,Pacific,28523.0,16750.0,15549.42857142857,27181.0,11694.0,19840.0
6323,2021-12-24,Pacific,22255.0,28523.0,16911.14285714286,14566.0,12723.0,8060.0
6332,2021-12-25,Pacific,1624.0,22255.0,16501.0,16750.0,4495.0,8348.0
6341,2021-12-26,Pacific,23062.0,1624.0,19137.285714285714,28523.0,4608.0,11694.0
6350,2021-12-27,Pacific,40871.0,23062.0,21093.0,22255.0,27181.0,12723.0
6359,2021-12-28,Pacific,57018.0,40871.0,27157.571428571428,1624.0,14566.0,4495.0
6368,2021-12-29,Pacific,39634.0,57018.0,30426.714285714286,23062.0,16750.0,4608.0
6377,2021-12-30,Pacific,63374.0,39634.0,35405.42857142857,40871.0,28523.0,27181.0
6386,2021-12-31,Pacific,61149.0,63374.0,40961.71428571428,57018.0,22255.0,14566.0
6395,2022-01-01,Pacific,3607.0,61149.0,41245.0,39634.0,1624.0,16750.0
6404,2022-01-02,Pacific,48058.0,3607.0,44815.857142857145,63374.0,23062.0,28523.0
6413,2022-01-03,Pacific,90445.0,48058.0,51897.857142857145,61149.0,40871.0,22255.0
6422,2022-01-04,Pacific,156634.0,90445.0,66128.71428571429,3607.0,57018.0,1624.0
6431,2022-01-05,Pacific,81086.0,156634.0,72050.42857142857,48058.0,39634.0,23062.0
6440,2022-01-06,Pacific,115139.0,81086.0,79445.42857142857,90445.0,63374.0,40871.0
6449,2022-01-07,Pacific,142502.0,115139.0,91067.28571428571,156634.0,61149.0,57018.0
6458,2022-01-08,Pacific,39358.0,142502.0,96174.57142857143,81086.0,3607.0,39634.0
6467,2022-01-09,Pacific,50914.0,39358.0,96582.57142857143,115139.0,48058.0,63374.0
6476,2022-01-10,Pacific,298707.0,50914.0,126334.28571428571,142502.0,90445.0,61149.0
6485,2022-01-11,Pacific,163985.0,298707.0,127384.42857142857,39358.0,156634.0,3607.0
6494,2022-01-12,Pacific,141502.0,163985.0,136015.2857142857,50914.0,81086.0,48058.0
6503,2022-01-13,Pacific,192534.0,141502.0,147071.7142857143,298707.0,115139.0,90445.0
6512,2022-01-14,Pacific,146054.0,192534.0,147579.14285714287,163985.0,142502.0,156634.0
6521,2022-01-15,Pacific,49918.0,146054.0,149087.7142857143,141502.0,39358.0,81086.0
6530,2022-01-16,Pacific,50298.0,49918.0,148999.7142857143,192534.0,50914.0,115139.0
6539,2022-01-17,Pacific,227152.0,50298.0,138777.57142857142,146054.0,298707.0,142502.0
6548,2022-01-18,Pacific,174807.0,227152.0,140323.57142857142,49918.0,163985.0,39358.0
6557,2022-01-19,Pacific,138864.0,174807.0,139946.7142857143,50298.0,141502.0,50914.0
6566,2022-01-20,Pacific,199003.0,138864.0,140870.85714285713,227152.0,192534.0,298707.0
6575,2022-01-21,Pacific,169531.0,199003.0,144224.7142857143,174807.0,146054.0,163985.0
6584,2022-01-22,Pacific,44454.0,169531.0,143444.14285714287,138864.0,49918.0,141502.0
6593,2022-01-23,Pacific,31601.0,44454.0,140773.14285714287,199003.0,50298.0,192534.0
6602,2022-01-24,Pacific,288689.0,31601.0,149564.14285714287,169531.0,227152.0,146054.0
6611,2022-01-25,Pacific,98826.0,288689.0,138709.7142857143,44454.0,174807.0,49918.0
6620,2022-01-26,Pacific,129616.0,98826.0,137388.57142857142,31601.0,138864.0,50298.0
6629,2022-01-27,Pacific,136939.0,129616.0,128522.28571428571,288689.0,199003.0,227152.0
6638,2022-01-28,Pacific,116835.0,136939.0,120994.28571428571,98826.0,169531.0,174807.0
6647,2022-01-29,Pacific,25033.0,116835.0,118219.85714285714,129616.0,44454.0,138864.0
6656,2022-01-30,Pacific,20483.0,25033.0,116631.57142857143,136939.0,31601.0,199003.0
6665,2022-01-31,Pacific,182413.0,20483.0,101449.28571428571,116835.0,288689.0,169531.0
6674,2022-02-01,Pacific,43540.0,182413.0,93551.28571428571,25033.0,98826.0,44454.0
6683,2022-02-02,Pacific,60331.0,43540.0,83653.42857142857,20483.0,129616.0,31601.0
6692,2022-02-03,Pacific,90547.0,60331.0,77026.0,182413.0,136939.0,288689.0
6701,2022-02-04,Pacific,60079.0,90547.0,68918.0,43540.0,116835.0,98826.0
6710,2022-02-05,Pacific,12159.0,60079.0,67078.85714285714,60331.0,25033.0,129616.0
6719,2022-02-06,Pacific,8412.0,12159.0,65354.42857142857,90547.0,20483.0,136939.0
6728,2022-02-07,Pacific,62495.0,8412.0,48223.28571428572,60079.0,182413.0,116835.0
6737,2022-02-08,Pacific,49583.0,62495.0,49086.57142857143,12159.0,43540.0,25033.0
6746,2022-02-09,Pacific,64790.0,49583.0,49723.57142857143,8412.0,60331.0,20483.0
6755,2022-02-10,Pacific,22158.0,64790.0,39953.71428571428,62495.0,90547.0,182413.0
6764,2022-02-11,Pacific,43674.0,22158.0,37610.142857142855,49583.0,60079.0,43540.0
6773,2022-02-12,Pacific,5855.0,43674.0,36709.57142857143,64790.0,12159.0,60331.0
6782,2022-02-13,Pacific,5775.0,5855.0,36332.857142857145,22158.0,8412.0,90547.0
6791,2022-02-14,Pacific,40587.0,5775.0,33203.142857142855,43674.0,62495.0,60079.0
6800,2022-02-15,Pacific,14832.0,40587.0,28238.714285714286,5855.0,49583.0,12159.0
6809,2022-02-16,Pacific,17527.0,14832.0,21486.85714285714,5775.0,64790.0,8412.0
6818,2022-02-17,Pacific,12592.0,17527.0,20120.285714285714,40587.0,22158.0,62495.0
6827,2022-02-18,Pacific,17178.0,12592.0,16335.142857142857,14832.0,43674.0,49583.0
6836,2022-02-19,Pacific,3924.0,17178.0,16059.285714285714,17527.0,5855.0,64790.0
6845,2022-02-20,Pacific,3146.0,3924.0,15683.714285714286,12592.0,5775.0,22158.0
6854,2022-02-21,Pacific,1881.0,3146.0,10154.285714285714,17178.0,40587.0,43674.0
6863,2022-02-22,Pacific,33805.0,1881.0,12864.714285714286,3924.0,14832.0,5855.0
6872,2022-02-23,Pacific,12735.0,33805.0,12180.142857142857,3146.0,17527.0,5775.0
6881,2022-02-24,Pacific,16263.0,12735.0,12704.57142857143,1881.0,12592.0,40587.0
6890,2022-02-25,Pacific,18022.0,16263.0,12825.142857142857,33805.0,17178.0,14832.0
6899,2022-02-26,Pacific,2732.0,18022.0,12654.857142857143,12735.0,3924.0,17527.0
6908,2022-02-27,Pacific,340.0,2732.0,12254.0,16263.0,3146.0,12592.0
6917,2022-02-28,Pacific,24269.0,340.0,15452.285714285714,18022.0,1881.0,17178.0
6926,2022-03-01,Pacific,4672.0,24269.0,11290.42857142857,2732.0,33805.0,3924.0
6935,2022-03-02,Pacific,10326.0,4672.0,10946.285714285714,340.0,12735.0,3146.0
6944,2022-03-03,Pacific,11787.0,10326.0,10306.857142857143,24269.0,16263.0,1881.0
6953,2022-03-04,Pacific,10146.0,11787.0,9181.714285714286,4672.0,18022.0,33805.0
6962,2022-03-05,Pacific,1633.0,10146.0,9024.714285714286,10326.0,2732.0,12735.0
6971,2022-03-06,Pacific,481.0,1633.0,9044.857142857143,11787.0,340.0,16263.0
6980,2022-03-07,Pacific,13944.0,481.0,7569.857142857143,10146.0,24269.0,18022.0
6989,2022-03-08,Pacific,4864.0,13944.0,7597.285714285715,1633.0,4672.0,2732.0
6998,2022-03-09,Pacific,8306.0,4864.0,7308.714285714285,481.0,10326.0,340.0
7007,2022-03-10,Pacific,7547.0,8306.0,6703.0,13944.0,11787.0,24269.0
7016,2022-03-11,Pacific,8903.0,7547.0,6525.428571428572,4864.0,10146.0,4672.0
7025,2022-03-12,Pacific,1730.0,8903.0,6539.285714285715,8306.0,1633.0,10326.0
7034,2022-03-13,Pacific,77.0,1730.0,6481.571428571428,7547.0,481.0,11787.0
7043,2022-03-14,Pacific,11955.0,77.0,6197.428571428572,8903.0,13944.0,10146.0
7052,2022-03-15,Pacific,2420.0,11955.0,5848.285714285715,1730.0,4864.0,1633.0
7061,2022-03-16,Pacific,6891.0,2420.0,5646.142857142857,77.0,8306.0,481.0
7070,2022-03-17,Pacific,6479.0,6891.0,5493.571428571428,11955.0,7547.0,13944.0
7079,2022-03-18,Pacific,9141.0,6479.0,5527.571428571428,2420.0,8903.0,4864.0
7088,2022-03-19,Pacific,3313.0,9141.0,5753.714285714285,6891.0,1730.0,8306.0
7097,2022-03-20,Pacific,74.0,3313.0,5753.285714285715,6479.0,77.0,7547.0
7106,2022-03-21,Pacific,11537.0,74.0,5693.571428571428,9141.0,11955.0,8903.0
7115,2022-03-22,Pacific,1919.0,11537.0,5622.0,3313.0,2420.0,1730.0
7124,2022-03-23,Pacific,7596.0,1919.0,5722.714285714285,74.0,6891.0,77.0
7133,2022-03-24,Pacific,5464.0,7596.0,5577.714285714285,11537.0,6479.0,11955.0
7142,2022-03-25,Pacific,6536.0,5464.0,5205.571428571428,1919.0,9141.0,2420.0
7151,2022-03-26,Pacific,1116.0,6536.0,4891.714285714285,7596.0,3313.0,6891.0
7160,2022-03-27,Pacific,93.0,1116.0,4894.428571428572,5464.0,74.0,6479.0
7169,2022-03-28,Pacific,7813.0,93.0,4362.428571428572,6536.0,11537.0,9141.0
7178,2022-03-29,Pacific,1920.0,7813.0,4362.571428571428,1116.0,1919.0,3313.0
7187,2022-03-30,Pacific,6585.0,1920.0,4218.142857142857,93.0,7596.0,74.0
7196,2022-03-31,Pacific,6006.0,6585.0,4295.571428571428,7813.0,5464.0,11537.0
7205,2022-04-01,Pacific,6511.0,6006.0,4292.0,1920.0,6536.0,1919.0
7214,2022-04-02,Pacific,173.0,6511.0,4157.285714285715,6585.0,1116.0,7596.0
7223,2022-04-03,Pacific,264.0,173.0,4181.714285714285,6006.0,93.0,5464.0
7232,2022-04-04,Pacific,4971.0,264.0,3775.714285714286,6511.0,7813.0,6536.0
7241,2022-04-05,Pacific,7630.0,4971.0,4591.428571428572,173.0,1920.0,1116.0
7250,2022-04-06,Pacific,8921.0,7630.0,4925.142857142857,264.0,6585.0,93.0
7259,2022-04-07,Pacific,1849.0,8921.0,4331.285714285715,4971.0,6006.0,7813.0
7268,2022-04-08,Pacific,15405.0,1849.0,5601.857142857143,7630.0,6511.0,1920.0
7277,2022-04-09,Pacific,174.0,15405.0,5602.0,8921.0,173.0,6585.0
7286,2022-04-10,Pacific,77.0,174.0,5575.285714285715,1849.0,264.0,6006.0
7295,2022-04-11,Pacific,5137.0,77.0,5599.0,15405.0,4971.0,6511.0
7304,2022-04-12,Pacific,1662.0,5137.0,4746.428571428572,174.0,7630.0,173.0
7313,2022-04-13,Pacific,6410.0,1662.0,4387.714285714285,77.0,8921.0,264.0
7322,2022-04-14,Pacific,15281.0,6410.0,6306.571428571428,5137.0,1849.0,4971.0
7331,2022-04-15,Pacific,10795.0,15281.0,5648.0,1662.0,15405.0,7630.0
7340,2022-04-16,Pacific,205.0,10795.0,5652.428571428572,6410.0,174.0,8921.0
7349,2022-04-17,Pacific,83.0,205.0,5653.285714285715,15281.0,77.0,1849.0
7358,2022-04-18,Pacific,8031.0,83.0,6066.714285714285,10795.0,5137.0,15405.0
7367,2022-04-19,Pacific,11361.0,8031.0,7452.285714285715,205.0,1662.0,174.0
7376,2022-04-20,Pacific,5909.0,11361.0,7380.714285714285,83.0,6410.0,77.0
7385,2022-04-21,Pacific,3291.0,5909.0,5667.857142857143,8031.0,15281.0,5137.0
7394,2022-04-22,Pacific,21151.0,3291.0,7147.285714285715,11361.0,10795.0,1662.0
7403,2022-04-23,Pacific,155.0,21151.0,7140.142857142857,5909.0,205.0,6410.0
7412,2022-04-24,Pacific,112.0,155.0,7144.285714285715,3291.0,83.0,15281.0
7421,2022-04-25,Pacific,12669.0,112.0,7806.857142857143,21151.0,8031.0,10795.0
7430,2022-04-26,Pacific,17660.0,12669.0,8706.714285714286,155.0,11361.0,205.0
7439,2022-04-27,Pacific,10004.0,17660.0,9291.714285714286,112.0,5909.0,83.0
7448,2022-04-28,Pacific,3899.0,10004.0,9378.57142857143,12669.0,3291.0,8031.0
7457,2022-04-29,Pacific,25542.0,3899.0,10005.857142857143,17660.0,21151.0,11361.0
7466,2022-04-30,Pacific,168.0,25542.0,10007.714285714286,10004.0,155.0,5909.0
7475,2022-05-01,Pacific,137.0,168.0,10011.285714285714,3899.0,112.0,3291.0
7484,2022-05-02,Pacific,19841.0,137.0,11035.857142857143,25542.0,12669.0,21151.0
7493,2022-05-03,Pacific,21571.0,19841.0,11594.57142857143,168.0,17660.0,155.0
7502,2022-05-04,Pacific,6804.0,21571.0,11137.42857142857,137.0,10004.0,112.0
7511,2022-05-05,Pacific,4931.0,6804.0,11284.857142857143,19841.0,3899.0,12669.0
7520,2022-05-06,Pacific,26313.0,4931.0,11395.0,21571.0,25542.0,17660.0
7529,2022-05-07,Pacific,98.0,26313.0,11385.0,6804.0,168.0,10004.0
7538,2022-05-08,Pacific,75.0,98.0,11376.142857142857,4931.0,137.0,3899.0
7547,2022-05-09,Pacific,18859.0,75.0,11235.857142857143,26313.0,19841.0,25542.0
7556,2022-05-10,Pacific,26794.0,18859.0,11982.0,98.0,21571.0,168.0
7565,2022-05-11,Pacific,15820.0,26794.0,13270.0,75.0,6804.0,137.0
7574,2022-05-12,Pacific,5683.0,15820.0,13377.42857142857,18859.0,4931.0,19841.0
7583,2022-05-13,Pacific,30998.0,5683.0,14046.714285714286,26794.0,26313.0,21571.0
7592,2022-05-14,Pacific,189.0,30998.0,14059.714285714286,15820.0,98.0,6804.0
7601,2022-05-15,Pacific,105.0,189.0,14064.0,5683.0,75.0,4931.0
7610,2022-05-16,Pacific,18459.0,105.0,14006.857142857143,30998.0,18859.0,26313.0
7619,2022-05-17,Pacific,42034.0,18459.0,16184.0,189.0,26794.0,98.0
7628,2022-05-18,Pacific,19043.0,42034.0,16644.428571428572,105.0,15820.0,75.0
7637,2022-05-19,Pacific,6579.0,19043.0,16772.428571428572,18459.0,5683.0,18859.0
7646,2022-05-20,Pacific,53145.0,6579.0,19936.285714285714,42034.0,30998.0,26794.0
7655,2022-05-21,Pacific,266.0,53145.0,19947.285714285714,19043.0,189.0,15820.0
7664,2022-05-22,Pacific,145.0,266.0,19953.0,6579.0,105.0,5683.0
7673,2022-05-23,Pacific,23109.0,145.0,20617.285714285714,53145.0,18459.0,30998.0
7682,2022-05-24,Pacific,45847.0,23109.0,21162.0,266.0,42034.0,189.0
7691,2022-05-25,Pacific,22293.0,45847.0,21626.285714285714,145.0,19043.0,105.0
7700,2022-05-26,Pacific,8430.0,22293.0,21890.714285714286,23109.0,6579.0,18459.0
7709,2022-05-27,Pacific,51131.0,8430.0,21603.0,45847.0,53145.0,42034.0
7718,2022-05-28,Pacific,282.0,51131.0,21605.285714285714,22293.0,266.0,19043.0
7727,2022-05-29,Pacific,121.0,282.0,21601.85714285714,8430.0,145.0,6579.0
7736,2022-05-30,Pacific,12715.0,121.0,20117.0,51131.0,23109.0,53145.0
7745,2022-05-31,Pacific,11772.0,12715.0,15249.142857142857,282.0,45847.0,266.0
7754,2022-06-01,Pacific,61462.0,11772.0,20844.714285714286,121.0,22293.0,145.0
7763,2022-06-02,Pacific,7270.0,61462.0,20679.0,12715.0,8430.0,23109.0
7772,2022-06-03,Pacific,47942.0,7270.0,20223.428571428572,11772.0,51131.0,45847.0
7781,2022-06-04,Pacific,236.0,47942.0,20216.85714285714,61462.0,282.0,22293.0
7790,2022-06-05,Pacific,139.0,236.0,20219.428571428572,7270.0,121.0,8430.0
7799,2022-06-06,Pacific,26944.0,139.0,22252.14285714286,47942.0,12715.0,51131.0
7808,2022-06-07,Pacific,55719.0,26944.0,28530.285714285714,236.0,11772.0,282.0
7817,2022-06-08,Pacific,21771.0,55719.0,22860.14285714286,139.0,61462.0,121.0
7826,2022-06-09,Pacific,7618.0,21771.0,22909.85714285714,26944.0,7270.0,12715.0
7835,2022-06-10,Pacific,55907.0,7618.0,24047.714285714286,55719.0,47942.0,11772.0
7844,2022-06-11,Pacific,179.0,55907.0,24039.571428571428,21771.0,236.0,61462.0
7853,2022-06-12,Pacific,316.0,179.0,24064.85714285714,7618.0,139.0,7270.0
7862,2022-06-13,Pacific,22864.0,316.0,23482.0,55907.0,26944.0,47942.0
7871,2022-06-14,Pacific,49271.0,22864.0,22560.85714285714,179.0,55719.0,236.0
7880,2022-06-15,Pacific,20512.0,49271.0,22381.0,316.0,21771.0,139.0
7889,2022-06-16,Pacific,6808.0,20512.0,22265.285714285714,22864.0,7618.0,26944.0
7898,2022-06-17,Pacific,41862.0,6808.0,20258.85714285714,49271.0,55907.0,55719.0
7907,2022-06-18,Pacific,227.0,41862.0,20265.714285714286,20512.0,179.0,21771.0
7916,2022-06-19,Pacific,160.0,227.0,20243.428571428572,6808.0,316.0,7618.0
7925,2022-06-20,Pacific,12141.0,160.0,18711.571428571428,41862.0,22864.0,55907.0
7934,2022-06-21,Pacific,57886.0,12141.0,19942.285714285714,227.0,49271.0,179.0
7943,2022-06-22,Pacific,22379.0,57886.0,20209.0,160.0,20512.0,316.0
7952,2022-06-23,Pacific,8536.0,22379.0,20455.85714285714,12141.0,6808.0,22864.0
7961,2022-06-24,Pacific,66052.0,8536.0,23911.571428571428,57886.0,41862.0,49271.0
7970,2022-06-25,Pacific,235.0,66052.0,23912.714285714286,22379.0,227.0,20512.0
7979,2022-06-26,Pacific,254.0,235.0,23926.14285714286,8536.0,160.0,6808.0
7988,2022-06-27,Pacific,25246.0,254.0,25798.285714285714,66052.0,12141.0,41862.0
7997,2022-06-28,Pacific,51656.0,25246.0,24908.285714285714,235.0,57886.0,227.0
8006,2022-06-29,Pacific,19746.0,51656.0,24532.14285714286,254.0,22379.0,160.0
8015,2022-06-30,Pacific,8202.0,19746.0,24484.428571428572,25246.0,8536.0,12141.0
8024,2022-07-01,Pacific,64592.0,8202.0,24275.85714285714,51656.0,66052.0,57886.0
8033,2022-07-02,Pacific,197.0,64592.0,24270.428571428572,19746.0,235.0,22379.0
8042,2022-07-03,Pacific,263.0,197.0,24271.714285714286,8202.0,254.0,8536.0
8051,2022-07-04,Pacific,15498.0,263.0,22879.14285714286,64592.0,25246.0,66052.0
8060,2022-07-05,Pacific,14277.0,15498.0,17539.285714285714,197.0,51656.0,235.0
8069,2022-07-06,Pacific,64495.0,14277.0,23932.0,263.0,19746.0,254.0
8078,2022-07-07,Pacific,7567.0,64495.0,23841.285714285714,15498.0,8202.0,25246.0
8087,2022-07-08,Pacific,55950.0,7567.0,22606.714285714286,14277.0,64592.0,51656.0
8096,2022-07-09,Pacific,184.0,55950.0,22604.85714285714,64495.0,197.0,19746.0
8105,2022-07-10,Pacific,208.0,184.0,22597.0,7567.0,263.0,8202.0
8114,2022-07-11,Pacific,28850.0,208.0,24504.428571428572,55950.0,15498.0,64592.0
8123,2022-07-12,Pacific,62390.0,28850.0,31377.714285714286,184.0,14277.0,197.0
8132,2022-07-13,Pacific,17161.0,62390.0,24615.714285714286,208.0,64495.0,263.0
8141,2022-07-14,Pacific,10272.0,17161.0,25002.14285714286,28850.0,7567.0,15498.0
8150,2022-07-15,Pacific,70188.0,10272.0,27036.14285714286,62390.0,55950.0,14277.0
8159,2022-07-16,Pacific,218.0,70188.0,27041.0,17161.0,184.0,64495.0
8168,2022-07-17,Pacific,184.0,218.0,27037.571428571428,10272.0,208.0,7567.0
8177,2022-07-18,Pacific,28966.0,184.0,27054.14285714286,70188.0,28850.0,55950.0
8186,2022-07-19,Pacific,54457.0,28966.0,25920.85714285714,218.0,62390.0,184.0
8195,2022-07-20,Pacific,17469.0,54457.0,25964.85714285714,184.0,17161.0,208.0
8204,2022-07-21,Pacific,10756.0,17469.0,26034.0,28966.0,10272.0,28850.0
8213,2022-07-22,Pacific,65028.0,10756.0,25296.85714285714,54457.0,70188.0,62390.0
8222,2022-07-23,Pacific,184.0,65028.0,25292.0,17469.0,218.0,17161.0
8231,2022-07-24,Pacific,269.0,184.0,25304.14285714286,10756.0,184.0,10272.0
8240,2022-07-25,Pacific,23799.0,269.0,24566.0,65028.0,28966.0,70188.0
8249,2022-07-26,Pacific,49618.0,23799.0,23874.714285714286,184.0,54457.0,218.0
8258,2022-07-27,Pacific,17397.0,49618.0,23864.428571428572,269.0,17469.0,184.0
8267,2022-07-28,Pacific,8166.0,17397.0,23494.428571428572,23799.0,10756.0,28966.0
8276,2022-07-29,Pacific,48210.0,8166.0,21091.85714285714,49618.0,65028.0,54457.0
8285,2022-07-30,Pacific,158.0,48210.0,21088.14285714286,17397.0,184.0,17469.0
8294,2022-07-31,Pacific,103.0,158.0,21064.428571428572,8166.0,269.0,10756.0
8303,2022-08-01,Pacific,24410.0,103.0,21151.714285714286,48210.0,23799.0,65028.0
8312,2022-08-02,Pacific,46141.0,24410.0,20655.0,158.0,49618.0,184.0
8321,2022-08-03,Pacific,16170.0,46141.0,20479.714285714286,103.0,17397.0,269.0
8330,2022-08-04,Pacific,6493.0,16170.0,20240.714285714286,24410.0,8166.0,23799.0
8339,2022-08-05,Pacific,44448.0,6493.0,19703.285714285714,46141.0,48210.0,49618.0
8348,2022-08-06,Pacific,157.0,44448.0,19703.14285714286,16170.0,158.0,17397.0
8357,2022-08-07,Pacific,79.0,157.0,19699.714285714286,6493.0,103.0,8166.0
8366,2022-08-08,Pacific,14215.0,79.0,18243.285714285714,44448.0,24410.0,48210.0
8375,2022-08-09,Pacific,37101.0,14215.0,16951.85714285714,157.0,46141.0,158.0
8384,2022-08-10,Pacific,15353.0,37101.0,16835.14285714286,79.0,16170.0,103.0
8393,2022-08-11,Pacific,5620.0,15353.0,16710.428571428572,14215.0,6493.0,24410.0
8402,2022-08-12,Pacific,41216.0,5620.0,16248.714285714286,37101.0,44448.0,46141.0
8411,2022-08-13,Pacific,116.0,41216.0,16242.857142857143,15353.0,157.0,16170.0
8420,2022-08-14,Pacific,69.0,116.0,16241.42857142857,5620.0,79.0,6493.0
8429,2022-08-15,Pacific,15737.0,69.0,16458.85714285714,41216.0,14215.0,44448.0
8438,2022-08-16,Pacific,32450.0,15737.0,15794.42857142857,116.0,37101.0,157.0
8447,2022-08-17,Pacific,11116.0,32450.0,15189.142857142857,69.0,15353.0,79.0
8456,2022-08-18,Pacific,4617.0,11116.0,15045.857142857143,15737.0,5620.0,14215.0
8465,2022-08-19,Pacific,37198.0,4617.0,14471.857142857143,32450.0,41216.0,37101.0
8474,2022-08-20,Pacific,92.0,37198.0,14468.42857142857,11116.0,116.0,15353.0
8483,2022-08-21,Pacific,98.0,92.0,14472.57142857143,4617.0,69.0,5620.0
8492,2022-08-22,Pacific,12657.0,98.0,14032.57142857143,37198.0,15737.0,41216.0
8501,2022-08-23,Pacific,28806.0,12657.0,13512.0,92.0,32450.0,116.0
8510,2022-08-24,Pacific,9876.0,28806.0,13334.857142857143,98.0,11116.0,69.0
8519,2022-08-25,Pacific,4187.0,9876.0,13273.42857142857,12657.0,4617.0,15737.0
8528,2022-08-26,Pacific,35546.0,4187.0,13037.42857142857,28806.0,37198.0,32450.0
8537,2022-08-27,Pacific,107.0,35546.0,13039.57142857143,9876.0,92.0,11116.0
8546,2022-08-28,Pacific,82.0,107.0,13037.285714285714,4187.0,98.0,4617.0
8555,2022-08-29,Pacific,11616.0,82.0,12888.57142857143,35546.0,12657.0,37198.0
8564,2022-08-30,Pacific,28453.0,11616.0,12838.142857142857,107.0,28806.0,92.0
8573,2022-08-31,Pacific,7522.0,28453.0,12501.857142857143,82.0,9876.0,98.0
8582,2022-09-01,Pacific,3197.0,7522.0,12360.42857142857,11616.0,4187.0,12657.0
8591,2022-09-02,Pacific,27152.0,3197.0,11161.285714285714,28453.0,35546.0,28806.0
8600,2022-09-03,Pacific,89.0,27152.0,11158.714285714286,7522.0,107.0,9876.0
8609,2022-09-04,Pacific,69.0,89.0,11156.857142857143,3197.0,82.0,4187.0
8618,2022-09-05,Pacific,5088.0,69.0,10224.285714285714,27152.0,11616.0,35546.0
8627,2022-09-06,Pacific,4737.0,5088.0,6836.285714285715,89.0,28453.0,107.0
8636,2022-09-07,Pacific,27181.0,4737.0,9644.714285714286,69.0,7522.0,82.0
8645,2022-09-08,Pacific,2706.0,27181.0,9574.57142857143,5088.0,3197.0,11616.0
8654,2022-09-09,Pacific,19757.0,2706.0,8518.142857142857,4737.0,27152.0,28453.0
8663,2022-09-10,Pacific,0.0,19757.0,8505.42857142857,27181.0,89.0,7522.0
8672,2022-09-11,Pacific,0.0,0.0,8495.57142857143,2706.0,69.0,3197.0
8681,2022-09-12,Pacific,7931.0,0.0,8901.714285714286,19757.0,5088.0,27152.0
8690,2022-09-13,Pacific,2383.0,7931.0,8565.42857142857,0.0,4737.0,89.0
8699,2022-09-14,Pacific,5327.0,2383.0,5443.428571428572,0.0,27181.0,69.0
8708,2022-09-15,Pacific,22719.0,5327.0,8302.42857142857,7931.0,2706.0,5088.0
