,date,region,new_confirmed,1_day_shift,7_day_avg,6_day_shift,7_day_shift
7,2020-01-22,West North Central,0.0,,,,
16,2020-01-23,West North Central,0.0,0.0,,,
25,2020-01-24,West North Central,0.0,0.0,,,
34,2020-01-25,West North Central,0.0,0.0,,,
43,2020-01-26,West North Central,0.0,0.0,,,
52,2020-01-27,West North Central,0.0,0.0,,,
61,2020-01-28,West North Central,0.0,0.0,0.0,0.0,
70,2020-01-29,West North Central,0.0,0.0,0.0,0.0,0.0
79,2020-01-30,West North Central,0.0,0.0,0.0,0.0,0.0
88,2020-01-31,West North Central,0.0,0.0,0.0,0.0,0.0
97,2020-02-01,West North Central,0.0,0.0,0.0,0.0,0.0
106,2020-02-02,West North Central,0.0,0.0,0.0,0.0,0.0
115,2020-02-03,West North Central,0.0,0.0,0.0,0.0,0.0
124,2020-02-04,West North Central,0.0,0.0,0.0,0.0,0.0
133,2020-02-05,West North Central,0.0,0.0,0.0,0.0,0.0
142,2020-02-06,West North Central,0.0,0.0,0.0,0.0,0.0
151,2020-02-07,West North Central,0.0,0.0,0.0,0.0,0.0
160,2020-02-08,West North Central,0.0,0.0,0.0,0.0,0.0
169,2020-02-09,West North Central,0.0,0.0,0.0,0.0,0.0
178,2020-02-10,West North Central,0.0,0.0,0.0,0.0,0.0
187,2020-02-11,West North Central,0.0,0.0,0.0,0.0,0.0
196,2020-02-12,West North Central,0.0,0.0,0.0,0.0,0.0
205,2020-02-13,West North Central,0.0,0.0,0.0,0.0,0.0
214,2020-02-14,West North Central,0.0,0.0,0.0,0.0,0.0
223,2020-02-15,West North Central,0.0,0.0,0.0,0.0,0.0
232,2020-02-16,West North Central,0.0,0.0,0.0,0.0,0.0
241,2020-02-17,West North Central,0.0,0.0,0.0,0.0,0.0
250,2020-02-18,West North Central,0.0,0.0,0.0,0.0,0.0
259,2020-02-19,West North Central,0.0,0.0,0.0,0.0,0.0
268,2020-02-20,West North Central,0.0,0.0,0.0,0.0,0.0
277,2020-02-21,West North Central,0.0,0.0,0.0,0.0,0.0
286,2020-02-22,West North Central,0.0,0.0,0.0,0.0,0.0
295,2020-02-23,West North Central,0.0,0.0,0.0,0.0,0.0
304,2020-02-24,West North Central,0.0,0.0,0.0,0.0,0.0
313,2020-02-25,West North Central,0.0,0.0,0.0,0.0,0.0
322,2020-02-26,West North Central,0.0,0.0,0.0,0.0,0.0
331,2020-02-27,West North Central,0.0,0.0,0.0,0.0,0.0
340,2020-02-28,West North Central,0.0,0.0,0.0,0.0,0.0
349,2020-02-29,West North Central,0.0,0.0,0.0,0.0,0.0
358,2020-03-01,West North Central,0.0,0.0,0.0,0.0,0.0
367,2020-03-02,West North Central,0.0,0.0,0.0,0.0,0.0
376,2020-03-03,West North Central,0.0,0.0,0.0,0.0,0.0
385,2020-03-04,West North Central,1.0,0.0,0.14285714285714285,0.0,0.0
394,2020-03-05,West North Central,0.0,1.0,0.14285714285714285,0.0,0.0
403,2020-03-06,West North Central,1.0,0.0,0.2857142857142857,0.0,0.0
412,2020-03-07,West North Central,2.0,1.0,0.5714285714285714,0.0,0.0
421,2020-03-08,West North Central,2.0,2.0,0.8571428571428571,0.0,0.0
430,2020-03-09,West North Central,8.0,2.0,2.0,0.0,0.0
439,2020-03-10,West North Central,11.0,8.0,3.5714285714285716,1.0,0.0
448,2020-03-11,West North Central,22.0,11.0,6.571428571428571,0.0,1.0
457,2020-03-12,West North Central,35.0,22.0,11.571428571428571,1.0,0.0
466,2020-03-13,West North Central,28.0,35.0,15.428571428571429,2.0,1.0
475,2020-03-14,West North Central,32.0,28.0,19.714285714285715,2.0,2.0
484,2020-03-15,West North Central,45.0,32.0,25.857142857142858,8.0,2.0
493,2020-03-16,West North Central,61.0,45.0,33.42857142857143,11.0,8.0
502,2020-03-17,West North Central,78.0,61.0,43.0,22.0,11.0
511,2020-03-18,West North Central,43.0,78.0,46.0,35.0,22.0
520,2020-03-19,West North Central,68.0,43.0,50.714285714285715,28.0,35.0
529,2020-03-20,West North Central,69.0,68.0,56.57142857142857,32.0,28.0
538,2020-03-21,West North Central,98.0,69.0,66.0,45.0,32.0
547,2020-03-22,West North Central,87.0,98.0,72.0,61.0,45.0
556,2020-03-23,West North Central,181.0,87.0,89.14285714285714,78.0,61.0
565,2020-03-24,West North Central,93.0,181.0,91.28571428571429,43.0,78.0
574,2020-03-25,West North Central,306.0,93.0,128.85714285714286,68.0,43.0
583,2020-03-26,West North Central,315.0,306.0,164.14285714285714,69.0,68.0
592,2020-03-27,West North Central,365.0,315.0,206.42857142857142,98.0,69.0
601,2020-03-28,West North Central,378.0,365.0,246.42857142857142,87.0,98.0
610,2020-03-29,West North Central,185.0,378.0,260.42857142857144,181.0,87.0
619,2020-03-30,West North Central,486.0,185.0,304.0,93.0,181.0
628,2020-03-31,West North Central,566.0,486.0,371.57142857142856,306.0,93.0
637,2020-04-01,West North Central,498.0,566.0,399.0,315.0,306.0
646,2020-04-02,West North Central,563.0,498.0,434.42857142857144,365.0,315.0
655,2020-04-03,West North Central,564.0,563.0,462.85714285714283,378.0,365.0
664,2020-04-04,West North Central,462.0,564.0,474.85714285714283,185.0,378.0
673,2020-04-05,West North Central,357.0,462.0,499.42857142857144,486.0,185.0
682,2020-04-06,West North Central,756.0,357.0,538.0,566.0,486.0
691,2020-04-07,West North Central,656.0,756.0,550.8571428571429,498.0,566.0
700,2020-04-08,West North Central,794.0,656.0,593.1428571428571,563.0,498.0
709,2020-04-09,West North Central,620.0,794.0,601.2857142857143,564.0,563.0
718,2020-04-10,West North Central,699.0,620.0,620.5714285714286,462.0,564.0
727,2020-04-11,West North Central,693.0,699.0,653.5714285714286,357.0,462.0
736,2020-04-12,West North Central,550.0,693.0,681.1428571428571,756.0,357.0
745,2020-04-13,West North Central,722.0,550.0,676.2857142857143,656.0,756.0
754,2020-04-14,West North Central,877.0,722.0,707.8571428571429,794.0,656.0
763,2020-04-15,West North Central,762.0,877.0,703.2857142857143,620.0,794.0
772,2020-04-16,West North Central,843.0,762.0,735.1428571428571,699.0,620.0
781,2020-04-17,West North Central,922.0,843.0,767.0,693.0,699.0
790,2020-04-18,West North Central,913.0,922.0,798.4285714285714,550.0,693.0
799,2020-04-19,West North Central,1022.0,913.0,865.8571428571429,722.0,550.0
808,2020-04-20,West North Central,1089.0,1022.0,918.2857142857143,877.0,722.0
817,2020-04-21,West North Central,1179.0,1089.0,961.4285714285714,762.0,877.0
826,2020-04-22,West North Central,1005.0,1179.0,996.1428571428571,843.0,762.0
835,2020-04-23,West North Central,1364.0,1005.0,1070.5714285714287,922.0,843.0
844,2020-04-24,West North Central,2071.0,1364.0,1234.7142857142858,913.0,922.0
853,2020-04-25,West North Central,1926.0,2071.0,1379.4285714285713,1022.0,913.0
862,2020-04-26,West North Central,1498.0,1926.0,1447.4285714285713,1089.0,1022.0
871,2020-04-27,West North Central,1799.0,1498.0,1548.857142857143,1179.0,1089.0
880,2020-04-28,West North Central,1851.0,1799.0,1644.857142857143,1005.0,1179.0
889,2020-04-29,West North Central,1634.0,1851.0,1734.7142857142858,1364.0,1005.0
898,2020-04-30,West North Central,2107.0,1634.0,1840.857142857143,2071.0,1364.0
907,2020-05-01,West North Central,2456.0,2107.0,1895.857142857143,1926.0,2071.0
916,2020-05-02,West North Central,2374.0,2456.0,1959.857142857143,1498.0,1926.0
925,2020-05-03,West North Central,1953.0,2374.0,2024.857142857143,1799.0,1498.0
934,2020-05-04,West North Central,2596.0,1953.0,2138.714285714286,1851.0,1799.0
943,2020-05-05,West North Central,1689.0,2596.0,2115.5714285714284,1634.0,1851.0
952,2020-05-06,West North Central,1858.0,1689.0,2147.5714285714284,2107.0,1634.0
961,2020-05-07,West North Central,2630.0,1858.0,2222.285714285714,2456.0,2107.0
970,2020-05-08,West North Central,2326.0,2630.0,2203.714285714286,2374.0,2456.0
979,2020-05-09,West North Central,1852.0,2326.0,2129.1428571428573,1953.0,2374.0
988,2020-05-10,West North Central,1447.0,1852.0,2056.8571428571427,2596.0,1953.0
997,2020-05-11,West North Central,1687.0,1447.0,1927.0,1689.0,2596.0
1006,2020-05-12,West North Central,1649.0,1687.0,1921.2857142857142,1858.0,1689.0
1015,2020-05-13,West North Central,1857.0,1649.0,1921.142857142857,2630.0,1858.0
1024,2020-05-14,West North Central,1864.0,1857.0,1811.7142857142858,2326.0,2630.0
1033,2020-05-15,West North Central,2216.0,1864.0,1796.0,1852.0,2326.0
1042,2020-05-16,West North Central,1355.0,2216.0,1725.0,1447.0,1852.0
1051,2020-05-17,West North Central,1275.0,1355.0,1700.4285714285713,1687.0,1447.0
1060,2020-05-18,West North Central,2084.0,1275.0,1757.142857142857,1649.0,1687.0
1069,2020-05-19,West North Central,1779.0,2084.0,1775.7142857142858,1857.0,1649.0
1078,2020-05-20,West North Central,1777.0,1779.0,1764.2857142857142,1864.0,1857.0
1087,2020-05-21,West North Central,2081.0,1777.0,1795.2857142857142,2216.0,1864.0
1096,2020-05-22,West North Central,2242.0,2081.0,1799.0,1355.0,2216.0
1105,2020-05-23,West North Central,1372.0,2242.0,1801.4285714285713,1275.0,1355.0
1114,2020-05-24,West North Central,1427.0,1372.0,1823.142857142857,2084.0,1275.0
1123,2020-05-25,West North Central,1375.0,1427.0,1721.857142857143,1779.0,2084.0
1132,2020-05-26,West North Central,1365.0,1375.0,1662.7142857142858,1777.0,1779.0
1141,2020-05-27,West North Central,1995.0,1365.0,1693.857142857143,2081.0,1777.0
1150,2020-05-28,West North Central,1446.0,1995.0,1603.142857142857,2242.0,2081.0
1159,2020-05-29,West North Central,1709.0,1446.0,1527.0,1372.0,2242.0
1168,2020-05-30,West North Central,1174.0,1709.0,1498.7142857142858,1427.0,1372.0
1177,2020-05-31,West North Central,941.0,1174.0,1429.2857142857142,1375.0,1427.0
1186,2020-06-01,West North Central,1476.0,941.0,1443.7142857142858,1365.0,1375.0
1195,2020-06-02,West North Central,1345.0,1476.0,1440.857142857143,1995.0,1365.0
1204,2020-06-03,West North Central,1297.0,1345.0,1341.142857142857,1446.0,1995.0
1213,2020-06-04,West North Central,1807.0,1297.0,1392.7142857142858,1709.0,1446.0
1222,2020-06-05,West North Central,1485.0,1807.0,1360.7142857142858,1174.0,1709.0
1231,2020-06-06,West North Central,1103.0,1485.0,1350.5714285714287,941.0,1174.0
1240,2020-06-07,West North Central,714.0,1103.0,1318.142857142857,1476.0,941.0
1249,2020-06-08,West North Central,1349.0,714.0,1300.0,1345.0,1476.0
1258,2020-06-09,West North Central,1050.0,1349.0,1257.857142857143,1297.0,1345.0
1267,2020-06-10,West North Central,1336.0,1050.0,1263.4285714285713,1807.0,1297.0
1276,2020-06-11,West North Central,1050.0,1336.0,1155.2857142857142,1485.0,1807.0
1285,2020-06-12,West North Central,1277.0,1050.0,1125.5714285714287,1103.0,1485.0
1294,2020-06-13,West North Central,938.0,1277.0,1102.0,714.0,1103.0
1303,2020-06-14,West North Central,422.0,938.0,1060.2857142857142,1349.0,714.0
1312,2020-06-15,West North Central,1244.0,422.0,1045.2857142857142,1050.0,1349.0
1321,2020-06-16,West North Central,727.0,1244.0,999.1428571428571,1336.0,1050.0
1330,2020-06-17,West North Central,1472.0,727.0,1018.5714285714286,1050.0,1336.0
1339,2020-06-18,West North Central,1338.0,1472.0,1059.7142857142858,1277.0,1050.0
1348,2020-06-19,West North Central,1718.0,1338.0,1122.7142857142858,938.0,1277.0
1357,2020-06-20,West North Central,1314.0,1718.0,1176.4285714285713,422.0,938.0
1366,2020-06-21,West North Central,1558.0,1314.0,1338.7142857142858,1244.0,422.0
1375,2020-06-22,West North Central,1098.0,1558.0,1317.857142857143,727.0,1244.0
1384,2020-06-23,West North Central,745.0,1098.0,1320.4285714285713,1472.0,727.0
1393,2020-06-24,West North Central,2098.0,745.0,1409.857142857143,1338.0,1472.0
1402,2020-06-25,West North Central,1626.0,2098.0,1451.0,1718.0,1338.0
1411,2020-06-26,West North Central,2252.0,1626.0,1527.2857142857142,1314.0,1718.0
1420,2020-06-27,West North Central,1396.0,2252.0,1539.0,1558.0,1314.0
1429,2020-06-28,West North Central,1648.0,1396.0,1551.857142857143,1098.0,1558.0
1438,2020-06-29,West North Central,2183.0,1648.0,1706.857142857143,745.0,1098.0
1447,2020-06-30,West North Central,1404.0,2183.0,1801.0,2098.0,745.0
1456,2020-07-01,West North Central,2016.0,1404.0,1789.2857142857142,1626.0,2098.0
1465,2020-07-02,West North Central,1851.0,2016.0,1821.4285714285713,2252.0,1626.0
1474,2020-07-03,West North Central,2400.0,1851.0,1842.5714285714287,1396.0,2252.0
1483,2020-07-04,West North Central,1312.0,2400.0,1830.5714285714287,1648.0,1396.0
1492,2020-07-05,West North Central,1283.0,1312.0,1778.4285714285713,2183.0,1648.0
1501,2020-07-06,West North Central,2316.0,1283.0,1797.4285714285713,1404.0,2183.0
1510,2020-07-07,West North Central,1935.0,2316.0,1873.2857142857142,2016.0,1404.0
1519,2020-07-08,West North Central,2535.0,1935.0,1947.4285714285713,1851.0,2016.0
1528,2020-07-09,West North Central,2517.0,2535.0,2042.5714285714287,2400.0,1851.0
1537,2020-07-10,West North Central,2688.0,2517.0,2083.714285714286,1312.0,2400.0
1546,2020-07-11,West North Central,2896.0,2688.0,2310.0,1283.0,1312.0
1555,2020-07-12,West North Central,1801.0,2896.0,2384.0,2316.0,1283.0
1564,2020-07-13,West North Central,3144.0,1801.0,2502.285714285714,1935.0,2316.0
1573,2020-07-14,West North Central,1983.0,3144.0,2509.1428571428573,2535.0,1935.0
1582,2020-07-15,West North Central,3246.0,1983.0,2610.714285714286,2517.0,2535.0
1591,2020-07-16,West North Central,2561.0,3246.0,2617.0,2688.0,2517.0
1600,2020-07-17,West North Central,3526.0,2561.0,2736.714285714286,2896.0,2688.0
1609,2020-07-18,West North Central,2017.0,3526.0,2611.1428571428573,1801.0,2896.0
1618,2020-07-19,West North Central,2673.0,2017.0,2735.714285714286,3144.0,1801.0
1627,2020-07-20,West North Central,3490.0,2673.0,2785.1428571428573,1983.0,3144.0
1636,2020-07-21,West North Central,2218.0,3490.0,2818.714285714286,3246.0,1983.0
1645,2020-07-22,West North Central,3454.0,2218.0,2848.4285714285716,2561.0,3246.0
1654,2020-07-23,West North Central,3725.0,3454.0,3014.714285714286,3526.0,2561.0
1663,2020-07-24,West North Central,4572.0,3725.0,3164.1428571428573,2017.0,3526.0
1672,2020-07-25,West North Central,3142.0,4572.0,3324.8571428571427,2673.0,2017.0
1681,2020-07-26,West North Central,3060.0,3142.0,3380.1428571428573,3490.0,2673.0
1690,2020-07-27,West North Central,3573.0,3060.0,3392.0,2218.0,3490.0
1699,2020-07-28,West North Central,2954.0,3573.0,3497.1428571428573,3454.0,2218.0
1708,2020-07-29,West North Central,4287.0,2954.0,3616.1428571428573,3725.0,3454.0
1717,2020-07-30,West North Central,3971.0,4287.0,3651.285714285714,4572.0,3725.0
1726,2020-07-31,West North Central,4336.0,3971.0,3617.5714285714284,3142.0,4572.0
1735,2020-08-01,West North Central,2734.0,4336.0,3559.285714285714,3060.0,3142.0
1744,2020-08-02,West North Central,2182.0,2734.0,3433.8571428571427,3573.0,3060.0
1753,2020-08-03,West North Central,3576.0,2182.0,3434.285714285714,2954.0,3573.0
1762,2020-08-04,West North Central,2458.0,3576.0,3363.4285714285716,4287.0,2954.0
1771,2020-08-05,West North Central,3749.0,2458.0,3286.5714285714284,3971.0,4287.0
1780,2020-08-06,West North Central,3163.0,3749.0,3171.1428571428573,4336.0,3971.0
1789,2020-08-07,West North Central,3545.0,3163.0,3058.1428571428573,2734.0,4336.0
1798,2020-08-08,West North Central,1902.0,3545.0,2939.285714285714,2182.0,2734.0
1807,2020-08-09,West North Central,1663.0,1902.0,2865.1428571428573,3576.0,2182.0
1816,2020-08-10,West North Central,4929.0,1663.0,3058.4285714285716,2458.0,3576.0
1825,2020-08-11,West North Central,2045.0,4929.0,2999.4285714285716,3749.0,2458.0
1834,2020-08-12,West North Central,3876.0,2045.0,3017.5714285714284,3163.0,3749.0
1843,2020-08-13,West North Central,2983.0,3876.0,2991.8571428571427,3545.0,3163.0
1852,2020-08-14,West North Central,4832.0,2983.0,3175.714285714286,1902.0,3545.0
1861,2020-08-15,West North Central,3223.0,4832.0,3364.4285714285716,1663.0,1902.0
1870,2020-08-16,West North Central,3004.0,3223.0,3556.0,4929.0,1663.0
1879,2020-08-17,West North Central,3564.0,3004.0,3361.0,2045.0,4929.0
1888,2020-08-18,West North Central,1775.0,3564.0,3322.4285714285716,3876.0,2045.0
1897,2020-08-19,West North Central,3448.0,1775.0,3261.285714285714,2983.0,3876.0
1906,2020-08-20,West North Central,3089.0,3448.0,3276.4285714285716,4832.0,2983.0
1915,2020-08-21,West North Central,4745.0,3089.0,3264.0,3223.0,4832.0
1924,2020-08-22,West North Central,3541.0,4745.0,3309.4285714285716,3004.0,3223.0
1933,2020-08-23,West North Central,2508.0,3541.0,3238.5714285714284,3564.0,3004.0
1942,2020-08-24,West North Central,3870.0,2508.0,3282.285714285714,1775.0,3564.0
1951,2020-08-25,West North Central,2287.0,3870.0,3355.4285714285716,3448.0,1775.0
1960,2020-08-26,West North Central,5258.0,2287.0,3614.0,3089.0,3448.0
1969,2020-08-27,West North Central,5271.0,5258.0,3925.714285714286,4745.0,3089.0
1978,2020-08-28,West North Central,5568.0,5271.0,4043.285714285714,3541.0,4745.0
1987,2020-08-29,West North Central,4125.0,5568.0,4126.714285714285,2508.0,3541.0
1996,2020-08-30,West North Central,4286.0,4125.0,4380.714285714285,3870.0,2508.0
2005,2020-08-31,West North Central,4483.0,4286.0,4468.285714285715,2287.0,3870.0
2014,2020-09-01,West North Central,2813.0,4483.0,4543.428571428572,5258.0,2287.0
2023,2020-09-02,West North Central,5048.0,2813.0,4513.428571428572,5271.0,5258.0
2032,2020-09-03,West North Central,4427.0,5048.0,4392.857142857143,5568.0,5271.0
2041,2020-09-04,West North Central,5892.0,4427.0,4439.142857142857,4125.0,5568.0
2050,2020-09-05,West North Central,4769.0,5892.0,4531.142857142857,4286.0,4125.0
2059,2020-09-06,West North Central,3250.0,4769.0,4383.142857142857,4483.0,4286.0
2068,2020-09-07,West North Central,4072.0,3250.0,4324.428571428572,2813.0,4483.0
2077,2020-09-08,West North Central,1877.0,4072.0,4190.714285714285,5048.0,2813.0
2086,2020-09-09,West North Central,3388.0,1877.0,3953.5714285714284,4427.0,5048.0
2095,2020-09-10,West North Central,3437.0,3388.0,3812.1428571428573,5892.0,4427.0
2104,2020-09-11,West North Central,4720.0,3437.0,3644.714285714286,4769.0,5892.0
2113,2020-09-12,West North Central,4673.0,4720.0,3631.0,3250.0,4769.0
2122,2020-09-13,West North Central,4017.0,4673.0,3740.5714285714284,4072.0,3250.0
2131,2020-09-14,West North Central,4511.0,4017.0,3803.285714285714,1877.0,4072.0
2140,2020-09-15,West North Central,2852.0,4511.0,3942.5714285714284,3388.0,1877.0
2149,2020-09-16,West North Central,4317.0,2852.0,4075.285714285714,3437.0,3388.0
2158,2020-09-17,West North Central,4840.0,4317.0,4275.714285714285,4720.0,3437.0
2167,2020-09-18,West North Central,6874.0,4840.0,4583.428571428572,4673.0,4720.0
2176,2020-09-19,West North Central,4361.0,6874.0,4538.857142857143,4017.0,4673.0
2185,2020-09-20,West North Central,4259.0,4361.0,4573.428571428572,4511.0,4017.0
2194,2020-09-21,West North Central,5465.0,4259.0,4709.714285714285,2852.0,4511.0
2203,2020-09-22,West North Central,2976.0,5465.0,4727.428571428572,4317.0,2852.0
2212,2020-09-23,West North Central,5875.0,2976.0,4950.0,4840.0,4317.0
2221,2020-09-24,West North Central,4848.0,5875.0,4951.142857142857,6874.0,4840.0
2230,2020-09-25,West North Central,6845.0,4848.0,4947.0,4361.0,6874.0
2239,2020-09-26,West North Central,5592.0,6845.0,5122.857142857143,4259.0,4361.0
2248,2020-09-27,West North Central,4342.0,5592.0,5134.714285714285,5465.0,4259.0
2257,2020-09-28,West North Central,5510.0,4342.0,5141.142857142857,2976.0,5465.0
2266,2020-09-29,West North Central,2552.0,5510.0,5080.571428571428,5875.0,2976.0
2275,2020-09-30,West North Central,5580.0,2552.0,5038.428571428572,4848.0,5875.0
2284,2020-10-01,West North Central,5537.0,5580.0,5136.857142857143,6845.0,4848.0
2293,2020-10-02,West North Central,6416.0,5537.0,5075.571428571428,5592.0,6845.0
2302,2020-10-03,West North Central,5739.0,6416.0,5096.571428571428,4342.0,5592.0
2311,2020-10-04,West North Central,4260.0,5739.0,5084.857142857143,5510.0,4342.0
2320,2020-10-05,West North Central,4816.0,4260.0,4985.714285714285,2552.0,5510.0
2329,2020-10-06,West North Central,3812.0,4816.0,5165.714285714285,5580.0,2552.0
2338,2020-10-07,West North Central,6191.0,3812.0,5253.0,5537.0,5580.0
2347,2020-10-08,West North Central,5704.0,6191.0,5276.857142857143,6416.0,5537.0
2356,2020-10-09,West North Central,8406.0,5704.0,5561.142857142857,5739.0,6416.0
2365,2020-10-10,West North Central,10081.0,8406.0,6181.428571428572,4260.0,5739.0
2374,2020-10-11,West North Central,4512.0,10081.0,6217.428571428572,4816.0,4260.0
2383,2020-10-12,West North Central,5018.0,4512.0,6246.285714285715,3812.0,4816.0
2392,2020-10-13,West North Central,3025.0,5018.0,6133.857142857143,6191.0,3812.0
2401,2020-10-14,West North Central,10400.0,3025.0,6735.142857142857,5704.0,6191.0
2410,2020-10-15,West North Central,6788.0,10400.0,6890.0,8406.0,5704.0
2419,2020-10-16,West North Central,9870.0,6788.0,7099.142857142857,10081.0,8406.0
2428,2020-10-17,West North Central,8071.0,9870.0,6812.0,4512.0,10081.0
2437,2020-10-18,West North Central,6338.0,8071.0,7072.857142857143,5018.0,4512.0
2446,2020-10-19,West North Central,7661.0,6338.0,7450.428571428572,3025.0,5018.0
2455,2020-10-20,West North Central,5529.0,7661.0,7808.142857142857,10400.0,3025.0
2464,2020-10-21,West North Central,6671.0,5529.0,7275.428571428572,6788.0,10400.0
2473,2020-10-22,West North Central,7770.0,6671.0,7415.714285714285,9870.0,6788.0
2482,2020-10-23,West North Central,9603.0,7770.0,7377.571428571428,8071.0,9870.0
2491,2020-10-24,West North Central,9948.0,9603.0,7645.714285714285,6338.0,8071.0
2500,2020-10-25,West North Central,7482.0,9948.0,7809.142857142857,7661.0,6338.0
2509,2020-10-26,West North Central,7942.0,7482.0,7849.285714285715,5529.0,7661.0
2518,2020-10-27,West North Central,7310.0,7942.0,8103.714285714285,6671.0,5529.0
2527,2020-10-28,West North Central,11938.0,7310.0,8856.142857142857,7770.0,6671.0
2536,2020-10-29,West North Central,11265.0,11938.0,9355.42857142857,9603.0,7770.0
2545,2020-10-30,West North Central,15542.0,11265.0,10203.857142857143,9948.0,9603.0
2554,2020-10-31,West North Central,12952.0,15542.0,10633.0,7482.0,9948.0
2563,2020-11-01,West North Central,10330.0,12952.0,11039.857142857143,7942.0,7482.0
2572,2020-11-02,West North Central,13477.0,10330.0,11830.57142857143,7310.0,7942.0
2581,2020-11-03,West North Central,9985.0,13477.0,12212.714285714286,11938.0,7310.0
2590,2020-11-04,West North Central,15239.0,9985.0,12684.285714285714,11265.0,11938.0
2599,2020-11-05,West North Central,16247.0,15239.0,13396.0,15542.0,11265.0
2608,2020-11-06,West North Central,22986.0,16247.0,14459.42857142857,12952.0,15542.0
2617,2020-11-07,West North Central,18588.0,22986.0,15264.57142857143,10330.0,12952.0
2626,2020-11-08,West North Central,17599.0,18588.0,16303.0,13477.0,10330.0
2635,2020-11-09,West North Central,21105.0,17599.0,17392.714285714286,9985.0,13477.0
2644,2020-11-10,West North Central,15435.0,21105.0,18171.285714285714,15239.0,9985.0
2653,2020-11-11,West North Central,23569.0,15435.0,19361.285714285714,16247.0,15239.0
2662,2020-11-12,West North Central,21542.0,23569.0,20117.714285714286,22986.0,16247.0
2671,2020-11-13,West North Central,25575.0,21542.0,20487.571428571428,18588.0,22986.0
2680,2020-11-14,West North Central,25681.0,25575.0,21500.85714285714,17599.0,18588.0
2689,2020-11-15,West North Central,18907.0,25681.0,21687.714285714286,21105.0,17599.0
2698,2020-11-16,West North Central,23768.0,18907.0,22068.14285714286,15435.0,21105.0
2707,2020-11-17,West North Central,19415.0,23768.0,22636.714285714286,23569.0,15435.0
2716,2020-11-18,West North Central,23760.0,19415.0,22664.0,21542.0,23569.0
2725,2020-11-19,West North Central,21019.0,23760.0,22589.285714285714,25575.0,21542.0
2734,2020-11-20,West North Central,26249.0,21019.0,22685.571428571428,25681.0,25575.0
2743,2020-11-21,West North Central,19403.0,26249.0,21788.714285714286,18907.0,25681.0
2752,2020-11-22,West North Central,17356.0,19403.0,21567.14285714286,23768.0,18907.0
2761,2020-11-23,West North Central,22117.0,17356.0,21331.285714285714,19415.0,23768.0
2770,2020-11-24,West North Central,15413.0,22117.0,20759.571428571428,23760.0,19415.0
2779,2020-11-25,West North Central,23727.0,15413.0,20754.85714285714,21019.0,23760.0
2788,2020-11-26,West North Central,10563.0,23727.0,19261.14285714286,26249.0,21019.0
2797,2020-11-27,West North Central,21096.0,10563.0,18525.0,19403.0,26249.0
2806,2020-11-28,West North Central,15415.0,21096.0,17955.285714285714,17356.0,19403.0
2815,2020-11-29,West North Central,16506.0,15415.0,17833.85714285714,22117.0,17356.0
2824,2020-11-30,West North Central,17493.0,16506.0,17173.285714285714,15413.0,22117.0
2833,2020-12-01,West North Central,10321.0,17493.0,16445.85714285714,23727.0,15413.0
2842,2020-12-02,West North Central,18463.0,10321.0,15693.857142857143,10563.0,23727.0
2851,2020-12-03,West North Central,16841.0,18463.0,16590.714285714286,21096.0,10563.0
2860,2020-12-04,West North Central,22022.0,16841.0,16723.0,15415.0,21096.0
2869,2020-12-05,West North Central,16100.0,22022.0,16820.85714285714,16506.0,15415.0
2878,2020-12-06,West North Central,14374.0,16100.0,16516.285714285714,17493.0,16506.0
2887,2020-12-07,West North Central,16517.0,14374.0,16376.857142857143,10321.0,17493.0
2896,2020-12-08,West North Central,9544.0,16517.0,16265.857142857143,18463.0,10321.0
2905,2020-12-09,West North Central,17665.0,9544.0,16151.857142857143,16841.0,18463.0
2914,2020-12-10,West North Central,11623.0,17665.0,15406.42857142857,22022.0,16841.0
2923,2020-12-11,West North Central,17980.0,11623.0,14829.0,16100.0,22022.0
2932,2020-12-12,West North Central,11632.0,17980.0,14190.714285714286,14374.0,16100.0
2941,2020-12-13,West North Central,8831.0,11632.0,13398.857142857143,16517.0,14374.0
2950,2020-12-14,West North Central,12626.0,8831.0,12843.0,9544.0,16517.0
2959,2020-12-15,West North Central,6967.0,12626.0,12474.857142857143,17665.0,9544.0
2968,2020-12-16,West North Central,13723.0,6967.0,11911.714285714286,11623.0,17665.0
2977,2020-12-17,West North Central,9956.0,13723.0,11673.57142857143,17980.0,11623.0
2986,2020-12-18,West North Central,16188.0,9956.0,11417.57142857143,11632.0,17980.0
2995,2020-12-19,West North Central,8868.0,16188.0,11022.714285714286,8831.0,11632.0
3004,2020-12-20,West North Central,6965.0,8868.0,10756.142857142857,12626.0,8831.0
3013,2020-12-21,West North Central,11230.0,6965.0,10556.714285714286,6967.0,12626.0
3022,2020-12-22,West North Central,5953.0,11230.0,10411.857142857143,13723.0,6967.0
3031,2020-12-23,West North Central,13261.0,5953.0,10345.857142857143,9956.0,13723.0
3040,2020-12-24,West North Central,8300.0,13261.0,10109.285714285714,16188.0,9956.0
3049,2020-12-25,West North Central,3641.0,8300.0,8316.857142857143,8868.0,16188.0
3058,2020-12-26,West North Central,5837.0,3641.0,7883.857142857143,6965.0,8868.0
3067,2020-12-27,West North Central,5158.0,5837.0,7625.714285714285,11230.0,6965.0
3076,2020-12-28,West North Central,10531.0,5158.0,7525.857142857143,5953.0,11230.0
3085,2020-12-29,West North Central,5796.0,10531.0,7503.428571428572,13261.0,5953.0
3094,2020-12-30,West North Central,14046.0,5796.0,7615.571428571428,8300.0,13261.0
3103,2020-12-31,West North Central,9485.0,14046.0,7784.857142857143,3641.0,8300.0
3112,2021-01-01,West North Central,13135.0,9485.0,9141.142857142857,5837.0,3641.0
3121,2021-01-02,West North Central,7142.0,13135.0,9327.57142857143,5158.0,5837.0
3130,2021-01-03,West North Central,7281.0,7142.0,9630.857142857143,10531.0,5158.0
3139,2021-01-04,West North Central,9661.0,7281.0,9506.57142857143,5796.0,10531.0
3148,2021-01-05,West North Central,6498.0,9661.0,9606.857142857143,14046.0,5796.0
3157,2021-01-06,West North Central,15085.0,6498.0,9755.285714285714,9485.0,14046.0
3166,2021-01-07,West North Central,9468.0,15085.0,9752.857142857143,13135.0,9485.0
3175,2021-01-08,West North Central,15670.0,9468.0,10115.0,7142.0,13135.0
3184,2021-01-09,West North Central,8830.0,15670.0,10356.142857142857,7281.0,7142.0
3193,2021-01-10,West North Central,7424.0,8830.0,10376.57142857143,9661.0,7281.0
3202,2021-01-11,West North Central,8996.0,7424.0,10281.57142857143,6498.0,9661.0
3211,2021-01-12,West North Central,5109.0,8996.0,10083.142857142857,15085.0,6498.0
3220,2021-01-13,West North Central,11146.0,5109.0,9520.42857142857,9468.0,15085.0
3229,2021-01-14,West North Central,7596.0,11146.0,9253.0,15670.0,9468.0
3238,2021-01-15,West North Central,10564.0,7596.0,8523.57142857143,8830.0,15670.0
3247,2021-01-16,West North Central,5646.0,10564.0,8068.714285714285,7424.0,8830.0
3256,2021-01-17,West North Central,3647.0,5646.0,7529.142857142857,8996.0,7424.0
3265,2021-01-18,West North Central,7681.0,3647.0,7341.285714285715,5109.0,8996.0
3274,2021-01-19,West North Central,3697.0,7681.0,7139.571428571428,11146.0,5109.0
3283,2021-01-20,West North Central,8451.0,3697.0,6754.571428571428,7596.0,11146.0
3292,2021-01-21,West North Central,6330.0,8451.0,6573.714285714285,10564.0,7596.0
3301,2021-01-22,West North Central,8873.0,6330.0,6332.142857142857,5646.0,10564.0
3310,2021-01-23,West North Central,5582.0,8873.0,6323.0,3647.0,5646.0
3319,2021-01-24,West North Central,4910.0,5582.0,6503.428571428572,7681.0,3647.0
3328,2021-01-25,West North Central,5058.0,4910.0,6128.714285714285,3697.0,7681.0
3337,2021-01-26,West North Central,3355.0,5058.0,6079.857142857143,8451.0,3697.0
3346,2021-01-27,West North Central,6975.0,3355.0,5869.0,6330.0,8451.0
3355,2021-01-28,West North Central,4909.0,6975.0,5666.0,8873.0,6330.0
3364,2021-01-29,West North Central,7099.0,4909.0,5412.571428571428,5582.0,8873.0
3373,2021-01-30,West North Central,4167.0,7099.0,5210.428571428572,4910.0,5582.0
3382,2021-01-31,West North Central,3043.0,4167.0,4943.714285714285,5058.0,4910.0
3391,2021-02-01,West North Central,4192.0,3043.0,4820.0,3355.0,5058.0
3400,2021-02-02,West North Central,2675.0,4192.0,4722.857142857143,6975.0,3355.0
3409,2021-02-03,West North Central,5973.0,2675.0,4579.714285714285,4909.0,6975.0
3418,2021-02-04,West North Central,4288.0,5973.0,4491.0,7099.0,4909.0
3427,2021-02-05,West North Central,6381.0,4288.0,4388.428571428572,4167.0,7099.0
3436,2021-02-06,West North Central,2850.0,6381.0,4200.285714285715,3043.0,4167.0
3445,2021-02-07,West North Central,2563.0,2850.0,4131.714285714285,4192.0,3043.0
3454,2021-02-08,West North Central,2913.0,2563.0,3949.0,2675.0,4192.0
3463,2021-02-09,West North Central,2083.0,2913.0,3864.4285714285716,5973.0,2675.0
3472,2021-02-10,West North Central,4858.0,2083.0,3705.1428571428573,4288.0,5973.0
3481,2021-02-11,West North Central,3317.0,4858.0,3566.4285714285716,6381.0,4288.0
3490,2021-02-12,West North Central,4460.0,3317.0,3292.0,2850.0,6381.0
3499,2021-02-13,West North Central,3799.0,4460.0,3427.5714285714284,2563.0,2850.0
3508,2021-02-14,West North Central,1985.0,3799.0,3345.0,2913.0,2563.0
3517,2021-02-15,West North Central,2784.0,1985.0,3326.5714285714284,2083.0,2913.0
3526,2021-02-16,West North Central,1699.0,2784.0,3271.714285714286,4858.0,2083.0
3535,2021-02-17,West North Central,3600.0,1699.0,3092.0,3317.0,4858.0
3544,2021-02-18,West North Central,2762.0,3600.0,3012.714285714286,4460.0,3317.0
3553,2021-02-19,West North Central,4730.0,2762.0,3051.285714285714,3799.0,4460.0
3562,2021-02-20,West North Central,2312.0,4730.0,2838.8571428571427,1985.0,3799.0
3571,2021-02-21,West North Central,1977.0,2312.0,2837.714285714286,2784.0,1985.0
3580,2021-02-22,West North Central,2262.0,1977.0,2763.1428571428573,1699.0,2784.0
3589,2021-02-23,West North Central,1857.0,2262.0,2785.714285714286,3600.0,1699.0
3598,2021-02-24,West North Central,3782.0,1857.0,2811.714285714286,2762.0,3600.0
3607,2021-02-25,West North Central,2756.0,3782.0,2810.8571428571427,4730.0,2762.0
3616,2021-02-26,West North Central,3443.0,2756.0,2627.0,2312.0,4730.0
3625,2021-02-27,West North Central,2138.0,3443.0,2602.1428571428573,1977.0,2312.0
3634,2021-02-28,West North Central,1703.0,2138.0,2563.0,2262.0,1977.0
3643,2021-03-01,West North Central,1891.0,1703.0,2510.0,1857.0,2262.0
3652,2021-03-02,West North Central,1608.0,1891.0,2474.4285714285716,3782.0,1857.0
3661,2021-03-03,West North Central,3008.0,1608.0,2363.8571428571427,2756.0,3782.0
3670,2021-03-04,West North Central,2521.0,3008.0,2330.285714285714,3443.0,2756.0
3679,2021-03-05,West North Central,2947.0,2521.0,2259.4285714285716,2138.0,3443.0
3688,2021-03-06,West North Central,2265.0,2947.0,2277.5714285714284,1703.0,2138.0
3697,2021-03-07,West North Central,2061.0,2265.0,2328.714285714286,1891.0,1703.0
3706,2021-03-08,West North Central,48071.0,2061.0,8925.857142857143,1608.0,1891.0
3715,2021-03-09,West North Central,3621.0,48071.0,9213.42857142857,3008.0,1608.0
3724,2021-03-10,West North Central,3431.0,3621.0,9273.857142857143,2521.0,3008.0
3733,2021-03-11,West North Central,2983.0,3431.0,9339.857142857143,2947.0,2521.0
3742,2021-03-12,West North Central,3462.0,2983.0,9413.42857142857,2265.0,2947.0
3751,2021-03-13,West North Central,2519.0,3462.0,9449.714285714286,2061.0,2265.0
3760,2021-03-14,West North Central,1847.0,2519.0,9419.142857142857,48071.0,2061.0
3769,2021-03-15,West North Central,2402.0,1847.0,2895.0,3621.0,48071.0
3778,2021-03-16,West North Central,2459.0,2402.0,2729.0,3431.0,3621.0
3787,2021-03-17,West North Central,3416.0,2459.0,2726.8571428571427,2983.0,3431.0
3796,2021-03-18,West North Central,3488.0,3416.0,2799.0,3462.0,2983.0
3805,2021-03-19,West North Central,3635.0,3488.0,2823.714285714286,2519.0,3462.0
3814,2021-03-20,West North Central,2707.0,3635.0,2850.5714285714284,1847.0,2519.0
3823,2021-03-21,West North Central,1718.0,2707.0,2832.1428571428573,2402.0,1847.0
3832,2021-03-22,West North Central,2976.0,1718.0,2914.1428571428573,2459.0,2402.0
3841,2021-03-23,West North Central,2830.0,2976.0,2967.1428571428573,3416.0,2459.0
3850,2021-03-24,West North Central,3921.0,2830.0,3039.285714285714,3488.0,3416.0
3859,2021-03-25,West North Central,4773.0,3921.0,3222.8571428571427,3635.0,3488.0
3868,2021-03-26,West North Central,4427.0,4773.0,3336.0,2707.0,3635.0
3877,2021-03-27,West North Central,3607.0,4427.0,3464.5714285714284,1718.0,2707.0
3886,2021-03-28,West North Central,2033.0,3607.0,3509.5714285714284,2976.0,1718.0
3895,2021-03-29,West North Central,3134.0,2033.0,3532.1428571428573,2830.0,2976.0
3904,2021-03-30,West North Central,3136.0,3134.0,3575.8571428571427,3921.0,2830.0
3913,2021-03-31,West North Central,4387.0,3136.0,3642.4285714285716,4773.0,3921.0
3922,2021-04-01,West North Central,4538.0,4387.0,3608.8571428571427,4427.0,4773.0
3931,2021-04-02,West North Central,5592.0,4538.0,3775.285714285714,3607.0,4427.0
3940,2021-04-03,West North Central,3746.0,5592.0,3795.1428571428573,2033.0,3607.0
3949,2021-04-04,West North Central,848.0,3746.0,3625.8571428571427,3134.0,2033.0
3958,2021-04-05,West North Central,3099.0,848.0,3620.8571428571427,3136.0,3134.0
3967,2021-04-06,West North Central,5069.0,3099.0,3897.0,4387.0,3136.0
3976,2021-04-07,West North Central,4643.0,5069.0,3933.5714285714284,4538.0,4387.0
3985,2021-04-08,West North Central,4779.0,4643.0,3968.0,5592.0,4538.0
3994,2021-04-09,West North Central,5250.0,4779.0,3919.1428571428573,3746.0,5592.0
4003,2021-04-10,West North Central,4313.0,5250.0,4000.1428571428573,848.0,3746.0
4012,2021-04-11,West North Central,2931.0,4313.0,4297.714285714285,3099.0,848.0
4021,2021-04-12,West North Central,3570.0,2931.0,4365.0,5069.0,3099.0
4030,2021-04-13,West North Central,3348.0,3570.0,4119.142857142857,4643.0,5069.0
4039,2021-04-14,West North Central,4625.0,3348.0,4116.571428571428,4779.0,4643.0
4048,2021-04-15,West North Central,4672.0,4625.0,4101.285714285715,5250.0,4779.0
4057,2021-04-16,West North Central,4878.0,4672.0,4048.1428571428573,4313.0,5250.0
4066,2021-04-17,West North Central,-2722.0,4878.0,3043.1428571428573,2931.0,4313.0
4075,2021-04-18,West North Central,2630.0,-2722.0,3000.1428571428573,3570.0,2931.0
4084,2021-04-19,West North Central,2831.0,2630.0,2894.5714285714284,3348.0,3570.0
4093,2021-04-20,West North Central,3178.0,2831.0,2870.285714285714,4625.0,3348.0
4102,2021-04-21,West North Central,4363.0,3178.0,2832.8571428571427,4672.0,4625.0
4111,2021-04-22,West North Central,3822.0,4363.0,2711.4285714285716,4878.0,4672.0
4120,2021-04-23,West North Central,4645.0,3822.0,2678.1428571428573,-2722.0,4878.0
4129,2021-04-24,West North Central,3824.0,4645.0,3613.285714285714,2630.0,-2722.0
4138,2021-04-25,West North Central,2250.0,3824.0,3559.0,2831.0,2630.0
4147,2021-04-26,West North Central,2636.0,2250.0,3531.1428571428573,3178.0,2831.0
4156,2021-04-27,West North Central,2617.0,2636.0,3451.0,4363.0,3178.0
4165,2021-04-28,West North Central,4121.0,2617.0,3416.4285714285716,3822.0,4363.0
4174,2021-04-29,West North Central,3621.0,4121.0,3387.714285714286,4645.0,3822.0
4183,2021-04-30,West North Central,4092.0,3621.0,3308.714285714286,3824.0,4645.0
4192,2021-05-01,West North Central,3422.0,4092.0,3251.285714285714,2250.0,3824.0
4201,2021-05-02,West North Central,2776.0,3422.0,3326.4285714285716,2636.0,2250.0
4210,2021-05-03,West North Central,2629.0,2776.0,3325.4285714285716,2617.0,2636.0
4219,2021-05-04,West North Central,2544.0,2629.0,3315.0,4121.0,2617.0
4228,2021-05-05,West North Central,3250.0,2544.0,3190.5714285714284,3621.0,4121.0
4237,2021-05-06,West North Central,3137.0,3250.0,3121.4285714285716,4092.0,3621.0
4246,2021-05-07,West North Central,3245.0,3137.0,3000.4285714285716,3422.0,4092.0
4255,2021-05-08,West North Central,2324.0,3245.0,2843.5714285714284,2776.0,3422.0
4264,2021-05-09,West North Central,1380.0,2324.0,2644.1428571428573,2629.0,2776.0
4273,2021-05-10,West North Central,2252.0,1380.0,2590.285714285714,2544.0,2629.0
4282,2021-05-11,West North Central,1928.0,2252.0,2502.285714285714,3250.0,2544.0
4291,2021-05-12,West North Central,2402.0,1928.0,2381.1428571428573,3137.0,3250.0
4300,2021-05-13,West North Central,2227.0,2402.0,2251.1428571428573,3245.0,3137.0
4309,2021-05-14,West North Central,2632.0,2227.0,2163.5714285714284,2324.0,3245.0
4318,2021-05-15,West North Central,1499.0,2632.0,2045.7142857142858,1380.0,2324.0
4327,2021-05-16,West North Central,1233.0,1499.0,2024.7142857142858,2252.0,1380.0
4336,2021-05-17,West North Central,1654.0,1233.0,1939.2857142857142,1928.0,2252.0
4345,2021-05-18,West North Central,1470.0,1654.0,1873.857142857143,2402.0,1928.0
4354,2021-05-19,West North Central,2141.0,1470.0,1836.5714285714287,2227.0,2402.0
4363,2021-05-20,West North Central,1958.0,2141.0,1798.142857142857,2632.0,2227.0
4372,2021-05-21,West North Central,2094.0,1958.0,1721.2857142857142,1499.0,2632.0
4381,2021-05-22,West North Central,1136.0,2094.0,1669.4285714285713,1233.0,1499.0
4390,2021-05-23,West North Central,801.0,1136.0,1607.7142857142858,1654.0,1233.0
4399,2021-05-24,West North Central,1352.0,801.0,1564.5714285714287,1470.0,1654.0
4408,2021-05-25,West North Central,1091.0,1352.0,1510.4285714285713,2141.0,1470.0
4417,2021-05-26,West North Central,1697.0,1091.0,1447.0,1958.0,2141.0
4426,2021-05-27,West North Central,1415.0,1697.0,1369.4285714285713,2094.0,1958.0
4435,2021-05-28,West North Central,1787.0,1415.0,1325.5714285714287,1136.0,2094.0
4444,2021-05-29,West North Central,904.0,1787.0,1292.4285714285713,801.0,1136.0
4453,2021-05-30,West North Central,555.0,904.0,1257.2857142857142,1352.0,801.0
4462,2021-05-31,West North Central,217.0,555.0,1095.142857142857,1091.0,1352.0
4471,2021-06-01,West North Central,467.0,217.0,1006.0,1697.0,1091.0
4480,2021-06-02,West North Central,1369.0,467.0,959.1428571428571,1415.0,1697.0
4489,2021-06-03,West North Central,1139.0,1369.0,919.7142857142857,1787.0,1415.0
4498,2021-06-04,West North Central,1428.0,1139.0,868.4285714285714,904.0,1787.0
4507,2021-06-05,West North Central,819.0,1428.0,856.2857142857143,555.0,904.0
4516,2021-06-06,West North Central,372.0,819.0,830.1428571428571,217.0,555.0
4525,2021-06-07,West North Central,1024.0,372.0,945.4285714285714,467.0,217.0
4534,2021-06-08,West North Central,1018.0,1024.0,1024.142857142857,1369.0,467.0
4543,2021-06-09,West North Central,1230.0,1018.0,1004.2857142857143,1139.0,1369.0
4552,2021-06-10,West North Central,1028.0,1230.0,988.4285714285714,1428.0,1139.0
4561,2021-06-11,West North Central,1327.0,1028.0,974.0,819.0,1428.0
4570,2021-06-12,West North Central,716.0,1327.0,959.2857142857143,372.0,819.0
4579,2021-06-13,West North Central,502.0,716.0,977.8571428571429,1024.0,372.0
4588,2021-06-14,West North Central,1021.0,502.0,977.4285714285714,1018.0,1024.0
4597,2021-06-15,West North Central,892.0,1021.0,959.4285714285714,1230.0,1018.0
4606,2021-06-16,West North Central,1323.0,892.0,972.7142857142857,1028.0,1230.0
4615,2021-06-17,West North Central,1106.0,1323.0,983.8571428571429,1327.0,1028.0
4624,2021-06-18,West North Central,1404.0,1106.0,994.8571428571429,716.0,1327.0
4633,2021-06-19,West North Central,662.0,1404.0,987.1428571428571,502.0,716.0
4642,2021-06-20,West North Central,489.0,662.0,985.2857142857143,1021.0,502.0
4651,2021-06-21,West North Central,981.0,489.0,979.5714285714286,892.0,1021.0
4660,2021-06-22,West North Central,1074.0,981.0,1005.5714285714286,1323.0,892.0
4669,2021-06-23,West North Central,1385.0,1074.0,1014.4285714285714,1106.0,1323.0
4678,2021-06-24,West North Central,1434.0,1385.0,1061.2857142857142,1404.0,1106.0
4687,2021-06-25,West North Central,1561.0,1434.0,1083.7142857142858,662.0,1404.0
4696,2021-06-26,West North Central,755.0,1561.0,1097.0,489.0,662.0
4705,2021-06-27,West North Central,580.0,755.0,1110.0,981.0,489.0
4714,2021-06-28,West North Central,1349.0,580.0,1162.5714285714287,1074.0,981.0
4723,2021-06-29,West North Central,1325.0,1349.0,1198.4285714285713,1385.0,1074.0
4732,2021-06-30,West North Central,1872.0,1325.0,1268.0,1434.0,1385.0
4741,2021-07-01,West North Central,1696.0,1872.0,1305.4285714285713,1561.0,1434.0
4750,2021-07-02,West North Central,1908.0,1696.0,1355.0,755.0,1561.0
4759,2021-07-03,West North Central,405.0,1908.0,1305.0,580.0,755.0
4768,2021-07-04,West North Central,1038.0,405.0,1370.4285714285713,1349.0,580.0
4777,2021-07-05,West North Central,678.0,1038.0,1274.5714285714287,1325.0,1349.0
4786,2021-07-06,West North Central,1688.0,678.0,1326.4285714285713,1872.0,1325.0
4795,2021-07-07,West North Central,2990.0,1688.0,1486.142857142857,1696.0,1872.0
4804,2021-07-08,West North Central,1831.0,2990.0,1505.4285714285713,1908.0,1696.0
4813,2021-07-09,West North Central,3570.0,1831.0,1742.857142857143,405.0,1908.0
4822,2021-07-10,West North Central,1465.0,3570.0,1894.2857142857142,1038.0,405.0
4831,2021-07-11,West North Central,833.0,1465.0,1865.0,678.0,1038.0
4840,2021-07-12,West North Central,1677.0,833.0,2007.7142857142858,1688.0,678.0
4849,2021-07-13,West North Central,3184.0,1677.0,2221.4285714285716,2990.0,1688.0
4858,2021-07-14,West North Central,3164.0,3184.0,2246.285714285714,1831.0,2990.0
4867,2021-07-15,West North Central,3328.0,3164.0,2460.1428571428573,3570.0,1831.0
4876,2021-07-16,West North Central,5202.0,3328.0,2693.285714285714,1465.0,3570.0
4885,2021-07-17,West North Central,2441.0,5202.0,2832.714285714286,833.0,1465.0
4894,2021-07-18,West North Central,997.0,2441.0,2856.1428571428573,1677.0,833.0
4903,2021-07-19,West North Central,2908.0,997.0,3032.0,3184.0,1677.0
4912,2021-07-20,West North Central,3758.0,2908.0,3114.0,3164.0,3184.0
4921,2021-07-21,West North Central,5048.0,3758.0,3383.1428571428573,3328.0,3164.0
4930,2021-07-22,West North Central,3891.0,5048.0,3463.5714285714284,5202.0,3328.0
4939,2021-07-23,West North Central,5401.0,3891.0,3492.0,2441.0,5202.0
4948,2021-07-24,West North Central,3212.0,5401.0,3602.1428571428573,997.0,2441.0
4957,2021-07-25,West North Central,1361.0,3212.0,3654.1428571428573,2908.0,997.0
4966,2021-07-26,West North Central,3925.0,1361.0,3799.4285714285716,3758.0,2908.0
4975,2021-07-27,West North Central,4561.0,3925.0,3914.1428571428573,5048.0,3758.0
4984,2021-07-28,West North Central,7503.0,4561.0,4264.857142857143,3891.0,5048.0
4993,2021-07-29,West North Central,4189.0,7503.0,4307.428571428572,5401.0,3891.0
5002,2021-07-30,West North Central,6965.0,4189.0,4530.857142857143,3212.0,5401.0
5011,2021-07-31,West North Central,3337.0,6965.0,4548.714285714285,1361.0,3212.0
5020,2021-08-01,West North Central,1785.0,3337.0,4609.285714285715,3925.0,1361.0
5029,2021-08-02,West North Central,4636.0,1785.0,4710.857142857143,4561.0,3925.0
5038,2021-08-03,West North Central,6190.0,4636.0,4943.571428571428,7503.0,4561.0
5047,2021-08-04,West North Central,10090.0,6190.0,5313.142857142857,4189.0,7503.0
5056,2021-08-05,West North Central,5529.0,10090.0,5504.571428571428,6965.0,4189.0
5065,2021-08-06,West North Central,7021.0,5529.0,5512.571428571428,3337.0,6965.0
5074,2021-08-07,West North Central,3971.0,7021.0,5603.142857142857,1785.0,3337.0
5083,2021-08-08,West North Central,1588.0,3971.0,5575.0,4636.0,1785.0
5092,2021-08-09,West North Central,6424.0,1588.0,5830.428571428572,6190.0,4636.0
5101,2021-08-10,West North Central,6574.0,6424.0,5885.285714285715,10090.0,6190.0
5110,2021-08-11,West North Central,11495.0,6574.0,6086.0,5529.0,10090.0
5119,2021-08-12,West North Central,5832.0,11495.0,6129.285714285715,7021.0,5529.0
5128,2021-08-13,West North Central,8126.0,5832.0,6287.142857142857,3971.0,7021.0
5137,2021-08-14,West North Central,4777.0,8126.0,6402.285714285715,1588.0,3971.0
5146,2021-08-15,West North Central,1634.0,4777.0,6408.857142857143,6424.0,1588.0
5155,2021-08-16,West North Central,7106.0,1634.0,6506.285714285715,6574.0,6424.0
5164,2021-08-17,West North Central,8329.0,7106.0,6757.0,11495.0,6574.0
5173,2021-08-18,West North Central,10251.0,8329.0,6579.285714285715,5832.0,11495.0
5182,2021-08-19,West North Central,6110.0,10251.0,6619.0,8126.0,5832.0
5191,2021-08-20,West North Central,8755.0,6110.0,6708.857142857143,4777.0,8126.0
5200,2021-08-21,West North Central,4449.0,8755.0,6662.0,1634.0,4777.0
5209,2021-08-22,West North Central,1748.0,4449.0,6678.285714285715,7106.0,1634.0
5218,2021-08-23,West North Central,8386.0,1748.0,6861.142857142857,8329.0,7106.0
5227,2021-08-24,West North Central,10719.0,8386.0,7202.571428571428,10251.0,8329.0
5236,2021-08-25,West North Central,11910.0,10719.0,7439.571428571428,6110.0,10251.0
5245,2021-08-26,West North Central,6522.0,11910.0,7498.428571428572,8755.0,6110.0
5254,2021-08-27,West North Central,9554.0,6522.0,7612.571428571428,4449.0,8755.0
5263,2021-08-28,West North Central,5180.0,9554.0,7717.0,1748.0,4449.0
5272,2021-08-29,West North Central,1311.0,5180.0,7654.571428571428,8386.0,1748.0
5281,2021-08-30,West North Central,9601.0,1311.0,7828.142857142857,10719.0,8386.0
5290,2021-08-31,West North Central,10418.0,9601.0,7785.142857142857,11910.0,10719.0
5299,2021-09-01,West North Central,14006.0,10418.0,8084.571428571428,6522.0,11910.0
5308,2021-09-02,West North Central,7176.0,14006.0,8178.0,9554.0,6522.0
5317,2021-09-03,West North Central,10966.0,7176.0,8379.714285714286,5180.0,9554.0
5326,2021-09-04,West North Central,6001.0,10966.0,8497.0,1311.0,5180.0
5335,2021-09-05,West North Central,1423.0,6001.0,8513.0,9601.0,1311.0
5344,2021-09-06,West North Central,2767.0,1423.0,7536.714285714285,10418.0,9601.0
5353,2021-09-07,West North Central,8213.0,2767.0,7221.714285714285,14006.0,10418.0
5362,2021-09-08,West North Central,19182.0,8213.0,7961.142857142857,7176.0,14006.0
5371,2021-09-09,West North Central,6206.0,19182.0,7822.571428571428,10966.0,7176.0
5380,2021-09-10,West North Central,11637.0,6206.0,7918.428571428572,6001.0,10966.0
5389,2021-09-11,West North Central,6994.0,11637.0,8060.285714285715,1423.0,6001.0
5398,2021-09-12,West North Central,1764.0,6994.0,8109.0,2767.0,1423.0
5407,2021-09-13,West North Central,9717.0,1764.0,9101.857142857143,8213.0,2767.0
5416,2021-09-14,West North Central,13461.0,9717.0,9851.57142857143,19182.0,8213.0
5425,2021-09-15,West North Central,15472.0,13461.0,9321.57142857143,6206.0,19182.0
5434,2021-09-16,West North Central,7250.0,15472.0,9470.714285714286,11637.0,6206.0
5443,2021-09-17,West North Central,9844.0,7250.0,9214.57142857143,6994.0,11637.0
5452,2021-09-18,West North Central,7765.0,9844.0,9324.714285714286,1764.0,6994.0
5461,2021-09-19,West North Central,1355.0,7765.0,9266.285714285714,9717.0,1764.0
5470,2021-09-20,West North Central,8366.0,1355.0,9073.285714285714,13461.0,9717.0
5479,2021-09-21,West North Central,14418.0,8366.0,9210.0,15472.0,13461.0
5488,2021-09-22,West North Central,11768.0,14418.0,8680.857142857143,7250.0,15472.0
5497,2021-09-23,West North Central,6447.0,11768.0,8566.142857142857,9844.0,7250.0
5506,2021-09-24,West North Central,9245.0,6447.0,8480.57142857143,7765.0,9844.0
5515,2021-09-25,West North Central,7006.0,9245.0,8372.142857142857,1355.0,7765.0
5524,2021-09-26,West North Central,1178.0,7006.0,8346.857142857143,8366.0,1355.0
5533,2021-09-27,West North Central,7744.0,1178.0,8258.0,14418.0,8366.0
5542,2021-09-28,West North Central,14068.0,7744.0,8208.0,11768.0,14418.0
5551,2021-09-29,West North Central,11563.0,14068.0,8178.714285714285,6447.0,11768.0
5560,2021-09-30,West North Central,7255.0,11563.0,8294.142857142857,9245.0,6447.0
5569,2021-10-01,West North Central,9530.0,7255.0,8334.857142857143,7006.0,9245.0
5578,2021-10-02,West North Central,5655.0,9530.0,8141.857142857143,1178.0,7006.0
5587,2021-10-03,West North Central,1283.0,5655.0,8156.857142857143,7744.0,1178.0
5596,2021-10-04,West North Central,8271.0,1283.0,8232.142857142857,14068.0,7744.0
5605,2021-10-05,West North Central,14132.0,8271.0,8241.285714285714,11563.0,14068.0
5614,2021-10-06,West North Central,12968.0,14132.0,8442.0,7255.0,11563.0
5623,2021-10-07,West North Central,6296.0,12968.0,8305.0,9530.0,7255.0
5632,2021-10-08,West North Central,9182.0,6296.0,8255.285714285714,5655.0,9530.0
5641,2021-10-09,West North Central,4641.0,9182.0,8110.428571428572,1283.0,5655.0
5650,2021-10-10,West North Central,996.0,4641.0,8069.428571428572,8271.0,1283.0
5659,2021-10-11,West North Central,7268.0,996.0,7926.142857142857,14132.0,8271.0
5668,2021-10-12,West North Central,13277.0,7268.0,7804.0,12968.0,14132.0
5677,2021-10-13,West North Central,10980.0,13277.0,7520.0,6296.0,12968.0
5686,2021-10-14,West North Central,6106.0,10980.0,7492.857142857143,9182.0,6296.0
5695,2021-10-15,West North Central,8126.0,6106.0,7342.0,4641.0,9182.0
5704,2021-10-16,West North Central,3876.0,8126.0,7232.714285714285,996.0,4641.0
5713,2021-10-17,West North Central,863.0,3876.0,7213.714285714285,7268.0,996.0
5722,2021-10-18,West North Central,6583.0,863.0,7115.857142857143,13277.0,7268.0
5731,2021-10-19,West North Central,10862.0,6583.0,6770.857142857143,10980.0,13277.0
5740,2021-10-20,West North Central,9573.0,10862.0,6569.857142857143,6106.0,10980.0
5749,2021-10-21,West North Central,5554.0,9573.0,6491.0,8126.0,6106.0
5758,2021-10-22,West North Central,6652.0,5554.0,6280.428571428572,3876.0,8126.0
5767,2021-10-23,West North Central,3852.0,6652.0,6277.0,863.0,3876.0
5776,2021-10-24,West North Central,700.0,3852.0,6253.714285714285,6583.0,863.0
5785,2021-10-25,West North Central,6796.0,700.0,6284.142857142857,10862.0,6583.0
5794,2021-10-26,West North Central,11915.0,6796.0,6434.571428571428,9573.0,10862.0
5803,2021-10-27,West North Central,9918.0,11915.0,6483.857142857143,5554.0,9573.0
5812,2021-10-28,West North Central,5769.0,9918.0,6514.571428571428,6652.0,5554.0
5821,2021-10-29,West North Central,7848.0,5769.0,6685.428571428572,3852.0,6652.0
5830,2021-10-30,West North Central,3779.0,7848.0,6675.0,700.0,3852.0
5839,2021-10-31,West North Central,1281.0,3779.0,6758.0,6796.0,700.0
5848,2021-11-01,West North Central,13988.0,1281.0,7785.428571428572,11915.0,6796.0
5857,2021-11-02,West North Central,13511.0,13988.0,8013.428571428572,9918.0,11915.0
5866,2021-11-03,West North Central,11331.0,13511.0,8215.285714285714,5769.0,9918.0
5875,2021-11-04,West North Central,6978.0,11331.0,8388.0,7848.0,5769.0
5884,2021-11-05,West North Central,8601.0,6978.0,8495.57142857143,3779.0,7848.0
5893,2021-11-06,West North Central,4758.0,8601.0,8635.42857142857,1281.0,3779.0
5902,2021-11-07,West North Central,803.0,4758.0,8567.142857142857,13988.0,1281.0
5911,2021-11-08,West North Central,9151.0,803.0,7876.142857142857,13511.0,13988.0
5920,2021-11-09,West North Central,14858.0,9151.0,8068.571428571428,11331.0,13511.0
5929,2021-11-10,West North Central,14879.0,14858.0,8575.42857142857,6978.0,11331.0
5938,2021-11-11,West North Central,7123.0,14879.0,8596.142857142857,8601.0,6978.0
5947,2021-11-12,West North Central,12451.0,7123.0,9146.142857142857,4758.0,8601.0
5956,2021-11-13,West North Central,5009.0,12451.0,9182.0,803.0,4758.0
5965,2021-11-14,West North Central,944.0,5009.0,9202.142857142857,9151.0,803.0
5974,2021-11-15,West North Central,11381.0,944.0,9520.714285714286,14858.0,9151.0
5983,2021-11-16,West North Central,18124.0,11381.0,9987.285714285714,14879.0,14858.0
5992,2021-11-17,West North Central,13646.0,18124.0,9811.142857142857,7123.0,14879.0
6001,2021-11-18,West North Central,16855.0,13646.0,11201.42857142857,12451.0,7123.0
6010,2021-11-19,West North Central,11549.0,16855.0,11072.57142857143,5009.0,12451.0
6019,2021-11-20,West North Central,5685.0,11549.0,11169.142857142857,944.0,5009.0
6028,2021-11-21,West North Central,804.0,5685.0,11149.142857142857,11381.0,944.0
6037,2021-11-22,West North Central,11306.0,804.0,11138.42857142857,18124.0,11381.0
6046,2021-11-23,West North Central,19667.0,11306.0,11358.857142857143,13646.0,18124.0
6055,2021-11-24,West North Central,14275.0,19667.0,11448.714285714286,16855.0,13646.0
6064,2021-11-25,West North Central,705.0,14275.0,9141.57142857143,11549.0,16855.0
6073,2021-11-26,West North Central,4577.0,705.0,8145.571428571428,5685.0,11549.0
6082,2021-11-27,West North Central,1024.0,4577.0,7479.714285714285,804.0,5685.0
6091,2021-11-28,West North Central,2918.0,1024.0,7781.714285714285,11306.0,804.0
6100,2021-11-29,West North Central,17714.0,2918.0,8697.142857142857,19667.0,11306.0
6109,2021-11-30,West North Central,21779.0,17714.0,8998.857142857143,14275.0,19667.0
6118,2021-12-01,West North Central,18545.0,21779.0,9608.857142857143,705.0,14275.0
6127,2021-12-02,West North Central,11681.0,18545.0,11176.857142857143,4577.0,705.0
6136,2021-12-03,West North Central,13522.0,11681.0,12454.714285714286,1024.0,4577.0
6145,2021-12-04,West North Central,9175.0,13522.0,13619.142857142857,2918.0,1024.0
6154,2021-12-05,West North Central,1545.0,9175.0,13423.0,17714.0,2918.0
6163,2021-12-06,West North Central,15622.0,1545.0,13124.142857142857,21779.0,17714.0
6172,2021-12-07,West North Central,22194.0,15622.0,13183.42857142857,18545.0,21779.0
6181,2021-12-08,West North Central,17065.0,22194.0,12972.0,11681.0,18545.0
6190,2021-12-09,West North Central,9164.0,17065.0,12612.42857142857,13522.0,11681.0
6199,2021-12-10,West North Central,17145.0,9164.0,13130.0,9175.0,13522.0
6208,2021-12-11,West North Central,2839.0,17145.0,12224.857142857143,1545.0,9175.0
6217,2021-12-12,West North Central,1528.0,2839.0,12222.42857142857,15622.0,1545.0
6226,2021-12-13,West North Central,11090.0,1528.0,11575.0,22194.0,15622.0
6235,2021-12-14,West North Central,17809.0,11090.0,10948.57142857143,17065.0,22194.0
6244,2021-12-15,West North Central,15139.0,17809.0,10673.42857142857,9164.0,17065.0
6253,2021-12-16,West North Central,10368.0,15139.0,10845.42857142857,17145.0,9164.0
6262,2021-12-17,West North Central,12924.0,10368.0,10242.42857142857,2839.0,17145.0
6271,2021-12-18,West North Central,6823.0,12924.0,10811.57142857143,1528.0,2839.0
6280,2021-12-19,West North Central,1773.0,6823.0,10846.57142857143,11090.0,1528.0
6289,2021-12-20,West North Central,10405.0,1773.0,10748.714285714286,17809.0,11090.0
6298,2021-12-21,West North Central,16091.0,10405.0,10503.285714285714,15139.0,17809.0
6307,2021-12-22,West North Central,17480.0,16091.0,10837.714285714286,10368.0,15139.0
6316,2021-12-23,West North Central,10568.0,17480.0,10866.285714285714,12924.0,10368.0
6325,2021-12-24,West North Central,432.0,10568.0,9081.714285714286,6823.0,12924.0
6334,2021-12-25,West North Central,167.0,432.0,8130.857142857143,1773.0,6823.0
6343,2021-12-26,West North Central,2307.0,167.0,8207.142857142857,10405.0,1773.0
6352,2021-12-27,West North Central,23396.0,2307.0,10063.0,16091.0,10405.0
6361,2021-12-28,West North Central,23421.0,23396.0,11110.142857142857,17480.0,16091.0
6370,2021-12-29,West North Central,27699.0,23421.0,12570.0,10568.0,17480.0
6379,2021-12-30,West North Central,18771.0,27699.0,13741.857142857143,432.0,10568.0
6388,2021-12-31,West North Central,1635.0,18771.0,13913.714285714286,167.0,432.0
6397,2022-01-01,West North Central,451.0,1635.0,13954.285714285714,2307.0,167.0
6406,2022-01-02,West North Central,6037.0,451.0,14487.142857142857,23396.0,2307.0
6415,2022-01-03,West North Central,48680.0,6037.0,18099.14285714286,23421.0,23396.0
6424,2022-01-04,West North Central,42670.0,48680.0,20849.0,27699.0,23421.0
6433,2022-01-05,West North Central,47745.0,42670.0,23712.714285714286,18771.0,27699.0
6442,2022-01-06,West North Central,27686.0,47745.0,24986.285714285714,1635.0,18771.0
6451,2022-01-07,West North Central,42380.0,27686.0,30807.0,451.0,1635.0
6460,2022-01-08,West North Central,24035.0,42380.0,34176.142857142855,6037.0,451.0
6469,2022-01-09,West North Central,7622.0,24035.0,34402.57142857143,48680.0,6037.0
6478,2022-01-10,West North Central,44698.0,7622.0,33833.71428571428,42670.0,48680.0
6487,2022-01-11,West North Central,63485.0,44698.0,36807.28571428572,47745.0,42670.0
6496,2022-01-12,West North Central,66952.0,63485.0,39551.142857142855,27686.0,47745.0
6505,2022-01-13,West North Central,38709.0,66952.0,41125.857142857145,42380.0,27686.0
6514,2022-01-14,West North Central,52347.0,38709.0,42549.71428571428,24035.0,42380.0
6523,2022-01-15,West North Central,33566.0,52347.0,43911.28571428572,7622.0,24035.0
6532,2022-01-16,West North Central,1094.0,33566.0,42978.71428571428,44698.0,7622.0
6541,2022-01-17,West North Central,8873.0,1094.0,37860.857142857145,63485.0,44698.0
6550,2022-01-18,West North Central,60164.0,8873.0,37386.42857142857,66952.0,63485.0
6559,2022-01-19,West North Central,125176.0,60164.0,45704.142857142855,38709.0,66952.0
6568,2022-01-20,West North Central,38609.0,125176.0,45689.857142857145,52347.0,38709.0
6577,2022-01-21,West North Central,58043.0,38609.0,46503.57142857143,33566.0,52347.0
6586,2022-01-22,West North Central,24074.0,58043.0,45147.57142857143,1094.0,33566.0
6595,2022-01-23,West North Central,6461.0,24074.0,45914.28571428572,8873.0,1094.0
6604,2022-01-24,West North Central,47317.0,6461.0,51406.28571428572,60164.0,8873.0
6613,2022-01-25,West North Central,67047.0,47317.0,52389.57142857143,125176.0,60164.0
6622,2022-01-26,West North Central,56548.0,67047.0,42585.57142857143,38609.0,125176.0
6631,2022-01-27,West North Central,32076.0,56548.0,41652.28571428572,58043.0,38609.0
6640,2022-01-28,West North Central,42470.0,32076.0,39427.57142857143,24074.0,58043.0
6649,2022-01-29,West North Central,18104.0,42470.0,38574.71428571428,6461.0,24074.0
6658,2022-01-30,West North Central,3356.0,18104.0,38131.142857142855,47317.0,6461.0
6667,2022-01-31,West North Central,30701.0,3356.0,35757.42857142857,67047.0,47317.0
6676,2022-02-01,West North Central,39627.0,30701.0,31840.285714285714,56548.0,67047.0
6685,2022-02-02,West North Central,28684.0,39627.0,27859.714285714286,32076.0,56548.0
6694,2022-02-03,West North Central,16181.0,28684.0,25589.0,42470.0,32076.0
6703,2022-02-04,West North Central,17132.0,16181.0,21969.285714285714,18104.0,42470.0
6712,2022-02-05,West North Central,8222.0,17132.0,20557.571428571428,3356.0,18104.0
6721,2022-02-06,West North Central,1694.0,8222.0,20320.14285714286,30701.0,3356.0
6730,2022-02-07,West North Central,15849.0,1694.0,18198.428571428572,39627.0,30701.0
6739,2022-02-08,West North Central,19998.0,15849.0,15394.285714285714,28684.0,39627.0
6748,2022-02-09,West North Central,17237.0,19998.0,13759.0,16181.0,28684.0
6757,2022-02-10,West North Central,14216.0,17237.0,13478.285714285714,17132.0,16181.0
6766,2022-02-11,West North Central,7347.0,14216.0,12080.42857142857,8222.0,17132.0
6775,2022-02-12,West North Central,3529.0,7347.0,11410.0,1694.0,8222.0
6784,2022-02-13,West North Central,200.0,3529.0,11196.57142857143,15849.0,1694.0
6793,2022-02-14,West North Central,17106.0,200.0,11376.142857142857,19998.0,15849.0
6802,2022-02-15,West North Central,11975.0,17106.0,10230.0,17237.0,19998.0
6811,2022-02-16,West North Central,8398.0,11975.0,8967.285714285714,14216.0,17237.0
6820,2022-02-17,West North Central,5723.0,8398.0,7754.0,7347.0,14216.0
6829,2022-02-18,West North Central,6164.0,5723.0,7585.0,3529.0,7347.0
6838,2022-02-19,West North Central,2226.0,6164.0,7398.857142857143,200.0,3529.0
6847,2022-02-20,West North Central,113.0,2226.0,7386.428571428572,17106.0,200.0
6856,2022-02-21,West North Central,1330.0,113.0,5132.714285714285,11975.0,17106.0
6865,2022-02-22,West North Central,7345.0,1330.0,4471.285714285715,8398.0,11975.0
6874,2022-02-23,West North Central,8436.0,7345.0,4476.714285714285,5723.0,8398.0
6883,2022-02-24,West North Central,3116.0,8436.0,4104.285714285715,6164.0,5723.0
6892,2022-02-25,West North Central,3700.0,3116.0,3752.285714285714,2226.0,6164.0
6901,2022-02-26,West North Central,993.0,3700.0,3576.1428571428573,113.0,2226.0
6910,2022-02-27,West North Central,94.0,993.0,3573.4285714285716,1330.0,113.0
6919,2022-02-28,West North Central,25160.0,94.0,6977.714285714285,7345.0,1330.0
6928,2022-03-01,West North Central,8564.0,25160.0,7151.857142857143,8436.0,7345.0
6937,2022-03-02,West North Central,3045.0,8564.0,6381.714285714285,3116.0,8436.0
6946,2022-03-03,West North Central,2565.0,3045.0,6303.0,3700.0,3116.0
6955,2022-03-04,West North Central,2373.0,2565.0,6113.428571428572,993.0,3700.0
6964,2022-03-05,West North Central,681.0,2373.0,6068.857142857143,94.0,993.0
6973,2022-03-06,West North Central,51.0,681.0,6062.714285714285,25160.0,94.0
6982,2022-03-07,West North Central,2560.0,51.0,2834.1428571428573,8564.0,25160.0
6991,2022-03-08,West North Central,3012.0,2560.0,2041.0,3045.0,8564.0
7000,2022-03-09,West North Central,2203.0,3012.0,1920.7142857142858,2565.0,3045.0
7009,2022-03-10,West North Central,1586.0,2203.0,1780.857142857143,2373.0,2565.0
7018,2022-03-11,West North Central,1558.0,1586.0,1664.4285714285713,681.0,2373.0
7027,2022-03-12,West North Central,482.0,1558.0,1636.0,51.0,681.0
7036,2022-03-13,West North Central,27.0,482.0,1632.5714285714287,2560.0,51.0
7045,2022-03-14,West North Central,1825.0,27.0,1527.5714285714287,3012.0,2560.0
7054,2022-03-15,West North Central,1447.0,1825.0,1304.0,2203.0,3012.0
7063,2022-03-16,West North Central,2009.0,1447.0,1276.2857142857142,1586.0,2203.0
7072,2022-03-17,West North Central,1094.0,2009.0,1206.0,1558.0,1586.0
7081,2022-03-18,West North Central,1260.0,1094.0,1163.4285714285713,482.0,1558.0
7090,2022-03-19,West North Central,221.0,1260.0,1126.142857142857,27.0,482.0
7099,2022-03-20,West North Central,0.0,221.0,1122.2857142857142,1825.0,27.0
7108,2022-03-21,West North Central,1272.0,0.0,1043.2857142857142,1447.0,1825.0
7117,2022-03-22,West North Central,1826.0,1272.0,1097.4285714285713,2009.0,1447.0
7126,2022-03-23,West North Central,1203.0,1826.0,982.2857142857143,1094.0,2009.0
7135,2022-03-24,West North Central,1122.0,1203.0,986.2857142857143,1260.0,1094.0
7144,2022-03-25,West North Central,1345.0,1122.0,998.4285714285714,221.0,1260.0
7153,2022-03-26,West North Central,261.0,1345.0,1004.1428571428571,0.0,221.0
7162,2022-03-27,West North Central,19.0,261.0,1006.8571428571429,1272.0,0.0
7171,2022-03-28,West North Central,2064.0,19.0,1120.0,1826.0,1272.0
7180,2022-03-29,West North Central,1634.0,2064.0,1092.5714285714287,1203.0,1826.0
7189,2022-03-30,West North Central,1316.0,1634.0,1108.7142857142858,1122.0,1203.0
7198,2022-03-31,West North Central,1119.0,1316.0,1108.2857142857142,1345.0,1122.0
7207,2022-04-01,West North Central,898.0,1119.0,1044.4285714285713,261.0,1345.0
7216,2022-04-02,West North Central,583.0,898.0,1090.4285714285713,19.0,261.0
7225,2022-04-03,West North Central,0.0,583.0,1087.7142857142858,2064.0,19.0
7234,2022-04-04,West North Central,799.0,0.0,907.0,1634.0,2064.0
7243,2022-04-05,West North Central,1380.0,799.0,870.7142857142857,1316.0,1634.0
7252,2022-04-06,West North Central,991.0,1380.0,824.2857142857143,1119.0,1316.0
7261,2022-04-07,West North Central,1481.0,991.0,876.0,898.0,1119.0
7270,2022-04-08,West North Central,1497.0,1481.0,961.5714285714286,583.0,898.0
7279,2022-04-09,West North Central,245.0,1497.0,913.2857142857143,0.0,583.0
7288,2022-04-10,West North Central,70.0,245.0,923.2857142857143,799.0,0.0
7297,2022-04-11,West North Central,1223.0,70.0,983.8571428571429,1380.0,799.0
7306,2022-04-12,West North Central,1911.0,1223.0,1059.7142857142858,991.0,1380.0
7315,2022-04-13,West North Central,1354.0,1911.0,1111.5714285714287,1481.0,991.0
7324,2022-04-14,West North Central,1282.0,1354.0,1083.142857142857,1497.0,1481.0
7333,2022-04-15,West North Central,2306.0,1282.0,1198.7142857142858,245.0,1497.0
7342,2022-04-16,West North Central,404.0,2306.0,1221.4285714285713,70.0,245.0
7351,2022-04-17,West North Central,-1.0,404.0,1211.2857142857142,1223.0,70.0
7360,2022-04-18,West North Central,1478.0,-1.0,1247.7142857142858,1911.0,1223.0
7369,2022-04-19,West North Central,2600.0,1478.0,1346.142857142857,1354.0,1911.0
7378,2022-04-20,West North Central,1798.0,2600.0,1409.5714285714287,1282.0,1354.0
7387,2022-04-21,West North Central,2017.0,1798.0,1514.5714285714287,2306.0,1282.0
7396,2022-04-22,West North Central,3114.0,2017.0,1630.0,404.0,2306.0
7405,2022-04-23,West North Central,549.0,3114.0,1650.7142857142858,-1.0,404.0
7414,2022-04-24,West North Central,0.0,549.0,1650.857142857143,1478.0,-1.0
7423,2022-04-25,West North Central,1995.0,0.0,1724.7142857142858,2600.0,1478.0
7432,2022-04-26,West North Central,3626.0,1995.0,1871.2857142857142,1798.0,2600.0
7441,2022-04-27,West North Central,2711.0,3626.0,2001.7142857142858,2017.0,1798.0
7450,2022-04-28,West North Central,2698.0,2711.0,2099.0,3114.0,2017.0
7459,2022-04-29,West North Central,4125.0,2698.0,2243.4285714285716,549.0,3114.0
7468,2022-04-30,West North Central,605.0,4125.0,2251.4285714285716,0.0,549.0
7477,2022-05-01,West North Central,0.0,605.0,2251.4285714285716,1995.0,0.0
7486,2022-05-02,West North Central,3690.0,0.0,2493.5714285714284,3626.0,1995.0
7495,2022-05-03,West North Central,4345.0,3690.0,2596.285714285714,2711.0,3626.0
7504,2022-05-04,West North Central,4145.0,4345.0,2801.1428571428573,2698.0,2711.0
7513,2022-05-05,West North Central,9914.0,4145.0,3832.0,4125.0,2698.0
7522,2022-05-06,West North Central,7543.0,9914.0,4320.285714285715,605.0,4125.0
7531,2022-05-07,West North Central,1103.0,7543.0,4391.428571428572,0.0,605.0
7540,2022-05-08,West North Central,0.0,1103.0,4391.428571428572,3690.0,0.0
7549,2022-05-09,West North Central,3824.0,0.0,4410.571428571428,4345.0,3690.0
7558,2022-05-10,West North Central,7482.0,3824.0,4858.714285714285,4145.0,4345.0
7567,2022-05-11,West North Central,4241.0,7482.0,4872.428571428572,9914.0,4145.0
7576,2022-05-12,West North Central,4264.0,4241.0,4065.285714285714,7543.0,9914.0
7585,2022-05-13,West North Central,9646.0,4264.0,4365.714285714285,1103.0,7543.0
7594,2022-05-14,West North Central,1260.0,9646.0,4388.142857142857,0.0,1103.0
7603,2022-05-15,West North Central,0.0,1260.0,4388.142857142857,3824.0,0.0
7612,2022-05-16,West North Central,3829.0,0.0,4388.857142857143,7482.0,3824.0
7621,2022-05-17,West North Central,7670.0,3829.0,4415.714285714285,4241.0,7482.0
7630,2022-05-18,West North Central,6128.0,7670.0,4685.285714285715,4264.0,4241.0
7639,2022-05-19,West North Central,3971.0,6128.0,4643.428571428572,9646.0,4264.0
7648,2022-05-20,West North Central,7533.0,3971.0,4341.571428571428,1260.0,9646.0
7657,2022-05-21,West North Central,1358.0,7533.0,4355.571428571428,0.0,1260.0
7666,2022-05-22,West North Central,0.0,1358.0,4355.571428571428,3829.0,0.0
7675,2022-05-23,West North Central,3346.0,0.0,4286.571428571428,7670.0,3829.0
7684,2022-05-24,West North Central,6043.0,3346.0,4054.1428571428573,6128.0,7670.0
7693,2022-05-25,West North Central,8376.0,6043.0,4375.285714285715,3971.0,6128.0
7702,2022-05-26,West North Central,3825.0,8376.0,4354.428571428572,7533.0,3971.0
7711,2022-05-27,West North Central,8463.0,3825.0,4487.285714285715,1358.0,7533.0
7720,2022-05-28,West North Central,-1.0,8463.0,4293.142857142857,0.0,1358.0
7729,2022-05-29,West North Central,0.0,-1.0,4293.142857142857,3346.0,0.0
7738,2022-05-30,West North Central,0.0,0.0,3815.1428571428573,6043.0,3346.0
7747,2022-05-31,West North Central,8239.0,0.0,4128.857142857143,8376.0,6043.0
7756,2022-06-01,West North Central,7695.0,8239.0,4031.5714285714284,3825.0,8376.0
7765,2022-06-02,West North Central,7194.0,7695.0,4512.857142857143,8463.0,3825.0
7774,2022-06-03,West North Central,8536.0,7194.0,4523.285714285715,-1.0,8463.0
7783,2022-06-04,West North Central,1555.0,8536.0,4745.571428571428,0.0,-1.0
7792,2022-06-05,West North Central,0.0,1555.0,4745.571428571428,0.0,0.0
7801,2022-06-06,West North Central,3274.0,0.0,5213.285714285715,8239.0,0.0
7810,2022-06-07,West North Central,8934.0,3274.0,5312.571428571428,7695.0,8239.0
7819,2022-06-08,West North Central,9526.0,8934.0,5574.142857142857,7194.0,7695.0
7828,2022-06-09,West North Central,3293.0,9526.0,5016.857142857143,8536.0,7194.0
7837,2022-06-10,West North Central,9849.0,3293.0,5204.428571428572,1555.0,8536.0
7846,2022-06-11,West North Central,1231.0,9849.0,5158.142857142857,0.0,1555.0
7855,2022-06-12,West North Central,0.0,1231.0,5158.142857142857,3274.0,0.0
7864,2022-06-13,West North Central,2928.0,0.0,5108.714285714285,8934.0,3274.0
7873,2022-06-14,West North Central,6847.0,2928.0,4810.571428571428,9526.0,8934.0
7882,2022-06-15,West North Central,8561.0,6847.0,4672.714285714285,3293.0,9526.0
7891,2022-06-16,West North Central,4135.0,8561.0,4793.0,9849.0,3293.0
7900,2022-06-17,West North Central,10129.0,4135.0,4833.0,1231.0,9849.0
7909,2022-06-18,West North Central,0.0,10129.0,4657.142857142857,0.0,1231.0
7918,2022-06-19,West North Central,0.0,0.0,4657.142857142857,2928.0,0.0
7927,2022-06-20,West North Central,218.0,0.0,4270.0,6847.0,2928.0
7936,2022-06-21,West North Central,7652.0,218.0,4385.0,8561.0,6847.0
7945,2022-06-22,West North Central,9266.0,7652.0,4485.714285714285,4135.0,8561.0
7954,2022-06-23,West North Central,6592.0,9266.0,4836.714285714285,10129.0,4135.0
7963,2022-06-24,West North Central,10670.0,6592.0,4914.0,0.0,10129.0
7972,2022-06-25,West North Central,1334.0,10670.0,5104.571428571428,0.0,0.0
7981,2022-06-26,West North Central,0.0,1334.0,5104.571428571428,218.0,0.0
7990,2022-06-27,West North Central,3513.0,0.0,5575.285714285715,7652.0,218.0
7999,2022-06-28,West North Central,4278.0,3513.0,5093.285714285715,9266.0,7652.0
8008,2022-06-29,West North Central,11152.0,4278.0,5362.714285714285,6592.0,9266.0
8017,2022-06-30,West North Central,4520.0,11152.0,5066.714285714285,10670.0,6592.0
8026,2022-07-01,West North Central,9962.0,4520.0,4965.571428571428,1334.0,10670.0
8035,2022-07-02,West North Central,1.0,9962.0,4775.142857142857,0.0,1334.0
8044,2022-07-03,West North Central,0.0,1.0,4775.142857142857,3513.0,0.0
8053,2022-07-04,West North Central,0.0,0.0,4273.285714285715,4278.0,3513.0
8062,2022-07-05,West North Central,5034.0,0.0,4381.285714285715,11152.0,4278.0
8071,2022-07-06,West North Central,8646.0,5034.0,4023.285714285714,4520.0,11152.0
8080,2022-07-07,West North Central,12902.0,8646.0,5220.714285714285,9962.0,4520.0
8089,2022-07-08,West North Central,10544.0,12902.0,5303.857142857143,1.0,9962.0
8098,2022-07-09,West North Central,0.0,10544.0,5303.714285714285,0.0,1.0
8107,2022-07-10,West North Central,0.0,0.0,5303.714285714285,0.0,0.0
8116,2022-07-11,West North Central,3786.0,0.0,5844.571428571428,5034.0,0.0
8125,2022-07-12,West North Central,4772.0,3786.0,5807.142857142857,8646.0,5034.0
8134,2022-07-13,West North Central,12035.0,4772.0,6291.285714285715,12902.0,8646.0
8143,2022-07-14,West North Central,11740.0,12035.0,6125.285714285715,10544.0,12902.0
8152,2022-07-15,West North Central,12274.0,11740.0,6372.428571428572,0.0,10544.0
8161,2022-07-16,West North Central,0.0,12274.0,6372.428571428572,0.0,0.0
8170,2022-07-17,West North Central,0.0,0.0,6372.428571428572,3786.0,0.0
8179,2022-07-18,West North Central,3281.0,0.0,6300.285714285715,4772.0,3786.0
8188,2022-07-19,West North Central,4563.0,3281.0,6270.428571428572,12035.0,4772.0
8197,2022-07-20,West North Central,12451.0,4563.0,6329.857142857143,11740.0,12035.0
8206,2022-07-21,West North Central,11936.0,12451.0,6357.857142857143,12274.0,11740.0
8215,2022-07-22,West North Central,11793.0,11936.0,6289.142857142857,0.0,12274.0
8224,2022-07-23,West North Central,0.0,11793.0,6289.142857142857,0.0,0.0
8233,2022-07-24,West North Central,0.0,0.0,6289.142857142857,3281.0,0.0
8242,2022-07-25,West North Central,3682.0,0.0,6346.428571428572,4563.0,3281.0
8251,2022-07-26,West North Central,5329.0,3682.0,6455.857142857143,12451.0,4563.0
8260,2022-07-27,West North Central,12058.0,5329.0,6399.714285714285,11936.0,12451.0
8269,2022-07-28,West North Central,12247.0,12058.0,6444.142857142857,11793.0,11936.0
8278,2022-07-29,West North Central,11866.0,12247.0,6454.571428571428,0.0,11793.0
8287,2022-07-30,West North Central,0.0,11866.0,6454.571428571428,0.0,0.0
8296,2022-07-31,West North Central,0.0,0.0,6454.571428571428,3682.0,0.0
8305,2022-08-01,West North Central,2457.0,0.0,6279.571428571428,5329.0,3682.0
8314,2022-08-02,West North Central,481.0,2457.0,5587.0,12058.0,5329.0
8323,2022-08-03,West North Central,15850.0,481.0,6128.714285714285,12247.0,12058.0
8332,2022-08-04,West North Central,12788.0,15850.0,6206.0,11866.0,12247.0
8341,2022-08-05,West North Central,10628.0,12788.0,6029.142857142857,0.0,11866.0
8350,2022-08-06,West North Central,-1.0,10628.0,6029.0,0.0,0.0
8359,2022-08-07,West North Central,0.0,-1.0,6029.0,2457.0,0.0
8368,2022-08-08,West North Central,2735.0,0.0,6068.714285714285,481.0,2457.0
8377,2022-08-09,West North Central,3834.0,2735.0,6547.714285714285,15850.0,481.0
8386,2022-08-10,West North Central,10106.0,3834.0,5727.142857142857,12788.0,15850.0
8395,2022-08-11,West North Central,11413.0,10106.0,5530.714285714285,10628.0,12788.0
8404,2022-08-12,West North Central,9275.0,11413.0,5337.428571428572,-1.0,10628.0
8413,2022-08-13,West North Central,0.0,9275.0,5337.571428571428,0.0,-1.0
8422,2022-08-14,West North Central,0.0,0.0,5337.571428571428,2735.0,0.0
8431,2022-08-15,West North Central,2392.0,0.0,5288.571428571428,3834.0,2735.0
8440,2022-08-16,West North Central,4996.0,2392.0,5454.571428571428,10106.0,3834.0
8449,2022-08-17,West North Central,10578.0,4996.0,5522.0,11413.0,10106.0
8458,2022-08-18,West North Central,10928.0,10578.0,5452.714285714285,9275.0,11413.0
8467,2022-08-19,West North Central,8941.0,10928.0,5405.0,0.0,9275.0
8476,2022-08-20,West North Central,-1.0,8941.0,5404.857142857143,0.0,0.0
8485,2022-08-21,West North Central,0.0,-1.0,5404.857142857143,2392.0,0.0
8494,2022-08-22,West North Central,2698.0,0.0,5448.571428571428,4996.0,2392.0
8503,2022-08-23,West North Central,4193.0,2698.0,5333.857142857143,10578.0,4996.0
8512,2022-08-24,West North Central,8954.0,4193.0,5101.857142857143,10928.0,10578.0
8521,2022-08-25,West North Central,10944.0,8954.0,5104.142857142857,8941.0,10928.0
8530,2022-08-26,West North Central,8282.0,10944.0,5010.0,-1.0,8941.0
8539,2022-08-27,West North Central,0.0,8282.0,5010.142857142857,0.0,-1.0
8548,2022-08-28,West North Central,270.0,0.0,5048.714285714285,2698.0,0.0
8557,2022-08-29,West North Central,2405.0,270.0,5006.857142857143,4193.0,2698.0
8566,2022-08-30,West North Central,3148.0,2405.0,4857.571428571428,8954.0,4193.0
8575,2022-08-31,West North Central,10140.0,3148.0,5027.0,10944.0,8954.0
8584,2022-09-01,West North Central,10114.0,10140.0,4908.428571428572,8282.0,10944.0
8593,2022-09-02,West North Central,8866.0,10114.0,4991.857142857143,0.0,8282.0
8602,2022-09-03,West North Central,2.0,8866.0,4992.142857142857,270.0,0.0
8611,2022-09-04,West North Central,27.0,2.0,4957.428571428572,2405.0,270.0
8620,2022-09-05,West North Central,263.0,27.0,4651.428571428572,3148.0,2405.0
8629,2022-09-06,West North Central,5092.0,263.0,4929.142857142857,10140.0,3148.0
8638,2022-09-07,West North Central,7131.0,5092.0,4499.285714285715,10114.0,10140.0
8647,2022-09-08,West North Central,7920.0,7131.0,4185.857142857143,8866.0,10114.0
8656,2022-09-09,West North Central,8095.0,7920.0,4075.714285714286,2.0,8866.0
8665,2022-09-10,West North Central,0.0,8095.0,4075.4285714285716,27.0,2.0
8674,2022-09-11,West North Central,0.0,0.0,4071.5714285714284,263.0,27.0
8683,2022-09-12,West North Central,2333.0,0.0,4367.285714285715,5092.0,263.0
8692,2022-09-13,West North Central,2379.0,2333.0,3979.714285714286,7131.0,5092.0
8701,2022-09-14,West North Central,8028.0,2379.0,4107.857142857143,7920.0,7131.0
8710,2022-09-15,West North Central,7035.0,8028.0,3981.4285714285716,8095.0,7920.0
